config_id,block,payoff,ratio_b5,ratio_V1,V2_median,V2_q10,V2_q90,n_cal,n_test
Exp01-A,Exp01,ATM,0.9801,0.9800981073404171,1.0001721005059694,1.0000032694510748,1.000598976062701,150,50
Exp01-A,Exp01,OTM_K110,0.9819,0.9819250082383257,1.0001024310744986,1.0000299717764591,1.0004450091241635,150,50
Exp01-A,Exp01,OTM_K125,0.9831,0.9831376782548945,1.000025128352648,1.0000019221404362,1.0002251930871173,150,50
Exp01-B,Exp01,ATM,0.9858,0.9858230474080473,1.0000762014071758,1.0000163795017245,1.0006151653956228,150,50
Exp01-B,Exp01,OTM_K110,0.9873,0.9872945382530055,1.000067039463726,1.000005230457459,1.0002234756261381,150,50
Exp01-B,Exp01,OTM_K125,0.9879,0.9879304681157798,1.0001124053416697,1.0000334808268978,1.0004380284685168,150,50
Exp01-C,Exp01,ATM,0.975,0.9750234854577433,1.0001447446352698,1.0000222189869719,1.0003563889688456,150,50
Exp01-C,Exp01,OTM_K110,0.977,0.9770321439591878,1.0000647467946155,1.0000130774089238,1.0003003229112442,150,50
Exp01-C,Exp01,OTM_K125,0.9783,0.9782799925677937,1.000054867187183,1.0000003084351834,1.0003331617518105,150,50
Exp01-D,Exp01,ATM,0.9693,0.9692644458104419,1.0000581998381275,1.0000005056028354,1.000323410169913,150,50
Exp01-D,Exp01,OTM_K110,0.9714,0.9714182067420337,1.000044220790806,1.0000068101553208,1.000218519592277,150,50
Exp01-D,Exp01,OTM_K125,0.9735,0.9735009876932809,1.0000265306457787,1.0000029835644595,1.0001055679558095,150,50
Exp01-E,Exp01,ATM,0.9977,0.9976776703406413,1.0000110413836885,1.0000002092064624,1.000049099758344,150,50
Exp01-E,Exp01,OTM_K110,0.9972,0.9972417997922352,1.0000094610032628,1.0000003683666183,1.0000432190359596,150,50
Exp01-E,Exp01,OTM_K125,0.9971,0.9970947739001695,1.0000139948341193,1.0000003204631067,1.000039743629071,150,50
Exp02-A,Exp02,ATM,0.9801,0.9800981073404171,1.0000421844350627,1.0000041084983353,1.0001571451063642,150,50
Exp02-A,Exp02,OTM_K110,0.9819,0.9819250082383257,1.0000367365888185,1.0000019229699637,1.000234984861264,150,50
Exp02-A,Exp02,OTM_K125,0.9831,0.9831376782548945,1.0001168126644768,1.0000052478893033,1.0003015879692918,150,50
Exp02-B,Exp02,ATM,0.9858,0.9858230474080473,1.000059127008808,1.0000129239019901,1.0002555268059374,150,50
Exp02-B,Exp02,OTM_K110,0.9873,0.9872945382530055,1.0000996959938853,1.0000035835612313,1.000661037872137,150,50
Exp02-B,Exp02,OTM_K125,0.9879,0.9879304681157798,1.0000636013148527,1.0000049866800549,1.0003593180168147,150,50
Exp02-C,Exp02,ATM,0.975,0.9750234854577433,1.0000811416306068,1.0000002386575337,1.0005311368103946,150,50
Exp02-C,Exp02,OTM_K110,0.977,0.9770321439591878,1.000145737414305,1.0000010788908227,1.000275964519305,150,50
Exp02-C,Exp02,OTM_K125,0.9783,0.9782799925677937,1.0000845308305286,1.0000021789961693,1.0003049159793653,150,50
Exp02-D,Exp02,ATM,0.9693,0.9692644458104419,1.0000628873704291,1.0000155913966544,1.000220753138878,150,50
Exp02-D,Exp02,OTM_K110,0.9714,0.9714182067420337,1.0000383509814263,1.0000024089351303,1.0002856531017128,150,50
Exp02-D,Exp02,OTM_K125,0.9735,0.9735009876932809,1.0000652492050686,1.0000048963499117,1.0001837634789423,150,50
Exp02-E,Exp02,ATM,0.9977,0.9976776703406413,1.0000112456005632,1.000000138115629,1.000051990783852,150,50
Exp02-E,Exp02,OTM_K110,0.9972,0.9972417997922352,1.0000026978485848,1.0000000765938593,1.0000358982033897,150,50
Exp02-E,Exp02,OTM_K125,0.9971,0.9970947739001695,1.000011316179147,1.0000003984164052,1.0000336678265402,150,50
Exp02-F1,Exp02,ATM,0.9757,0.9757276964060851,1.0000774578567782,1.0000043061767152,1.0004660698813737,150,50
Exp02-F1,Exp02,OTM_K110,0.9777,0.9777126005700625,1.0000603669184625,1.0000017547180309,1.0002206093141264,150,50
Exp02-F1,Exp02,OTM_K125,0.979,0.9790268283393048,1.0000577934946797,1.0000032213864496,1.0003815723766425,150,50
Exp02-F2,Exp02,ATM,0.9755,0.9754850622111836,1.0001401966803103,1.0000102071461436,1.0005248881098407,150,50
Exp02-F2,Exp02,OTM_K110,0.9775,0.9775232045421309,1.0002081738187294,1.0000079358815828,1.0007124660198023,150,50
Exp02-F2,Exp02,OTM_K125,0.9789,0.9788970374309938,1.0000811911120167,1.0000033901594754,1.0003766741814573,150,50
Exp02-F3,Exp02,ATM,0.9759,0.9758690392321833,1.000066998505976,1.0000006624602098,1.0005348479650802,150,50
Exp02-F3,Exp02,OTM_K110,0.9779,0.9778772729290239,1.0000295441591436,1.000000452514007,1.0001283389817661,150,50
Exp02-F3,Exp02,OTM_K125,0.9793,0.979255373395141,1.00007742336621,1.000004078230234,1.0003837507218416,150,50
Exp02-F4,Exp02,ATM,0.9771,0.977095764021754,1.0000683924678875,1.000005901642604,1.0004416232875046,150,50
Exp02-F4,Exp02,OTM_K110,0.979,0.9790459048627264,1.0001121063691352,1.0000102366367054,1.0005745674513353,150,50
Exp02-F4,Exp02,OTM_K125,0.9804,0.9804154388447823,1.0000846915897426,1.0000038494915653,1.0002714462513855,150,50
Exp02-F5,Exp02,ATM,0.9781,0.9781375667150453,1.0000632878398368,1.0000089779148313,1.000440622039511,150,50
Exp02-F5,Exp02,OTM_K110,0.9801,0.9800539589083964,1.0000590014597737,1.0000048349342696,1.0004591480411031,150,50
Exp02-F5,Exp02,OTM_K125,0.9814,0.9813925408233897,1.0000677712849873,1.0000120776027277,1.0003381347221258,150,50
Exp02-G1,Exp02,ATM,1.005,1.0049067971731664,1.000405155971338,0.9999084201026336,1.0023662879878992,150,50
Exp02-G1,Exp02,OTM_K110,1.0094,1.0093549065178378,1.0009023960294163,0.9999589090897105,1.0031713640680695,150,50
Exp02-G1,Exp02,OTM_K125,1.0114,1.0114213316126577,1.0012081944249487,1.0000589970005738,1.0036711320960898,150,50
Exp02-G2,Exp02,ATM,0.9676,0.9581077432107308,1.0057328127808018,0.996809028248029,1.0094587578900573,150,50
Exp02-G2,Exp02,OTM_K110,0.9977,0.9954457404572045,1.0055427845945946,1.0032874191950005,1.0092237228082466,150,50
Exp02-G2,Exp02,OTM_K125,1.0115,1.011383226461551,1.000015462973068,0.9996764991897787,1.0042349174228533,150,50
Exp02-G3,Exp02,ATM,1.0026,1.0026165139310423,1.0000997354480825,1.0000035542906633,1.0003527987073706,150,50
Exp02-G3,Exp02,OTM_K110,1.0043,1.0043381575781578,1.000045360414243,1.0000008977506407,1.0001524893324738,150,50
Exp02-G3,Exp02,OTM_K125,1.0054,1.0053922265920558,1.0000528975117295,1.0000012354079633,1.0005325954390232,150,50
Exp03-AA-A,Exp03,ATM,0.9801,0.9800981073404171,1.0000714644978614,1.0000018633608432,1.0004186744372434,150,50
Exp03-AA-A,Exp03,OTM_K110,0.9819,0.9819250082383257,1.0000875570016012,1.000010640025375,1.0002764292004545,150,50
Exp03-AA-A,Exp03,OTM_K125,0.9831,0.9831376782548945,1.0001333653905604,1.0000104605864677,1.000438288477891,150,50
Exp03-AA-B,Exp03,ATM,0.9858,0.9858230474080473,1.0000824388223961,1.0000001690905218,1.0004335956654675,150,50
Exp03-AA-B,Exp03,OTM_K110,0.9873,0.9872945382530055,1.0001170430220245,1.0000175580800232,1.0002850977348108,150,50
Exp03-AA-B,Exp03,OTM_K125,0.9879,0.9879304681157798,1.000063510739707,1.000013173401957,1.0006161516535574,150,50
Exp03-AA-C,Exp03,ATM,0.975,0.9750234854577433,1.0001214462829187,1.0000048643573045,1.0008467337861413,150,50
Exp03-AA-C,Exp03,OTM_K110,0.977,0.9770321439591878,1.0000680961715576,1.0000014365199539,1.0006517255687566,150,50
Exp03-AA-C,Exp03,OTM_K125,0.9783,0.9782799925677937,1.0000916515267144,1.0000001708671633,1.0003314259837612,150,50
Exp03-AA-D,Exp03,ATM,0.9693,0.9692644458104419,1.0000605345229312,1.0000019583816522,1.0002150292015284,150,50
Exp03-AA-D,Exp03,OTM_K110,0.9714,0.9714182067420337,1.0000655076568143,1.0000008780303082,1.0002033070220895,150,50
Exp03-AA-D,Exp03,OTM_K125,0.9735,0.9735009876932809,1.0000454377387955,1.0000019230046502,1.0003223555185146,150,50
Exp03-AA-E,Exp03,ATM,0.9977,0.9976776703406413,1.000009233502962,1.00000061335027,1.0000495334511361,150,50
Exp03-AA-E,Exp03,OTM_K110,0.9972,0.9972417997922352,1.0000051505587826,1.000000169613073,1.0000549732917186,150,50
Exp03-AA-E,Exp03,OTM_K125,0.9971,0.9970947739001695,1.0000093780911303,1.0000009310007556,1.0000387775556183,150,50
Exp03-AB1-A,Exp03,ATM,1.0988,1.380210463163892,1.0386468621874319,0.9984790016255579,1.1750593242550826,24,6
Exp03-AB1-A,Exp03,OTM_K110,1.0913,1.486012903086558,1.0563359309973028,0.9823634678002462,1.0939951611386933,24,6
Exp03-AB1-A,Exp03,OTM_K125,0.9933,1.4145416179617507,1.0769451647735382,1.000533038089922,1.1274812073930303,24,6
Exp03-AB1-B,Exp03,ATM,1.0968,1.2637587519925433,1.0528989465443566,1.0016313880790846,1.1696447259935163,24,6
Exp03-AB1-B,Exp03,OTM_K110,1.0451,1.232402875572042,1.0721953365403187,1.0176780595287818,1.2108155529508855,24,6
Exp03-AB1-B,Exp03,OTM_K125,0.9473,1.116889743639131,1.0564843084798683,1.0065918508171832,1.1181027931740293,24,6
Exp03-AB1-C,Exp03,ATM,1.0981,1.1442908472818605,1.0307036449926268,1.0024795589772304,1.1700022754955823,24,6
Exp03-AB1-C,Exp03,OTM_K110,1.0331,1.0768561445021374,1.0039608690592878,0.9957156909436591,1.0629856320887163,24,6
Exp03-AB1-C,Exp03,OTM_K125,0.9458,0.9808508397030162,1.014825168200196,0.994376807585365,1.0456139451992035,24,6
Exp03-AB1-D,Exp03,ATM,1.0308,1.0308775329580735,1.001548683366447,1.0000107645058254,1.0170038084415187,24,6
Exp03-AB1-D,Exp03,OTM_K110,1.0086,1.0086019741007466,1.000917591352954,1.0000380532682625,1.0106403617992141,24,6
Exp03-AB1-D,Exp03,OTM_K125,0.9776,0.9776208025499935,1.0045565284269813,1.0002840205554369,1.0086013846689301,24,6
Exp03-AB1-E,Exp03,ATM,1.0526,1.0526033095883691,1.0000953305388256,1.0000198519572185,1.0003483083249929,24,6
Exp03-AB1-E,Exp03,OTM_K110,1.0413,1.0413022707157942,1.0001412249191906,1.0000049705771308,1.0004575160970857,24,6
Exp03-AB1-E,Exp03,OTM_K125,1.0284,1.0284040489733237,1.0000904521711802,1.000018882585704,1.0006319757701627,24,6
Exp03-AB2-A,Exp03,ATM,0.9683,0.9683327716123898,1.00196680122261,1.000142849993655,1.0130052921816213,24,6
Exp03-AB2-A,Exp03,OTM_K110,0.9512,0.9512739264214539,1.0041139142494484,1.0006254959196181,1.0179092817198785,24,6
Exp03-AB2-A,Exp03,OTM_K125,0.9283,0.92844049705608,1.0027247312874914,1.0001955650213552,1.0226938809980395,24,6
Exp03-AB2-B,Exp03,ATM,0.9772,0.9772076633030353,1.00112150480367,1.0003492413154742,1.0086030792092398,24,6
Exp03-AB2-B,Exp03,OTM_K110,0.9626,0.9626245535173378,1.0021419738556139,1.0002186538739144,1.0158286902844935,24,6
Exp03-AB2-B,Exp03,OTM_K125,0.9417,0.9417516810605654,1.0046396643389155,1.0001912883269715,1.0108207490194543,24,6
Exp03-AB2-C,Exp03,ATM,0.9803,0.9802654758075298,1.001027489113195,1.0001174287481895,1.0047444863640598,24,6
Exp03-AB2-C,Exp03,OTM_K110,0.9681,0.9681289427208848,1.0022620789574295,1.0006045435428048,1.0165202181028716,24,6
Exp03-AB2-C,Exp03,OTM_K125,0.95,0.9500165810585158,1.0007795401799169,1.0000307122551804,1.0075263535608514,24,6
Exp03-AB2-D,Exp03,ATM,0.9663,0.966272256920142,1.0013444770264908,1.0000232508346423,1.0092134353902176,24,6
Exp03-AB2-D,Exp03,OTM_K110,0.9602,0.9602380570296107,1.0008379115667971,1.0000199100806675,1.007990618548362,24,6
Exp03-AB2-D,Exp03,OTM_K125,0.9502,0.9502379676056212,1.0013598866889166,1.0001492992926626,1.0081943859653093,24,6
Exp03-AB2-E,Exp03,ATM,0.9589,0.9589277679720855,1.0005111828529714,1.0002090737208214,1.0020834738706834,24,6
Exp03-AB2-E,Exp03,OTM_K110,0.9572,0.9572214870238679,1.001106375809867,1.000028168609149,1.0025192382991341,24,6
Exp03-AB2-E,Exp03,OTM_K125,0.9533,0.9532906975592632,1.0007718938594232,1.000119381444186,1.0028922769570277,24,6
Exp03-AB3-A,Exp03,ATM,1.0649,1.0552676031394197,1.05314019123437,1.0075542945007196,1.1859708447921338,24,6
Exp03-AB3-A,Exp03,OTM_K110,0.9728,0.9929734736531723,1.0239109417028387,0.9858940128392376,1.1546513265558498,24,6
Exp03-AB3-A,Exp03,OTM_K125,0.8926,0.9033344450258937,1.0305476724604492,0.976629277459283,1.0989566250470417,24,6
Exp03-AB3-B,Exp03,ATM,0.9923,0.9719932397048883,0.9997337171634504,0.9773506725461849,1.0308626633949631,24,6
Exp03-AB3-B,Exp03,OTM_K110,0.9233,0.917663469367762,1.0102421312156329,0.9703039878921359,1.157851163518328,24,6
Exp03-AB3-B,Exp03,OTM_K125,0.8611,0.8562885133279331,0.9884605913579472,0.9637764810516127,1.0810081926419455,24,6
Exp03-AB3-C,Exp03,ATM,1.0116,1.0056690283376104,1.001850547159132,0.9944829868648245,1.0616821592087637,24,6
Exp03-AB3-C,Exp03,OTM_K110,0.9675,0.9652411313282465,1.006165772953684,0.9969020348586675,1.0510234360873323,24,6
Exp03-AB3-C,Exp03,OTM_K125,0.9347,0.9335273884341461,1.0041288797950498,0.9987648401485509,1.0481627176032828,24,6
Exp03-AB3-D,Exp03,ATM,0.9758,0.9758025781140768,1.0010705259281834,1.0001570175949808,1.0090753099682008,24,6
Exp03-AB3-D,Exp03,OTM_K110,0.9623,0.9622790443138347,1.0014614936646176,1.0001080426513682,1.0069066428527167,24,6
Exp03-AB3-D,Exp03,OTM_K125,0.9505,0.9504594904266296,1.0022164366620596,1.0001988452055663,1.0054891509832669,24,6
Exp03-AB3-E,Exp03,ATM,0.9869,0.986913692862862,1.000294122162173,1.0000260825628127,1.0023115420025253,24,6
Exp03-AB3-E,Exp03,OTM_K110,0.9827,0.9826843391576152,1.0003797245006218,1.0000005480685228,1.0012087176777793,24,6
Exp03-AB3-E,Exp03,OTM_K125,0.9784,0.9783904561208998,1.0005381887217983,1.000037178007258,1.0012122894918345,24,6
Exp03-B1B1-A,Exp03,ATM,0.8992,0.899224347257557,1.0007850836153245,1.0000882045195345,1.0028640648515095,24,6
Exp03-B1B1-A,Exp03,OTM_K110,0.9071,0.9070590809668986,1.0008131432499825,1.0000234263503616,1.0031952655707495,24,6
Exp03-B1B1-A,Exp03,OTM_K125,0.9185,0.9185455811924643,1.000403848872979,1.00007697240339,1.0019817969600124,24,6
Exp03-B1B1-B,Exp03,ATM,0.9006,0.9006344934462976,1.0007890456046444,1.0000315770034947,1.002856734621081,24,6
Exp03-B1B1-B,Exp03,OTM_K110,0.9085,0.9084795595059925,1.000352459704533,1.0000463075141615,1.0024862055091515,24,6
Exp03-B1B1-B,Exp03,OTM_K125,0.9198,0.919760710566149,1.0007505907099614,1.0000427705787533,1.002308326757377,24,6
Exp03-B1B1-C,Exp03,ATM,0.9138,0.9138036409917754,1.000504944445105,1.0000936357922987,1.0052515221837313,24,6
Exp03-B1B1-C,Exp03,OTM_K110,0.9213,0.9213359792080842,1.0002469807601735,1.0000435172408748,1.00211598387525,24,6
Exp03-B1B1-C,Exp03,OTM_K125,0.9317,0.9317309072536897,1.001002417427169,1.0002595427278658,1.0025114681023912,24,6
Exp03-B1B1-D,Exp03,ATM,0.9493,0.949262787703543,1.0006068454306076,1.0000720881183032,1.0028149687981989,24,6
Exp03-B1B1-D,Exp03,OTM_K110,0.9534,0.953424805077703,1.000239370014933,1.0000036333636209,1.0027477423263471,24,6
Exp03-B1B1-D,Exp03,OTM_K125,0.9598,0.9597989827145949,1.0011835710758255,1.0000889690204278,1.0030603061644396,24,6
Exp03-B1B1-E,Exp03,ATM,1.0261,1.0260848448153526,1.0001476494341754,1.000004925873482,1.0010174342314846,24,6
Exp03-B1B1-E,Exp03,OTM_K110,1.0236,1.0235648128876935,1.0000661642573068,1.0000024869534982,1.0005436077826024,24,6
Exp03-B1B1-E,Exp03,OTM_K125,1.0232,1.0232246890416656,1.000035210257154,1.0000045921575347,1.000671320634483,24,6
Exp03-B2B2-A,Exp03,ATM,1.0454,1.0453671591034137,1.000320592968576,1.0000520356492482,1.001766436461366,24,6
Exp03-B2B2-A,Exp03,OTM_K110,1.0434,1.0433545680509222,1.0006654369276151,1.0000354105530491,1.0023488171298125,24,6
Exp03-B2B2-A,Exp03,OTM_K125,1.0358,1.035844530701412,1.00038626359202,1.000032649507155,1.0026967678268355,24,6
Exp03-B2B2-B,Exp03,ATM,1.0372,1.0372059837971326,1.0006484970581653,1.000059659514629,1.0027446670769018,24,6
Exp03-B2B2-B,Exp03,OTM_K110,1.0358,1.0358017558686963,1.000653169221338,1.0000316295942067,1.0020702078966073,24,6
Exp03-B2B2-B,Exp03,OTM_K125,1.0296,1.0295918286700338,1.0002266051708566,1.0000229344169511,1.0021135882583456,24,6
Exp03-B2B2-C,Exp03,ATM,1.0175,1.017531468982608,1.0005868067270103,1.0000011702973592,1.0022309402494203,24,6
Exp03-B2B2-C,Exp03,OTM_K110,1.0175,1.0174718316191655,1.0005829291595436,1.0000155370169788,1.0015553996012407,24,6
Exp03-B2B2-C,Exp03,OTM_K125,1.0138,1.013776363014917,1.0004892797147824,1.0000183920097796,1.0034180738846201,24,6
Exp03-B2B2-D,Exp03,ATM,0.967,0.9670357150704704,1.0006794832913644,1.0000476800960558,1.0018482372374684,24,6
Exp03-B2B2-D,Exp03,OTM_K110,0.97,0.9699744288118649,1.0004476293503386,1.0000576439401776,1.0019834638073126,24,6
Exp03-B2B2-D,Exp03,OTM_K125,0.9707,0.9706507350815387,1.000315977224889,1.0000260438361461,1.001265073905877,24,6
Exp03-B2B2-E,Exp03,ATM,0.9576,0.9576043466728287,1.0004275061540229,1.000076796505597,1.0019716616421135,24,6
Exp03-B2B2-E,Exp03,OTM_K110,0.9592,0.9591528523433469,1.0002970768349433,1.0000694744796075,1.001016497014432,24,6
Exp03-B2B2-E,Exp03,OTM_K125,0.9591,0.9590783872054257,1.000557638771437,1.000079579055716,1.0032084150657603,24,6
Exp05ax-kappa1,Exp05_axis,ATM,1.0002,1.0000919089970681,1.0004902533960105,0.9999071634348593,1.0019634915667144,150,50
Exp05ax-kappa1,Exp05_axis,OTM_K110,1.0047,1.0046446942064415,1.0003927073528798,0.9999773517143118,1.0026942844285698,150,50
Exp05ax-kappa1,Exp05_axis,OTM_K125,1.0069,1.006922529655835,1.0007026132225845,1.0000036739109206,1.0023895913062626,150,50
Exp05ax-kappa2,Exp05_axis,ATM,1.0023,1.0022188813496429,1.0010016349429534,1.000020868242477,1.0038287799204304,150,50
Exp05ax-kappa2,Exp05_axis,OTM_K110,1.006,1.0060117252411716,1.0006812033999943,1.0001154403177106,1.001206738573659,150,50
Exp05ax-kappa2,Exp05_axis,OTM_K125,1.0077,1.0077146754592579,1.0005297958722752,1.0000067299729596,1.0021486705360234,150,50
Exp05ax-kappa3,Exp05_axis,ATM,0.9762,0.9761539246064316,1.000342053158247,0.9999827630114065,1.003915526566282,150,50
Exp05ax-kappa3,Exp05_axis,OTM_K110,0.98,0.9800013366572302,1.0003411757937708,1.0000102641486226,1.0025919270280248,150,50
Exp05ax-kappa3,Exp05_axis,OTM_K125,0.9815,0.981458273018552,1.0004427094644508,0.9999986689445408,1.001715454735042,150,50
Exp05ax-kappa4,Exp05_axis,ATM,0.9538,0.9537794804451077,1.0002674069692576,1.0000190086900744,1.0016078817486425,150,50
Exp05ax-kappa4,Exp05_axis,OTM_K110,0.9578,0.9578285335798674,1.0001034763132686,1.0000180032103803,1.0012759661552275,150,50
Exp05ax-kappa4,Exp05_axis,OTM_K125,0.96,0.9599777467654752,1.000359730160454,1.0000942897210228,1.0012897968267698,150,50
Exp05ax-kappa5,Exp05_axis,ATM,0.9614,0.9613564157133883,1.0001284155726893,1.0000081931240152,1.0004880234289384,150,50
Exp05ax-kappa5,Exp05_axis,OTM_K110,0.9659,0.9658897658850107,1.0001177592694774,1.0000117803696325,1.0004153194746142,150,50
Exp05ax-kappa5,Exp05_axis,OTM_K125,0.9713,0.9713074356576944,1.0001636998030703,1.0000188366216674,1.0006162907646419,150,50
Exp05ax-omega1,Exp05_axis,ATM,0.9947,0.9946510531173987,1.0001140363156473,1.000014709662595,1.0003993275031444,150,50
Exp05ax-omega1,Exp05_axis,OTM_K110,0.9967,0.9966555692377572,1.0000495086143035,1.0000090671892687,1.000348225565704,150,50
Exp05ax-omega1,Exp05_axis,OTM_K125,0.9981,0.9980845771821079,1.0000794209079797,1.000009481618664,1.0001632472393571,150,50
Exp05ax-omega2,Exp05_axis,ATM,0.9929,0.9928966084469817,1.0000782295141453,1.0000273113696418,1.0002925018846047,150,50
Exp05ax-omega2,Exp05_axis,OTM_K110,0.9952,0.9952437034474108,1.0001290452192446,1.0000133539586227,1.0005701662386648,150,50
Exp05ax-omega2,Exp05_axis,OTM_K125,0.997,0.9969677092057196,1.0001279118879496,1.00000892673628,1.0005351754362464,150,50
Exp05ax-omega3,Exp05_axis,ATM,0.9895,0.9895437672807457,1.000085414599169,1.0000098458869864,1.000796132669678,150,50
Exp05ax-omega3,Exp05_axis,OTM_K110,0.9921,0.9920597021555124,1.0000748692788801,1.0000009370669272,1.000421152235167,150,50
Exp05ax-omega3,Exp05_axis,OTM_K125,0.9942,0.9942074566158523,1.0000623313781445,1.0000022381642115,1.00027194009016,150,50
Exp05ax-omega4,Exp05_axis,ATM,1.008,1.0079654041170907,1.0000821837705036,1.000024625278484,1.0004888741996976,150,50
Exp05ax-omega4,Exp05_axis,OTM_K110,1.009,1.0089948213263495,1.0000557345055126,1.0000085321738472,1.0002305144877943,150,50
Exp05ax-omega4,Exp05_axis,OTM_K125,1.0109,1.0109422550992013,1.0000479795082422,1.0000035390284405,1.000359911340163,150,50
Exp05ax-omega5,Exp05_axis,ATM,1.0045,1.0044709179805698,1.0000074008373794,1.0000006574253855,1.0000573837403588,150,50
Exp05ax-omega5,Exp05_axis,OTM_K110,1.0038,1.0038250743268298,1.000009419548102,1.0000002796378318,1.000035148113376,150,50
Exp05ax-omega5,Exp05_axis,OTM_K125,1.0037,1.0037317212337502,1.0000119765157576,1.0000013039818667,1.0000463965473716,150,50
Exp05ax-rho1,Exp05_axis,ATM,0.9676,0.9581077432107308,1.0023214441073613,0.9982741296928007,1.0129923499774374,150,50
Exp05ax-rho1,Exp05_axis,OTM_K110,0.9977,0.9954457404572045,1.005687261802034,1.0027130238142379,1.012898788852701,150,50
Exp05ax-rho1,Exp05_axis,OTM_K125,1.0115,1.011383226461551,1.0003005019185556,0.9997903920134628,1.0044447989509024,150,50
Exp05ax-rho2,Exp05_axis,ATM,0.9795,0.9680578200257006,1.0076320235338452,1.0011751944401028,1.0181638738468184,150,50
Exp05ax-rho2,Exp05_axis,OTM_K110,1.006,1.0035051146114529,1.005514065769777,1.001303936488135,1.0086902069019448,150,50
Exp05ax-rho2,Exp05_axis,OTM_K125,1.0143,1.014174027664996,1.000413216360536,0.9997651421792507,1.0061727036914028,150,50
Exp05ax-rho3,Exp05_axis,ATM,0.9744,0.9629196343561092,1.006886260008649,1.0020304468627748,1.0108950686839597,150,50
Exp05ax-rho3,Exp05_axis,OTM_K110,0.9983,0.996047489533885,1.0029910047532757,1.000957865894812,1.0073342878366112,150,50
Exp05ax-rho3,Exp05_axis,OTM_K125,1.0082,1.0081270782427456,1.0001129437598362,0.999866757241484,1.0037164495552444,150,50
Exp05ax-rho4,Exp05_axis,ATM,0.9638,0.9541307779242653,1.004425964644792,0.9977997096168191,1.0107469520243144,150,50
Exp05ax-rho4,Exp05_axis,OTM_K110,0.9911,0.9899420078358868,1.001641825349231,0.9997151091583915,1.0052613401875434,150,50
Exp05ax-rho4,Exp05_axis,OTM_K125,1.0025,1.0024466689646785,1.0003676193982427,1.0000012945014152,1.0020930440628382,150,50
Exp05ax-rho5,Exp05_axis,ATM,1.0284,1.0287134480652853,1.0003711541742555,0.9998739497444288,1.0032181263099966,150,50
Exp05ax-rho5,Exp05_axis,OTM_K110,1.0153,1.0152717501752693,1.0001132912392312,1.0000044994292767,1.0006078711483,150,50
Exp05ax-rho5,Exp05_axis,OTM_K125,1.0097,1.0096900463910028,1.0001694599343907,1.0000020913484542,1.0004353768231675,150,50
Exp05ax-v1,Exp05_axis,ATM,0.9801,0.9800981073404171,1.0000650117706316,1.0000028894951607,1.0008049931831362,150,50
Exp05ax-v1,Exp05_axis,OTM_K110,0.9819,0.9819250082383257,1.000064586675228,1.0000026710108565,1.0003449075263704,150,50
Exp05ax-v1,Exp05_axis,OTM_K125,0.9831,0.9831376782548945,1.000030720789042,1.0000013037256,1.00048407169753,150,50
Exp05ax-v2,Exp05_axis,ATM,0.9858,0.9858230474080473,1.000073480034379,1.0000004967438054,1.0003850214848984,150,50
Exp05ax-v2,Exp05_axis,OTM_K110,0.9873,0.9872945382530055,1.0001299192783593,1.0000375725457413,1.0006048000017533,150,50
Exp05ax-v2,Exp05_axis,OTM_K125,0.9879,0.9879304681157798,1.0000457902780309,1.0000023359361199,1.0003997483104654,150,50
Exp05ax-v3,Exp05_axis,ATM,0.975,0.9750234854577433,1.000096868676243,1.0000112990695593,1.0003296143177685,150,50
Exp05ax-v3,Exp05_axis,OTM_K110,0.977,0.9770321439591878,1.0000393135825079,1.0000027760476065,1.0002593750428312,150,50
Exp05ax-v3,Exp05_axis,OTM_K125,0.9783,0.9782799925677937,1.0000293446446546,1.0000041196963059,1.0004973420026662,150,50
Exp05ax-v4,Exp05_axis,ATM,0.9693,0.9692644458104419,1.0000627055199551,1.0000079674824804,1.0002476640046933,150,50
Exp05ax-v4,Exp05_axis,OTM_K110,0.9714,0.9714182067420337,1.0000388764658075,1.000002169916981,1.0004231119486962,150,50
Exp05ax-v4,Exp05_axis,OTM_K125,0.9735,0.9735009876932809,1.0000314317259982,1.000002241220243,1.0002493063545723,150,50
Exp05ax-v5,Exp05_axis,ATM,0.9977,0.9976776703406413,1.0000075975744451,1.0000003805121964,1.0000458218949402,150,50
Exp05ax-v5,Exp05_axis,OTM_K110,0.9972,0.9972417997922352,1.00000814476036,1.000000991161996,1.0000406970172937,150,50
Exp05ax-v5,Exp05_axis,OTM_K125,0.9971,0.9970947739001695,1.0000044197957338,1.0000000158768998,1.0000215182940906,150,50
Exp05ax-xi1,Exp05_axis,ATM,0.9376,0.9386858013089546,1.0019930889979383,0.9993256369707091,1.0083005118307884,150,50
Exp05ax-xi1,Exp05_axis,OTM_K110,0.9337,0.9337366692092585,1.0013920917933266,1.0003039005243968,1.0044399054252509,150,50
Exp05ax-xi1,Exp05_axis,OTM_K125,0.938,0.9379891700674059,1.0004782406995738,1.0000549019773026,1.002057911811175,150,50
Exp05ax-xi2,Exp05_axis,ATM,0.9496,0.950000396683192,1.0005814203368946,0.9985260555347583,1.0074210773536614,150,50
Exp05ax-xi2,Exp05_axis,OTM_K110,0.9465,0.9464338029414247,1.0020698765386093,1.000542261491147,1.0041163962899442,150,50
Exp05ax-xi2,Exp05_axis,OTM_K125,0.9525,0.95249927273212,1.0005389660836377,1.000042685852857,1.00202257603071,150,50
Exp05ax-xi3,Exp05_axis,ATM,0.966,0.9666186563987406,1.0015204736132497,0.9993624687856978,1.0079739995652095,150,50
Exp05ax-xi3,Exp05_axis,OTM_K110,0.9563,0.9563314837408615,1.000652964547277,1.0001611494631304,1.0019737551249217,150,50
Exp05ax-xi3,Exp05_axis,OTM_K125,0.9602,0.9601877093381934,1.0002524229334837,1.000044390832671,1.000902712829155,150,50
Exp05ax-xi4,Exp05_axis,ATM,0.9841,0.9840838540710949,0.9999044500000909,0.9995100873163631,1.0061041169637797,150,50
Exp05ax-xi4,Exp05_axis,OTM_K110,0.9808,0.9808464546514566,1.0002228321984852,1.0000052285276566,1.0021550423402428,150,50
Exp05ax-xi4,Exp05_axis,OTM_K125,0.9773,0.9773055483824761,1.000528437977924,1.000012884930125,1.0028098152140785,150,50
Exp05ax-xi5,Exp05_axis,ATM,0.9882,0.9881633250885752,1.0001579689250626,1.0000263480063591,1.0007821049068997,150,50
Exp05ax-xi5,Exp05_axis,OTM_K110,0.9917,0.9917237157731079,1.0000536916054925,1.0000073036252919,1.0002898880547513,150,50
Exp05ax-xi5,Exp05_axis,OTM_K125,0.9937,0.9937080451796287,1.000067060729422,1.000008699929895,1.0003360803943122,150,50
Exp05dg-all5_s16,Exp05_diag,ATM,0.998,0.9979538523526048,1.000047767262834,1.0000032799053846,1.0002737793932066,150,50
Exp05dg-all5_s16,Exp05_diag,OTM_K110,0.9986,0.9985512648306888,1.0000716221569081,1.0000029157902055,1.000225919266272,150,50
Exp05dg-all5_s16,Exp05_diag,OTM_K125,0.9998,0.9997941939326596,1.0000400370062916,1.0000009608742069,1.0002707526263361,150,50
Exp05dg-all5_s1,Exp05_diag,ATM,1.003,1.0030304783720259,1.00018154664606,1.0000035094348585,1.0010430755971147,150,50
Exp05dg-all5_s1,Exp05_diag,OTM_K110,1.0064,1.0064405326785246,1.0002230599452624,1.00000660330118,1.0006795688600179,150,50
Exp05dg-all5_s1,Exp05_diag,OTM_K125,1.0089,1.0088821084393638,1.0001857363830546,1.0000018849456602,1.0006885468253988,150,50
Exp05dg-all5_s2,Exp05_diag,ATM,0.9992,0.9991541996009995,1.0001769838007226,1.0000184504287704,1.000782183482041,150,50
Exp05dg-all5_s2,Exp05_diag,OTM_K110,1.0026,1.0025601081092723,1.0001599736138393,1.0000121125329842,1.0010341487485837,150,50
Exp05dg-all5_s2,Exp05_diag,OTM_K125,1.0048,1.00476170448456,1.0001526521268913,1.0000022062314615,1.0007797650466026,150,50
Exp05dg-all5_s4,Exp05_diag,ATM,0.9801,0.9801308794725769,1.000084557904605,1.0000002436302893,1.000642118952065,150,50
Exp05dg-all5_s4,Exp05_diag,OTM_K110,0.9844,0.9844054622006319,1.000125561932689,1.0000404670542355,1.000386912782562,150,50
Exp05dg-all5_s4,Exp05_diag,OTM_K125,0.988,0.9879670867977572,1.0000871486781318,1.000001196808681,1.000614648546569,150,50
Exp05dg-all5_s8,Exp05_diag,ATM,0.9753,0.9752818073599162,1.0000629943157775,1.000003101628818,1.0005389398855404,150,50
Exp05dg-all5_s8,Exp05_diag,OTM_K110,0.9789,0.978936153246512,1.0002031050197298,1.0000073296049345,1.001294116298371,150,50
Exp05dg-all5_s8,Exp05_diag,OTM_K125,0.9827,0.982721645658111,1.0000936264601412,1.00000228378481,1.000767038846569,150,50
Exp05dg-kappaxi_s16,Exp05_diag,ATM,0.9692,0.9687815236501875,1.0001488043929914,0.999272421920164,1.0038498860537695,150,50
Exp05dg-kappaxi_s16,Exp05_diag,OTM_K110,0.9735,0.972376189649632,1.0015843144648295,0.9990862751923036,1.0058208066646515,150,50
Exp05dg-kappaxi_s16,Exp05_diag,OTM_K125,0.9754,0.9720040664898881,0.999542773209096,0.9971165212622056,1.0074919474566408,150,50
Exp05dg-kappaxi_s1,Exp05_diag,ATM,1.0527,1.0485866075080654,0.9973485240491484,0.9954290929474753,1.0017341324302254,150,50
Exp05dg-kappaxi_s1,Exp05_diag,OTM_K110,1.0662,1.0591034278985703,0.9981906687273008,0.9944487031876209,1.0089479335615588,150,50
Exp05dg-kappaxi_s1,Exp05_diag,OTM_K125,1.0823,1.0686241182938232,1.0024020902109538,0.9961107202226368,1.0070199957283006,150,50
Exp05dg-kappaxi_s2,Exp05_diag,ATM,1.042,1.0379034110937315,1.0011047773262274,0.9957427934412755,1.004440089160336,150,50
Exp05dg-kappaxi_s2,Exp05_diag,OTM_K110,1.054,1.0466875714192012,0.9980653259602705,0.993327375057026,1.0040171588521865,150,50
Exp05dg-kappaxi_s2,Exp05_diag,OTM_K125,1.0682,1.0534642125818512,1.0002374322909382,0.996723465590522,1.0114599663972252,150,50
Exp05dg-kappaxi_s4,Exp05_diag,ATM,1.0461,1.042948858265398,0.998045654799933,0.9963864903677249,1.0017262857101124,150,50
Exp05dg-kappaxi_s4,Exp05_diag,OTM_K110,1.0611,1.05513676259852,0.9979970076689091,0.9950901513010925,1.0008576105590161,150,50
Exp05dg-kappaxi_s4,Exp05_diag,OTM_K125,1.0748,1.062039395183717,0.9972940765493925,0.9932468471441085,1.006574334688718,150,50
Exp05dg-kappaxi_s8,Exp05_diag,ATM,1.0051,1.0040865148119305,1.0004478739616869,0.9983072000894849,1.005517886375512,150,50
Exp05dg-kappaxi_s8,Exp05_diag,OTM_K110,1.0182,1.015872052415217,0.9986606510663338,0.9961958400115133,1.003754342344834,150,50
Exp05dg-kappaxi_s8,Exp05_diag,OTM_K125,1.0311,1.0245293124425023,0.9999586224801287,0.9943950538403457,1.0123715829915247,150,50
Exp05dg-vkappa_s16,Exp05_diag,ATM,0.9645,0.9644961273550214,1.0000615806703939,1.0000012447154984,1.0003391653907108,150,50
Exp05dg-vkappa_s16,Exp05_diag,OTM_K110,0.9676,0.9675565636961888,1.0000720069785174,1.000004995025408,1.0004438120786483,150,50
Exp05dg-vkappa_s16,Exp05_diag,OTM_K125,0.9697,0.9697169295779153,1.0000601344298234,1.0000021572821578,1.0003268720742644,150,50
Exp05dg-vkappa_s1,Exp05_diag,ATM,0.9909,0.9908912767285271,1.000123347836903,1.0000103320927596,1.0005774411191446,150,50
Exp05dg-vkappa_s1,Exp05_diag,OTM_K110,0.9936,0.9936249221709577,1.0001688519079597,1.0000016438506736,1.0006404566018585,150,50
Exp05dg-vkappa_s1,Exp05_diag,OTM_K125,0.9952,0.995178849015087,1.0000498586121935,1.000000066200933,1.0003754978284243,150,50
Exp05dg-vkappa_s2,Exp05_diag,ATM,0.9911,0.9911416742580976,1.0001350614826066,1.0000009997391521,1.0006863399031911,150,50
Exp05dg-vkappa_s2,Exp05_diag,OTM_K110,0.9936,0.9936125162770135,1.0000693869462303,1.0000098535156074,1.0004531142095112,150,50
Exp05dg-vkappa_s2,Exp05_diag,OTM_K125,0.9947,0.994746771211572,1.0001437652990597,1.00001621956953,1.000661894713158,150,50
Exp05dg-vkappa_s4,Exp05_diag,ATM,0.9886,0.988605643772669,1.0000897971585045,1.000003422907932,1.0005182176519045,150,50
Exp05dg-vkappa_s4,Exp05_diag,OTM_K110,0.9911,0.9910781387792378,1.0001005038362258,1.0000078332266527,1.0004637860541952,150,50
Exp05dg-vkappa_s4,Exp05_diag,OTM_K125,0.9923,0.9922766029189292,1.00020122698106,1.00000238851358,1.0007575005545926,150,50
Exp05dg-vkappa_s8,Exp05_diag,ATM,0.9678,0.9678029068018262,1.0000948936879333,1.0000022761424499,1.0004971657793444,150,50
Exp05dg-vkappa_s8,Exp05_diag,OTM_K110,0.971,0.9710147785053468,1.0000994227833735,1.0000323947802408,1.0004863566412983,150,50
Exp05dg-vkappa_s8,Exp05_diag,OTM_K125,0.973,0.9730259836320667,1.00009600820714,1.0000057806115188,1.0004741415948426,150,50
Exp05dg-vomega_s16,Exp05_diag,ATM,0.9904,0.9903902700982027,1.000090195686906,1.0000037538118045,1.000321287533627,150,50
Exp05dg-vomega_s16,Exp05_diag,OTM_K110,0.9919,0.9918697803136252,1.000039662328484,1.000001795847157,1.0002293948805514,150,50
Exp05dg-vomega_s16,Exp05_diag,OTM_K125,0.9938,0.9937896405838017,1.0000257053161254,1.0000012852082298,1.0001048856655357,150,50
Exp05dg-vomega_s1,Exp05_diag,ATM,0.9926,0.9926419866595363,1.0000485761869582,1.000004289339175,1.0003554722771306,150,50
Exp05dg-vomega_s1,Exp05_diag,OTM_K110,0.9944,0.9943916571870425,1.000158552821109,1.000000295423558,1.0004632542253546,150,50
Exp05dg-vomega_s1,Exp05_diag,OTM_K125,0.9955,0.9955016596791657,1.000060445640758,1.0000034914948266,1.0002412366920261,150,50
Exp05dg-vomega_s2,Exp05_diag,ATM,0.9937,0.993674886750712,1.0002368974668097,1.0000105945188271,1.000756749796884,150,50
Exp05dg-vomega_s2,Exp05_diag,OTM_K110,0.9954,0.9953848773342571,1.000229888975588,1.0000045493918683,1.0007715259740684,150,50
Exp05dg-vomega_s2,Exp05_diag,OTM_K125,0.9964,0.9963776071481818,1.0000695732999292,1.0000068027916607,1.000450488181711,150,50
Exp05dg-vomega_s4,Exp05_diag,ATM,0.9834,0.9833745212014314,1.0000681122380335,1.0000033445518433,1.000670914550906,150,50
Exp05dg-vomega_s4,Exp05_diag,OTM_K110,0.9858,0.9857955670016968,1.000150606880607,1.0000032782546227,1.0005730389039682,150,50
Exp05dg-vomega_s4,Exp05_diag,OTM_K125,0.9876,0.987569018534751,1.0001518690457307,1.0000150683865991,1.0003151604087641,150,50
Exp05dg-vomega_s8,Exp05_diag,ATM,0.9745,0.9745447829783795,1.0000817037255938,1.00000341863315,1.0006813477385603,150,50
Exp05dg-vomega_s8,Exp05_diag,OTM_K110,0.977,0.9769942342618587,1.0000582325893719,1.0000023556578232,1.000393596380732,150,50
Exp05dg-vomega_s8,Exp05_diag,OTM_K125,0.9794,0.9794397405152255,1.000049997503266,1.000001320714577,1.0002804358909156,150,50
Exp05dg-vrho_s16,Exp05_diag,ATM,0.9798,0.9797684211700468,1.0001542052303587,1.0000094436896674,1.0007359900354058,150,50
Exp05dg-vrho_s16,Exp05_diag,OTM_K110,0.9845,0.9845194462904261,1.0002069748982794,1.0000435234198783,1.0009744050931078,150,50
Exp05dg-vrho_s16,Exp05_diag,OTM_K125,0.9898,0.9898456955711489,1.0000747655560362,1.0000003249072877,1.0008167811390802,150,50
Exp05dg-vrho_s1,Exp05_diag,ATM,0.9859,0.9858716332836491,1.0001364645348358,1.0000261694881907,1.0007928247089823,150,50
Exp05dg-vrho_s1,Exp05_diag,OTM_K110,0.9906,0.990610904824468,1.000393298700133,1.0000084981245867,1.0009902351499844,150,50
Exp05dg-vrho_s1,Exp05_diag,OTM_K125,0.9949,0.9948882363493029,1.0000999831922506,1.0000049393755281,1.0009769879891617,150,50
Exp05dg-vrho_s2,Exp05_diag,ATM,0.9895,0.9894956173115904,1.0002081682885828,1.0000131707965019,1.001456447028369,150,50
Exp05dg-vrho_s2,Exp05_diag,OTM_K110,0.9937,0.9937098915448964,1.0000551209906106,1.0000045710714631,1.0007716004490386,150,50
Exp05dg-vrho_s2,Exp05_diag,OTM_K125,0.9971,0.997067680256078,1.0001926725910777,1.0000074953366467,1.000795704281658,150,50
Exp05dg-vrho_s4,Exp05_diag,ATM,0.9792,0.9791902523042825,1.0002869870008408,1.0000319055745879,1.0011368719888618,150,50
Exp05dg-vrho_s4,Exp05_diag,OTM_K110,0.9844,0.9843918044464712,1.0002126943015086,1.0000319136951914,1.0013167226069892,150,50
Exp05dg-vrho_s4,Exp05_diag,OTM_K125,0.9886,0.9886205163247855,1.0002043281647233,1.0000462909394983,1.0006748732260753,150,50
Exp05dg-vrho_s8,Exp05_diag,ATM,0.9703,0.9703095050954827,1.000268041291671,1.0000713570572968,1.001071073890838,150,50
Exp05dg-vrho_s8,Exp05_diag,OTM_K110,0.9761,0.9760982518181869,1.0001090754659718,1.0000094891902478,1.0010398067824162,150,50
Exp05dg-vrho_s8,Exp05_diag,OTM_K125,0.9815,0.9815244188332519,1.0000831798458587,1.0000055352731634,1.0007684590490629,150,50
Exp05dg-vxi_s16,Exp05_diag,ATM,0.9877,0.9876959690864517,1.0001287449653233,1.0000102120111287,1.0004313225876076,150,50
Exp05dg-vxi_s16,Exp05_diag,OTM_K110,0.9901,0.9900750034884691,1.0000796760940642,1.0000046504492763,1.0007195977151206,150,50
Exp05dg-vxi_s16,Exp05_diag,OTM_K125,0.9926,0.9925847557575628,1.000176083466872,1.000009408418601,1.000484704202901,150,50
Exp05dg-vxi_s1,Exp05_diag,ATM,0.9956,0.9956121436012528,1.0001172212825438,1.0000034518000935,1.0003691798282233,150,50
Exp05dg-vxi_s1,Exp05_diag,OTM_K110,0.9993,0.9992776968080266,1.0001854690422767,1.0000276768666791,1.0007964466507704,150,50
Exp05dg-vxi_s1,Exp05_diag,OTM_K125,1.0046,1.0045846799601021,1.0001630769215502,1.000005998615635,1.001002024438789,150,50
Exp05dg-vxi_s2,Exp05_diag,ATM,0.9965,0.996452993330054,1.0001430427738098,1.0000023247862102,1.0005107956715302,150,50
Exp05dg-vxi_s2,Exp05_diag,OTM_K110,0.9997,0.9997238222455086,1.0000282280180128,1.0000006359646032,1.0005353603250693,150,50
Exp05dg-vxi_s2,Exp05_diag,OTM_K125,1.0042,1.0041768479466913,1.000130057910223,1.000022166842767,1.0007006974214938,150,50
Exp05dg-vxi_s4,Exp05_diag,ATM,0.9993,0.9993407204822456,1.0000684740446293,1.000001695170399,1.000694120215445,150,50
Exp05dg-vxi_s4,Exp05_diag,OTM_K110,1.0027,1.0026549658626138,1.0002144268024633,1.000003385027673,1.000476937535944,150,50
Exp05dg-vxi_s4,Exp05_diag,OTM_K125,1.0064,1.0063575913019174,1.000177543330416,1.0000024136743075,1.0006697742209227,150,50
Exp05dg-vxi_s8,Exp05_diag,ATM,1.0033,1.0033028374279076,1.0001757839359469,1.0000065634959092,1.0004449469712866,150,50
Exp05dg-vxi_s8,Exp05_diag,OTM_K110,1.0064,1.0063947773121775,1.0001225939312213,1.0000095904229551,1.0005705997290153,150,50
Exp05dg-vxi_s8,Exp05_diag,OTM_K125,1.0097,1.0096950120672885,1.000109521649417,1.0000228504027844,1.000636373257774,150,50
Exp06-G1,Exp06,ATM,1.005,1.0049067971731664,1.0006438357527565,0.9998947735382239,1.0022331483178983,150,50
Exp06-G1,Exp06,OTM_K110,1.0094,1.0093549065178378,1.0002643708313412,0.9999665591998842,1.0024097578091646,150,50
Exp06-G1,Exp06,OTM_K125,1.0114,1.0114213316126577,1.0001972558895829,0.999994909411749,1.0023167969326403,150,50
Exp06-G2,Exp06,ATM,0.9676,0.9581077432107308,1.0045435300944554,0.9985188630304392,1.0180485523878033,150,50
Exp06-G2,Exp06,OTM_K110,0.9977,0.9954457404572045,1.0044110463340168,1.001840534080001,1.0095314416782903,150,50
Exp06-G2,Exp06,OTM_K125,1.0115,1.011383226461551,1.000642310763202,0.9997600986398568,1.0022777397456866,150,50
Exp06-G3,Exp06,ATM,1.0026,1.0026165139310423,1.0000781410319068,1.000003891041145,1.000780685693627,150,50
Exp06-G3,Exp06,OTM_K110,1.0043,1.0043381575781578,1.0001261338548075,1.000010091140827,1.0004949482465941,150,50
Exp06-G3,Exp06,OTM_K125,1.0054,1.0053922265920558,1.0000945314086938,1.000007636826625,1.0006809334138471,150,50
Exp06-H1,Exp06,ATM,1.0047,1.0046074593450773,1.000288984551196,0.9998910495643056,1.002223161582173,150,50
Exp06-H1,Exp06,OTM_K110,1.0087,1.0085881554164955,1.0009426180070613,1.000035030859731,1.0016363064943883,150,50
Exp06-H1,Exp06,OTM_K125,1.01,1.009991141443176,1.0005363719468978,1.0000386765269405,1.0016392488534889,150,50
Exp06-H2,Exp06,ATM,0.9984,0.9983326394880235,1.0002629491599935,0.9999433025780569,1.0033985196008068,150,50
Exp06-H2,Exp06,OTM_K110,1.0028,1.0027699409933204,1.0002927322715829,1.0000432568653335,1.0010924260434484,150,50
Exp06-H2,Exp06,OTM_K125,1.0049,1.0048414321474024,1.0005569982783091,1.0000409230782454,1.003079764716146,150,50
Exp06-H3,Exp06,ATM,0.9376,0.9386858013089546,1.0029485139941383,0.9994452587681966,1.0138157540104205,150,50
Exp06-H3,Exp06,OTM_K110,0.9337,0.9337366692092585,1.001206528319683,1.000192617730291,1.001896573235979,150,50
Exp06-H3,Exp06,OTM_K125,0.938,0.9379891700674059,1.000275712481502,0.9999993387586245,1.0022076710365153,150,50
Exp06-H4,Exp06,ATM,0.9575,0.9489361028349872,1.0022249906551914,0.9978947081109028,1.014841893356064,150,50
Exp06-H4,Exp06,OTM_K110,0.9905,0.9884466003285673,1.0042669152341168,1.0004945708077544,1.0087059927138304,150,50
Exp06-H4,Exp06,OTM_K125,1.0069,1.0068191936565734,1.0006184320481757,0.9999284167192966,1.0044201131538948,150,50
Exp06-H5,Exp06,ATM,0.9911,0.9910500322623234,1.0001384490177536,1.0000022143517169,1.0007012442908725,150,50
Exp06-H5,Exp06,OTM_K110,0.9932,0.9931836016973127,1.0000360264861028,1.0000031031325025,1.0002522089983787,150,50
Exp06-H5,Exp06,OTM_K125,0.9947,0.994719742327726,1.0000818339842927,1.0000039570433295,1.0004206243884086,150,50
Exp09-W1_luna,Exp09,ATM,0.999,0.9990355163426928,1.0006244261067474,1.0000071219520947,1.001327861973312,150,50
Exp09-W1_luna,Exp09,OTM_K110,0.9989,0.9989402102518117,1.000255995113854,1.0000216848533916,1.002029747247452,150,50
Exp09-W1_luna,Exp09,OTM_K125,0.9988,0.9987742912957135,1.0001252236696163,1.0000011226980812,1.0017443162213644,150,50
Exp09-W2_ftx,Exp09,ATM,1.0005,1.00045969704344,1.0000873013940024,1.0000421452395432,1.0004859270272,150,50
Exp09-W2_ftx,Exp09,OTM_K110,1.0014,1.0013592581044661,1.0000935155529667,1.000011023601764,1.0003758794434092,150,50
Exp09-W2_ftx,Exp09,OTM_K125,1.0018,1.0018178160179796,1.0001729310115346,1.0000059282440508,1.0005356996622405,150,50
Exp09-W3_etf,Exp09,ATM,1.0015,1.0015497831969555,1.0002045807019024,1.0000109415835892,1.0003632370263829,150,50
Exp09-W3_etf,Exp09,OTM_K110,1.0022,1.0022107543394085,1.0000969386798786,1.000005359820377,1.000403207750682,150,50
Exp09-W3_etf,Exp09,OTM_K125,1.0025,1.0025405396885736,1.000093557987272,1.000002473948711,1.000472549416882,150,50
Exp09-W4_stab,Exp09,ATM,1.0416,1.0416157242754756,1.0001095356376877,1.0000024496212236,1.000634760286615,150,50
Exp09-W4_stab,Exp09,OTM_K110,1.0392,1.0391643659337892,1.0000956738321158,1.0000119532071867,1.0004587312929383,150,50
Exp09-W4_stab,Exp09,OTM_K125,1.0353,1.0353084044578926,1.0001422235466624,1.0000044785903965,1.001322926272943,150,50
KouA-A,KouAB_stageA,ATM,0.9681,0.9681031068595503,1.0031169631323604,1.000446182765508,1.0117393243433688,24,6
KouA-A,KouAB_stageA,OTM_K110,0.9768,0.9768023889933657,1.0013029004410432,1.0003741429014341,1.0097316411931456,24,6
KouA-A,KouAB_stageA,OTM_K125,0.9861,0.9860692474222521,1.002999438001446,1.0000757717162312,1.0088801137553245,24,6
KouA-B,KouAB_stageA,ATM,0.9537,0.9536625425412141,1.0039263062010657,1.000141034178277,1.0179009867870046,24,6
KouA-B,KouAB_stageA,OTM_K110,0.9635,0.9634965763805979,1.002174298906584,1.000423117273235,1.0107860386730454,24,6
KouA-B,KouAB_stageA,OTM_K125,0.9728,0.9728022372629751,1.0014978002809967,1.0000214067755289,1.0071680343329865,24,6
KouA-C,KouAB_stageA,ATM,0.92,0.9200037533212683,1.0021862077851953,1.000033753791935,1.010430736425824,24,6
KouA-C,KouAB_stageA,OTM_K110,0.931,0.9309699864891792,1.0014358942546042,1.00015168760437,1.0092676313889934,24,6
KouA-C,KouAB_stageA,OTM_K125,0.9402,0.9402253681697013,1.001790808029895,1.00039911274358,1.0158793049956327,24,6
KouA-D,KouAB_stageA,ATM,0.8743,0.8742531958435847,1.001002692615608,1.0000335402528786,1.011426505063693,24,6
KouA-D,KouAB_stageA,OTM_K110,0.884,0.8840373644734607,1.0014947181028513,1.0001809927010321,1.0100975808825072,24,6
KouA-D,KouAB_stageA,OTM_K125,0.8939,0.8938667401375212,1.0005121834768076,1.0000640028729304,1.0054304146481219,24,6
KouB-A,KouAB_stageB,ATM,0.958,0.9579569208637831,1.00024861697234,1.0000524261167019,1.0018283253758942,150,50
KouB-A,KouAB_stageB,OTM_K110,0.9601,0.9601236554984884,1.0003067089940045,1.0000107027261953,1.00170179748703,150,50
KouB-A,KouAB_stageB,OTM_K125,0.9612,0.9611808129422331,1.0002066865491064,1.000009519196871,1.0016131770155057,150,50
KouB-B,KouAB_stageB,ATM,0.9636,0.9636015952547385,1.0002301908155875,1.000006021065303,1.0009713319648676,150,50
KouB-B,KouAB_stageB,OTM_K110,0.9654,0.9654346689469075,1.000128966967344,1.0000084575658963,1.0007502216244832,150,50
KouB-B,KouAB_stageB,OTM_K125,0.9663,0.9662759759058869,1.0001897216747384,1.00001234594989,1.0007630099892761,150,50
KouB-C,KouAB_stageB,ATM,0.9609,0.960874648334578,1.0003839389336067,1.0000578165559737,1.0014074626736853,150,50
KouB-C,KouAB_stageB,OTM_K110,0.9633,0.9633249807249291,1.0001994899731859,1.0000136747351946,1.0009863291298122,150,50
KouB-C,KouAB_stageB,OTM_K125,0.9649,0.9649301337962566,1.0003222269927747,1.0000134068694586,1.0008928131291837,150,50
KouB-D,KouAB_stageB,ATM,0.9857,0.985676431511687,1.0000584837126083,1.0000067308062888,1.0005757066727086,150,50
KouB-D,KouAB_stageB,OTM_K110,0.9867,0.9867369991932091,1.0001700198786512,1.0000026966090785,1.0013540629694124,150,50
KouB-D,KouAB_stageB,OTM_K125,0.9878,0.987761800447392,1.0001331354322893,1.0000179214529112,1.000696150497479,150,50
KouBTC-ETF_post,KouBTC,ATM,0.9849,0.9848603374892124,1.000251045948119,1.000006979307137,1.0007869648698828,150,50
KouBTC-ETF_post,KouBTC,OTM_K110,0.9857,0.9856926190149407,1.0002476467958359,1.0000090005663642,1.001152005819623,150,50
KouBTC-ETF_post,KouBTC,OTM_K125,0.9865,0.9864965273708372,1.0000548497774302,1.000000091426224,1.000640329813988,150,50
KouBTC-ETF_pre,KouBTC,ATM,1.0183,1.0182663656854414,1.000114481185936,1.000011842516252,1.000826470182058,150,50
KouBTC-ETF_pre,KouBTC,OTM_K110,1.0177,1.0176868694481787,1.0001279776864382,1.0000229302439725,1.0006071048553178,150,50
KouBTC-ETF_pre,KouBTC,OTM_K125,1.0171,1.0170845000043993,1.000023991451246,1.0000015790725112,1.0001813091987681,150,50
KouBTC-FTX_post,KouBTC,ATM,0.9864,0.9864414683529055,1.0002580928022096,1.0000041427393165,1.0008891855926536,150,50
KouBTC-FTX_post,KouBTC,OTM_K110,0.9858,0.9858198422367727,1.0001625894772892,1.0000083251518146,1.0010419254685878,150,50
KouBTC-FTX_post,KouBTC,OTM_K125,0.9851,0.9850719894592719,1.0001687141921913,1.0000094846917669,1.0010809791144748,150,50
KouBTC-FTX_pre,KouBTC,ATM,1.0068,1.0068271052729065,1.00012259310714,1.0000164258541075,1.0003751083758468,150,50
KouBTC-FTX_pre,KouBTC,OTM_K110,1.0072,1.0071960902251362,1.000118863149459,1.0000140822391317,1.0007151682130784,150,50
KouBTC-FTX_pre,KouBTC,OTM_K125,1.0077,1.0077072420175828,1.0001734760914323,1.0000025726411155,1.0007037806764782,150,50
KouBTC-Luna_post,KouBTC,ATM,0.9644,0.9644241117376097,1.0002227260369736,1.000024913735742,1.0007005317748048,150,50
KouBTC-Luna_post,KouBTC,OTM_K110,0.9646,0.9645598125771988,1.0001828477904944,1.000000155761346,1.0009694448464161,150,50
KouBTC-Luna_post,KouBTC,OTM_K125,0.9647,0.9646878589332343,1.000170358441089,1.0000076437005234,1.0009971159287925,150,50
KouBTC-Luna_pre,KouBTC,ATM,1.0519,1.0518662217430148,1.0002744972207482,1.0000043572677433,1.0015636106903538,150,50
KouBTC-Luna_pre,KouBTC,OTM_K110,1.0498,1.0498471530889335,1.0003730079977382,1.000030929740961,1.002276495791967,150,50
KouBTC-Luna_pre,KouBTC,OTM_K125,1.0474,1.0474298175406533,1.000161229615551,1.0000026525521057,1.001097760713392,150,50
