key,block,config_id,payoff,n_cal,n_test_lo,n_test_hi,n_seeds
Exp01__Exp01-A__ATM,Exp01,Exp01-A,ATM,150,150,200,200
Exp01__Exp01-A__OTM_K110,Exp01,Exp01-A,OTM_K110,150,150,200,200
Exp01__Exp01-A__OTM_K125,Exp01,Exp01-A,OTM_K125,150,150,200,200
Exp01__Exp01-B__ATM,Exp01,Exp01-B,ATM,150,150,200,200
Exp01__Exp01-B__OTM_K110,Exp01,Exp01-B,OTM_K110,150,150,200,200
Exp01__Exp01-B__OTM_K125,Exp01,Exp01-B,OTM_K125,150,150,200,200
Exp01__Exp01-C__ATM,Exp01,Exp01-C,ATM,150,150,200,200
Exp01__Exp01-C__OTM_K110,Exp01,Exp01-C,OTM_K110,150,150,200,200
Exp01__Exp01-C__OTM_K125,Exp01,Exp01-C,OTM_K125,150,150,200,200
Exp01__Exp01-D__ATM,Exp01,Exp01-D,ATM,150,150,200,200
Exp01__Exp01-D__OTM_K110,Exp01,Exp01-D,OTM_K110,150,150,200,200
Exp01__Exp01-D__OTM_K125,Exp01,Exp01-D,OTM_K125,150,150,200,200
Exp01__Exp01-E__ATM,Exp01,Exp01-E,ATM,150,150,200,200
Exp01__Exp01-E__OTM_K110,Exp01,Exp01-E,OTM_K110,150,150,200,200
Exp01__Exp01-E__OTM_K125,Exp01,Exp01-E,OTM_K125,150,150,200,200
Exp02__Exp02-A__ATM,Exp02,Exp02-A,ATM,150,150,200,200
Exp02__Exp02-A__OTM_K110,Exp02,Exp02-A,OTM_K110,150,150,200,200
Exp02__Exp02-A__OTM_K125,Exp02,Exp02-A,OTM_K125,150,150,200,200
Exp02__Exp02-B__ATM,Exp02,Exp02-B,ATM,150,150,200,200
Exp02__Exp02-B__OTM_K110,Exp02,Exp02-B,OTM_K110,150,150,200,200
Exp02__Exp02-B__OTM_K125,Exp02,Exp02-B,OTM_K125,150,150,200,200
Exp02__Exp02-C__ATM,Exp02,Exp02-C,ATM,150,150,200,200
Exp02__Exp02-C__OTM_K110,Exp02,Exp02-C,OTM_K110,150,150,200,200
Exp02__Exp02-C__OTM_K125,Exp02,Exp02-C,OTM_K125,150,150,200,200
Exp02__Exp02-D__ATM,Exp02,Exp02-D,ATM,150,150,200,200
Exp02__Exp02-D__OTM_K110,Exp02,Exp02-D,OTM_K110,150,150,200,200
Exp02__Exp02-D__OTM_K125,Exp02,Exp02-D,OTM_K125,150,150,200,200
Exp02__Exp02-E__ATM,Exp02,Exp02-E,ATM,150,150,200,200
Exp02__Exp02-E__OTM_K110,Exp02,Exp02-E,OTM_K110,150,150,200,200
Exp02__Exp02-E__OTM_K125,Exp02,Exp02-E,OTM_K125,150,150,200,200
Exp02__Exp02-F1__ATM,Exp02,Exp02-F1,ATM,150,150,200,200
Exp02__Exp02-F1__OTM_K110,Exp02,Exp02-F1,OTM_K110,150,150,200,200
Exp02__Exp02-F1__OTM_K125,Exp02,Exp02-F1,OTM_K125,150,150,200,200
Exp02__Exp02-F2__ATM,Exp02,Exp02-F2,ATM,150,150,200,200
Exp02__Exp02-F2__OTM_K110,Exp02,Exp02-F2,OTM_K110,150,150,200,200
Exp02__Exp02-F2__OTM_K125,Exp02,Exp02-F2,OTM_K125,150,150,200,200
Exp02__Exp02-F3__ATM,Exp02,Exp02-F3,ATM,150,150,200,200
Exp02__Exp02-F3__OTM_K110,Exp02,Exp02-F3,OTM_K110,150,150,200,200
Exp02__Exp02-F3__OTM_K125,Exp02,Exp02-F3,OTM_K125,150,150,200,200
Exp02__Exp02-F4__ATM,Exp02,Exp02-F4,ATM,150,150,200,200
Exp02__Exp02-F4__OTM_K110,Exp02,Exp02-F4,OTM_K110,150,150,200,200
Exp02__Exp02-F4__OTM_K125,Exp02,Exp02-F4,OTM_K125,150,150,200,200
Exp02__Exp02-F5__ATM,Exp02,Exp02-F5,ATM,150,150,200,200
Exp02__Exp02-F5__OTM_K110,Exp02,Exp02-F5,OTM_K110,150,150,200,200
Exp02__Exp02-F5__OTM_K125,Exp02,Exp02-F5,OTM_K125,150,150,200,200
Exp02__Exp02-G1__ATM,Exp02,Exp02-G1,ATM,150,150,200,200
Exp02__Exp02-G1__OTM_K110,Exp02,Exp02-G1,OTM_K110,150,150,200,200
Exp02__Exp02-G1__OTM_K125,Exp02,Exp02-G1,OTM_K125,150,150,200,200
Exp02__Exp02-G2__ATM,Exp02,Exp02-G2,ATM,150,150,200,200
Exp02__Exp02-G2__OTM_K110,Exp02,Exp02-G2,OTM_K110,150,150,200,200
Exp02__Exp02-G2__OTM_K125,Exp02,Exp02-G2,OTM_K125,150,150,200,200
Exp02__Exp02-G3__ATM,Exp02,Exp02-G3,ATM,150,150,200,200
Exp02__Exp02-G3__OTM_K110,Exp02,Exp02-G3,OTM_K110,150,150,200,200
Exp02__Exp02-G3__OTM_K125,Exp02,Exp02-G3,OTM_K125,150,150,200,200
Exp03__Exp03-AA-A__ATM,Exp03,Exp03-AA-A,ATM,150,150,200,200
Exp03__Exp03-AA-A__OTM_K110,Exp03,Exp03-AA-A,OTM_K110,150,150,200,200
Exp03__Exp03-AA-A__OTM_K125,Exp03,Exp03-AA-A,OTM_K125,150,150,200,200
Exp03__Exp03-AA-B__ATM,Exp03,Exp03-AA-B,ATM,150,150,200,200
Exp03__Exp03-AA-B__OTM_K110,Exp03,Exp03-AA-B,OTM_K110,150,150,200,200
Exp03__Exp03-AA-B__OTM_K125,Exp03,Exp03-AA-B,OTM_K125,150,150,200,200
Exp03__Exp03-AA-C__ATM,Exp03,Exp03-AA-C,ATM,150,150,200,200
Exp03__Exp03-AA-C__OTM_K110,Exp03,Exp03-AA-C,OTM_K110,150,150,200,200
Exp03__Exp03-AA-C__OTM_K125,Exp03,Exp03-AA-C,OTM_K125,150,150,200,200
Exp03__Exp03-AA-D__ATM,Exp03,Exp03-AA-D,ATM,150,150,200,200
Exp03__Exp03-AA-D__OTM_K110,Exp03,Exp03-AA-D,OTM_K110,150,150,200,200
Exp03__Exp03-AA-D__OTM_K125,Exp03,Exp03-AA-D,OTM_K125,150,150,200,200
Exp03__Exp03-AA-E__ATM,Exp03,Exp03-AA-E,ATM,150,150,200,200
Exp03__Exp03-AA-E__OTM_K110,Exp03,Exp03-AA-E,OTM_K110,150,150,200,200
Exp03__Exp03-AA-E__OTM_K125,Exp03,Exp03-AA-E,OTM_K125,150,150,200,200
Exp03__Exp03-AB1-A__ATM,Exp03,Exp03-AB1-A,ATM,24,24,30,30
Exp03__Exp03-AB1-A__OTM_K110,Exp03,Exp03-AB1-A,OTM_K110,24,24,30,30
Exp03__Exp03-AB1-A__OTM_K125,Exp03,Exp03-AB1-A,OTM_K125,24,24,30,30
Exp03__Exp03-AB1-B__ATM,Exp03,Exp03-AB1-B,ATM,24,24,30,30
Exp03__Exp03-AB1-B__OTM_K110,Exp03,Exp03-AB1-B,OTM_K110,24,24,30,30
Exp03__Exp03-AB1-B__OTM_K125,Exp03,Exp03-AB1-B,OTM_K125,24,24,30,30
Exp03__Exp03-AB1-C__ATM,Exp03,Exp03-AB1-C,ATM,24,24,30,30
Exp03__Exp03-AB1-C__OTM_K110,Exp03,Exp03-AB1-C,OTM_K110,24,24,30,30
Exp03__Exp03-AB1-C__OTM_K125,Exp03,Exp03-AB1-C,OTM_K125,24,24,30,30
Exp03__Exp03-AB1-D__ATM,Exp03,Exp03-AB1-D,ATM,24,24,30,30
Exp03__Exp03-AB1-D__OTM_K110,Exp03,Exp03-AB1-D,OTM_K110,24,24,30,30
Exp03__Exp03-AB1-D__OTM_K125,Exp03,Exp03-AB1-D,OTM_K125,24,24,30,30
Exp03__Exp03-AB1-E__ATM,Exp03,Exp03-AB1-E,ATM,24,24,30,30
Exp03__Exp03-AB1-E__OTM_K110,Exp03,Exp03-AB1-E,OTM_K110,24,24,30,30
Exp03__Exp03-AB1-E__OTM_K125,Exp03,Exp03-AB1-E,OTM_K125,24,24,30,30
Exp03__Exp03-AB2-A__ATM,Exp03,Exp03-AB2-A,ATM,24,24,30,30
Exp03__Exp03-AB2-A__OTM_K110,Exp03,Exp03-AB2-A,OTM_K110,24,24,30,30
Exp03__Exp03-AB2-A__OTM_K125,Exp03,Exp03-AB2-A,OTM_K125,24,24,30,30
Exp03__Exp03-AB2-B__ATM,Exp03,Exp03-AB2-B,ATM,24,24,30,30
Exp03__Exp03-AB2-B__OTM_K110,Exp03,Exp03-AB2-B,OTM_K110,24,24,30,30
Exp03__Exp03-AB2-B__OTM_K125,Exp03,Exp03-AB2-B,OTM_K125,24,24,30,30
Exp03__Exp03-AB2-C__ATM,Exp03,Exp03-AB2-C,ATM,24,24,30,30
Exp03__Exp03-AB2-C__OTM_K110,Exp03,Exp03-AB2-C,OTM_K110,24,24,30,30
Exp03__Exp03-AB2-C__OTM_K125,Exp03,Exp03-AB2-C,OTM_K125,24,24,30,30
Exp03__Exp03-AB2-D__ATM,Exp03,Exp03-AB2-D,ATM,24,24,30,30
Exp03__Exp03-AB2-D__OTM_K110,Exp03,Exp03-AB2-D,OTM_K110,24,24,30,30
Exp03__Exp03-AB2-D__OTM_K125,Exp03,Exp03-AB2-D,OTM_K125,24,24,30,30
Exp03__Exp03-AB2-E__ATM,Exp03,Exp03-AB2-E,ATM,24,24,30,30
Exp03__Exp03-AB2-E__OTM_K110,Exp03,Exp03-AB2-E,OTM_K110,24,24,30,30
Exp03__Exp03-AB2-E__OTM_K125,Exp03,Exp03-AB2-E,OTM_K125,24,24,30,30
Exp03__Exp03-AB3-A__ATM,Exp03,Exp03-AB3-A,ATM,24,24,30,30
Exp03__Exp03-AB3-A__OTM_K110,Exp03,Exp03-AB3-A,OTM_K110,24,24,30,30
Exp03__Exp03-AB3-A__OTM_K125,Exp03,Exp03-AB3-A,OTM_K125,24,24,30,30
Exp03__Exp03-AB3-B__ATM,Exp03,Exp03-AB3-B,ATM,24,24,30,30
Exp03__Exp03-AB3-B__OTM_K110,Exp03,Exp03-AB3-B,OTM_K110,24,24,30,30
Exp03__Exp03-AB3-B__OTM_K125,Exp03,Exp03-AB3-B,OTM_K125,24,24,30,30
Exp03__Exp03-AB3-C__ATM,Exp03,Exp03-AB3-C,ATM,24,24,30,30
Exp03__Exp03-AB3-C__OTM_K110,Exp03,Exp03-AB3-C,OTM_K110,24,24,30,30
Exp03__Exp03-AB3-C__OTM_K125,Exp03,Exp03-AB3-C,OTM_K125,24,24,30,30
Exp03__Exp03-AB3-D__ATM,Exp03,Exp03-AB3-D,ATM,24,24,30,30
Exp03__Exp03-AB3-D__OTM_K110,Exp03,Exp03-AB3-D,OTM_K110,24,24,30,30
Exp03__Exp03-AB3-D__OTM_K125,Exp03,Exp03-AB3-D,OTM_K125,24,24,30,30
Exp03__Exp03-AB3-E__ATM,Exp03,Exp03-AB3-E,ATM,24,24,30,30
Exp03__Exp03-AB3-E__OTM_K110,Exp03,Exp03-AB3-E,OTM_K110,24,24,30,30
Exp03__Exp03-AB3-E__OTM_K125,Exp03,Exp03-AB3-E,OTM_K125,24,24,30,30
Exp03__Exp03-B1B1-A__ATM,Exp03,Exp03-B1B1-A,ATM,24,24,30,30
Exp03__Exp03-B1B1-A__OTM_K110,Exp03,Exp03-B1B1-A,OTM_K110,24,24,30,30
Exp03__Exp03-B1B1-A__OTM_K125,Exp03,Exp03-B1B1-A,OTM_K125,24,24,30,30
Exp03__Exp03-B1B1-B__ATM,Exp03,Exp03-B1B1-B,ATM,24,24,30,30
Exp03__Exp03-B1B1-B__OTM_K110,Exp03,Exp03-B1B1-B,OTM_K110,24,24,30,30
Exp03__Exp03-B1B1-B__OTM_K125,Exp03,Exp03-B1B1-B,OTM_K125,24,24,30,30
Exp03__Exp03-B1B1-C__ATM,Exp03,Exp03-B1B1-C,ATM,24,24,30,30
Exp03__Exp03-B1B1-C__OTM_K110,Exp03,Exp03-B1B1-C,OTM_K110,24,24,30,30
Exp03__Exp03-B1B1-C__OTM_K125,Exp03,Exp03-B1B1-C,OTM_K125,24,24,30,30
Exp03__Exp03-B1B1-D__ATM,Exp03,Exp03-B1B1-D,ATM,24,24,30,30
Exp03__Exp03-B1B1-D__OTM_K110,Exp03,Exp03-B1B1-D,OTM_K110,24,24,30,30
Exp03__Exp03-B1B1-D__OTM_K125,Exp03,Exp03-B1B1-D,OTM_K125,24,24,30,30
Exp03__Exp03-B1B1-E__ATM,Exp03,Exp03-B1B1-E,ATM,24,24,30,30
Exp03__Exp03-B1B1-E__OTM_K110,Exp03,Exp03-B1B1-E,OTM_K110,24,24,30,30
Exp03__Exp03-B1B1-E__OTM_K125,Exp03,Exp03-B1B1-E,OTM_K125,24,24,30,30
Exp03__Exp03-B2B2-A__ATM,Exp03,Exp03-B2B2-A,ATM,24,24,30,30
Exp03__Exp03-B2B2-A__OTM_K110,Exp03,Exp03-B2B2-A,OTM_K110,24,24,30,30
Exp03__Exp03-B2B2-A__OTM_K125,Exp03,Exp03-B2B2-A,OTM_K125,24,24,30,30
Exp03__Exp03-B2B2-B__ATM,Exp03,Exp03-B2B2-B,ATM,24,24,30,30
Exp03__Exp03-B2B2-B__OTM_K110,Exp03,Exp03-B2B2-B,OTM_K110,24,24,30,30
Exp03__Exp03-B2B2-B__OTM_K125,Exp03,Exp03-B2B2-B,OTM_K125,24,24,30,30
Exp03__Exp03-B2B2-C__ATM,Exp03,Exp03-B2B2-C,ATM,24,24,30,30
Exp03__Exp03-B2B2-C__OTM_K110,Exp03,Exp03-B2B2-C,OTM_K110,24,24,30,30
Exp03__Exp03-B2B2-C__OTM_K125,Exp03,Exp03-B2B2-C,OTM_K125,24,24,30,30
Exp03__Exp03-B2B2-D__ATM,Exp03,Exp03-B2B2-D,ATM,24,24,30,30
Exp03__Exp03-B2B2-D__OTM_K110,Exp03,Exp03-B2B2-D,OTM_K110,24,24,30,30
Exp03__Exp03-B2B2-D__OTM_K125,Exp03,Exp03-B2B2-D,OTM_K125,24,24,30,30
Exp03__Exp03-B2B2-E__ATM,Exp03,Exp03-B2B2-E,ATM,24,24,30,30
Exp03__Exp03-B2B2-E__OTM_K110,Exp03,Exp03-B2B2-E,OTM_K110,24,24,30,30
Exp03__Exp03-B2B2-E__OTM_K125,Exp03,Exp03-B2B2-E,OTM_K125,24,24,30,30
Exp05_axis__Exp05ax-v1__ATM,Exp05_axis,Exp05ax-v1,ATM,150,150,200,200
Exp05_axis__Exp05ax-v1__OTM_K110,Exp05_axis,Exp05ax-v1,OTM_K110,150,150,200,200
Exp05_axis__Exp05ax-v1__OTM_K125,Exp05_axis,Exp05ax-v1,OTM_K125,150,150,200,200
Exp05_axis__Exp05ax-v2__ATM,Exp05_axis,Exp05ax-v2,ATM,150,150,200,200
Exp05_axis__Exp05ax-v2__OTM_K110,Exp05_axis,Exp05ax-v2,OTM_K110,150,150,200,200
Exp05_axis__Exp05ax-v2__OTM_K125,Exp05_axis,Exp05ax-v2,OTM_K125,150,150,200,200
Exp05_axis__Exp05ax-v3__ATM,Exp05_axis,Exp05ax-v3,ATM,150,150,200,200
Exp05_axis__Exp05ax-v3__OTM_K110,Exp05_axis,Exp05ax-v3,OTM_K110,150,150,200,200
Exp05_axis__Exp05ax-v3__OTM_K125,Exp05_axis,Exp05ax-v3,OTM_K125,150,150,200,200
Exp05_axis__Exp05ax-v4__ATM,Exp05_axis,Exp05ax-v4,ATM,150,150,200,200
Exp05_axis__Exp05ax-v4__OTM_K110,Exp05_axis,Exp05ax-v4,OTM_K110,150,150,200,200
Exp05_axis__Exp05ax-v4__OTM_K125,Exp05_axis,Exp05ax-v4,OTM_K125,150,150,200,200
Exp05_axis__Exp05ax-v5__ATM,Exp05_axis,Exp05ax-v5,ATM,150,150,200,200
Exp05_axis__Exp05ax-v5__OTM_K110,Exp05_axis,Exp05ax-v5,OTM_K110,150,150,200,200
Exp05_axis__Exp05ax-v5__OTM_K125,Exp05_axis,Exp05ax-v5,OTM_K125,150,150,200,200
Exp05_axis__Exp05ax-kappa1__ATM,Exp05_axis,Exp05ax-kappa1,ATM,150,150,200,200
Exp05_axis__Exp05ax-kappa1__OTM_K110,Exp05_axis,Exp05ax-kappa1,OTM_K110,150,150,200,200
Exp05_axis__Exp05ax-kappa1__OTM_K125,Exp05_axis,Exp05ax-kappa1,OTM_K125,150,150,200,200
Exp05_axis__Exp05ax-kappa2__ATM,Exp05_axis,Exp05ax-kappa2,ATM,150,150,200,200
Exp05_axis__Exp05ax-kappa2__OTM_K110,Exp05_axis,Exp05ax-kappa2,OTM_K110,150,150,200,200
Exp05_axis__Exp05ax-kappa2__OTM_K125,Exp05_axis,Exp05ax-kappa2,OTM_K125,150,150,200,200
Exp05_axis__Exp05ax-kappa3__ATM,Exp05_axis,Exp05ax-kappa3,ATM,150,150,200,200
Exp05_axis__Exp05ax-kappa3__OTM_K110,Exp05_axis,Exp05ax-kappa3,OTM_K110,150,150,200,200
Exp05_axis__Exp05ax-kappa3__OTM_K125,Exp05_axis,Exp05ax-kappa3,OTM_K125,150,150,200,200
Exp05_axis__Exp05ax-kappa4__ATM,Exp05_axis,Exp05ax-kappa4,ATM,150,150,200,200
Exp05_axis__Exp05ax-kappa4__OTM_K110,Exp05_axis,Exp05ax-kappa4,OTM_K110,150,150,200,200
Exp05_axis__Exp05ax-kappa4__OTM_K125,Exp05_axis,Exp05ax-kappa4,OTM_K125,150,150,200,200
Exp05_axis__Exp05ax-kappa5__ATM,Exp05_axis,Exp05ax-kappa5,ATM,150,150,200,200
Exp05_axis__Exp05ax-kappa5__OTM_K110,Exp05_axis,Exp05ax-kappa5,OTM_K110,150,150,200,200
Exp05_axis__Exp05ax-kappa5__OTM_K125,Exp05_axis,Exp05ax-kappa5,OTM_K125,150,150,200,200
Exp05_axis__Exp05ax-omega1__ATM,Exp05_axis,Exp05ax-omega1,ATM,150,150,200,200
Exp05_axis__Exp05ax-omega1__OTM_K110,Exp05_axis,Exp05ax-omega1,OTM_K110,150,150,200,200
Exp05_axis__Exp05ax-omega1__OTM_K125,Exp05_axis,Exp05ax-omega1,OTM_K125,150,150,200,200
Exp05_axis__Exp05ax-omega2__ATM,Exp05_axis,Exp05ax-omega2,ATM,150,150,200,200
Exp05_axis__Exp05ax-omega2__OTM_K110,Exp05_axis,Exp05ax-omega2,OTM_K110,150,150,200,200
Exp05_axis__Exp05ax-omega2__OTM_K125,Exp05_axis,Exp05ax-omega2,OTM_K125,150,150,200,200
Exp05_axis__Exp05ax-omega3__ATM,Exp05_axis,Exp05ax-omega3,ATM,150,150,200,200
Exp05_axis__Exp05ax-omega3__OTM_K110,Exp05_axis,Exp05ax-omega3,OTM_K110,150,150,200,200
Exp05_axis__Exp05ax-omega3__OTM_K125,Exp05_axis,Exp05ax-omega3,OTM_K125,150,150,200,200
Exp05_axis__Exp05ax-omega4__ATM,Exp05_axis,Exp05ax-omega4,ATM,150,150,200,200
Exp05_axis__Exp05ax-omega4__OTM_K110,Exp05_axis,Exp05ax-omega4,OTM_K110,150,150,200,200
Exp05_axis__Exp05ax-omega4__OTM_K125,Exp05_axis,Exp05ax-omega4,OTM_K125,150,150,200,200
Exp05_axis__Exp05ax-omega5__ATM,Exp05_axis,Exp05ax-omega5,ATM,150,150,200,200
Exp05_axis__Exp05ax-omega5__OTM_K110,Exp05_axis,Exp05ax-omega5,OTM_K110,150,150,200,200
Exp05_axis__Exp05ax-omega5__OTM_K125,Exp05_axis,Exp05ax-omega5,OTM_K125,150,150,200,200
Exp05_axis__Exp05ax-xi1__ATM,Exp05_axis,Exp05ax-xi1,ATM,150,150,200,200
Exp05_axis__Exp05ax-xi1__OTM_K110,Exp05_axis,Exp05ax-xi1,OTM_K110,150,150,200,200
Exp05_axis__Exp05ax-xi1__OTM_K125,Exp05_axis,Exp05ax-xi1,OTM_K125,150,150,200,200
Exp05_axis__Exp05ax-xi2__ATM,Exp05_axis,Exp05ax-xi2,ATM,150,150,200,200
Exp05_axis__Exp05ax-xi2__OTM_K110,Exp05_axis,Exp05ax-xi2,OTM_K110,150,150,200,200
Exp05_axis__Exp05ax-xi2__OTM_K125,Exp05_axis,Exp05ax-xi2,OTM_K125,150,150,200,200
Exp05_axis__Exp05ax-xi3__ATM,Exp05_axis,Exp05ax-xi3,ATM,150,150,200,200
Exp05_axis__Exp05ax-xi3__OTM_K110,Exp05_axis,Exp05ax-xi3,OTM_K110,150,150,200,200
Exp05_axis__Exp05ax-xi3__OTM_K125,Exp05_axis,Exp05ax-xi3,OTM_K125,150,150,200,200
Exp05_axis__Exp05ax-xi4__ATM,Exp05_axis,Exp05ax-xi4,ATM,150,150,200,200
Exp05_axis__Exp05ax-xi4__OTM_K110,Exp05_axis,Exp05ax-xi4,OTM_K110,150,150,200,200
Exp05_axis__Exp05ax-xi4__OTM_K125,Exp05_axis,Exp05ax-xi4,OTM_K125,150,150,200,200
Exp05_axis__Exp05ax-xi5__ATM,Exp05_axis,Exp05ax-xi5,ATM,150,150,200,200
Exp05_axis__Exp05ax-xi5__OTM_K110,Exp05_axis,Exp05ax-xi5,OTM_K110,150,150,200,200
Exp05_axis__Exp05ax-xi5__OTM_K125,Exp05_axis,Exp05ax-xi5,OTM_K125,150,150,200,200
Exp05_axis__Exp05ax-rho1__ATM,Exp05_axis,Exp05ax-rho1,ATM,150,150,200,200
Exp05_axis__Exp05ax-rho1__OTM_K110,Exp05_axis,Exp05ax-rho1,OTM_K110,150,150,200,200
Exp05_axis__Exp05ax-rho1__OTM_K125,Exp05_axis,Exp05ax-rho1,OTM_K125,150,150,200,200
Exp05_axis__Exp05ax-rho2__ATM,Exp05_axis,Exp05ax-rho2,ATM,150,150,200,200
Exp05_axis__Exp05ax-rho2__OTM_K110,Exp05_axis,Exp05ax-rho2,OTM_K110,150,150,200,200
Exp05_axis__Exp05ax-rho2__OTM_K125,Exp05_axis,Exp05ax-rho2,OTM_K125,150,150,200,200
Exp05_axis__Exp05ax-rho3__ATM,Exp05_axis,Exp05ax-rho3,ATM,150,150,200,200
Exp05_axis__Exp05ax-rho3__OTM_K110,Exp05_axis,Exp05ax-rho3,OTM_K110,150,150,200,200
Exp05_axis__Exp05ax-rho3__OTM_K125,Exp05_axis,Exp05ax-rho3,OTM_K125,150,150,200,200
Exp05_axis__Exp05ax-rho4__ATM,Exp05_axis,Exp05ax-rho4,ATM,150,150,200,200
Exp05_axis__Exp05ax-rho4__OTM_K110,Exp05_axis,Exp05ax-rho4,OTM_K110,150,150,200,200
Exp05_axis__Exp05ax-rho4__OTM_K125,Exp05_axis,Exp05ax-rho4,OTM_K125,150,150,200,200
Exp05_axis__Exp05ax-rho5__ATM,Exp05_axis,Exp05ax-rho5,ATM,150,150,200,200
Exp05_axis__Exp05ax-rho5__OTM_K110,Exp05_axis,Exp05ax-rho5,OTM_K110,150,150,200,200
Exp05_axis__Exp05ax-rho5__OTM_K125,Exp05_axis,Exp05ax-rho5,OTM_K125,150,150,200,200
Exp05_diag__Exp05dg-vkappa_s1__ATM,Exp05_diag,Exp05dg-vkappa_s1,ATM,150,150,200,200
Exp05_diag__Exp05dg-vkappa_s1__OTM_K110,Exp05_diag,Exp05dg-vkappa_s1,OTM_K110,150,150,200,200
Exp05_diag__Exp05dg-vkappa_s1__OTM_K125,Exp05_diag,Exp05dg-vkappa_s1,OTM_K125,150,150,200,200
Exp05_diag__Exp05dg-vkappa_s2__ATM,Exp05_diag,Exp05dg-vkappa_s2,ATM,150,150,200,200
Exp05_diag__Exp05dg-vkappa_s2__OTM_K110,Exp05_diag,Exp05dg-vkappa_s2,OTM_K110,150,150,200,200
Exp05_diag__Exp05dg-vkappa_s2__OTM_K125,Exp05_diag,Exp05dg-vkappa_s2,OTM_K125,150,150,200,200
Exp05_diag__Exp05dg-vkappa_s4__ATM,Exp05_diag,Exp05dg-vkappa_s4,ATM,150,150,200,200
Exp05_diag__Exp05dg-vkappa_s4__OTM_K110,Exp05_diag,Exp05dg-vkappa_s4,OTM_K110,150,150,200,200
Exp05_diag__Exp05dg-vkappa_s4__OTM_K125,Exp05_diag,Exp05dg-vkappa_s4,OTM_K125,150,150,200,200
Exp05_diag__Exp05dg-vkappa_s8__ATM,Exp05_diag,Exp05dg-vkappa_s8,ATM,150,150,200,200
Exp05_diag__Exp05dg-vkappa_s8__OTM_K110,Exp05_diag,Exp05dg-vkappa_s8,OTM_K110,150,150,200,200
Exp05_diag__Exp05dg-vkappa_s8__OTM_K125,Exp05_diag,Exp05dg-vkappa_s8,OTM_K125,150,150,200,200
Exp05_diag__Exp05dg-vkappa_s16__ATM,Exp05_diag,Exp05dg-vkappa_s16,ATM,150,150,200,200
Exp05_diag__Exp05dg-vkappa_s16__OTM_K110,Exp05_diag,Exp05dg-vkappa_s16,OTM_K110,150,150,200,200
Exp05_diag__Exp05dg-vkappa_s16__OTM_K125,Exp05_diag,Exp05dg-vkappa_s16,OTM_K125,150,150,200,200
Exp05_diag__Exp05dg-vomega_s1__ATM,Exp05_diag,Exp05dg-vomega_s1,ATM,150,150,200,200
Exp05_diag__Exp05dg-vomega_s1__OTM_K110,Exp05_diag,Exp05dg-vomega_s1,OTM_K110,150,150,200,200
Exp05_diag__Exp05dg-vomega_s1__OTM_K125,Exp05_diag,Exp05dg-vomega_s1,OTM_K125,150,150,200,200
Exp05_diag__Exp05dg-vomega_s2__ATM,Exp05_diag,Exp05dg-vomega_s2,ATM,150,150,200,200
Exp05_diag__Exp05dg-vomega_s2__OTM_K110,Exp05_diag,Exp05dg-vomega_s2,OTM_K110,150,150,200,200
Exp05_diag__Exp05dg-vomega_s2__OTM_K125,Exp05_diag,Exp05dg-vomega_s2,OTM_K125,150,150,200,200
Exp05_diag__Exp05dg-vomega_s4__ATM,Exp05_diag,Exp05dg-vomega_s4,ATM,150,150,200,200
Exp05_diag__Exp05dg-vomega_s4__OTM_K110,Exp05_diag,Exp05dg-vomega_s4,OTM_K110,150,150,200,200
Exp05_diag__Exp05dg-vomega_s4__OTM_K125,Exp05_diag,Exp05dg-vomega_s4,OTM_K125,150,150,200,200
Exp05_diag__Exp05dg-vomega_s8__ATM,Exp05_diag,Exp05dg-vomega_s8,ATM,150,150,200,200
Exp05_diag__Exp05dg-vomega_s8__OTM_K110,Exp05_diag,Exp05dg-vomega_s8,OTM_K110,150,150,200,200
Exp05_diag__Exp05dg-vomega_s8__OTM_K125,Exp05_diag,Exp05dg-vomega_s8,OTM_K125,150,150,200,200
Exp05_diag__Exp05dg-vomega_s16__ATM,Exp05_diag,Exp05dg-vomega_s16,ATM,150,150,200,200
Exp05_diag__Exp05dg-vomega_s16__OTM_K110,Exp05_diag,Exp05dg-vomega_s16,OTM_K110,150,150,200,200
Exp05_diag__Exp05dg-vomega_s16__OTM_K125,Exp05_diag,Exp05dg-vomega_s16,OTM_K125,150,150,200,200
Exp05_diag__Exp05dg-vxi_s1__ATM,Exp05_diag,Exp05dg-vxi_s1,ATM,150,150,200,200
Exp05_diag__Exp05dg-vxi_s1__OTM_K110,Exp05_diag,Exp05dg-vxi_s1,OTM_K110,150,150,200,200
Exp05_diag__Exp05dg-vxi_s1__OTM_K125,Exp05_diag,Exp05dg-vxi_s1,OTM_K125,150,150,200,200
Exp05_diag__Exp05dg-vxi_s2__ATM,Exp05_diag,Exp05dg-vxi_s2,ATM,150,150,200,200
Exp05_diag__Exp05dg-vxi_s2__OTM_K110,Exp05_diag,Exp05dg-vxi_s2,OTM_K110,150,150,200,200
Exp05_diag__Exp05dg-vxi_s2__OTM_K125,Exp05_diag,Exp05dg-vxi_s2,OTM_K125,150,150,200,200
Exp05_diag__Exp05dg-vxi_s4__ATM,Exp05_diag,Exp05dg-vxi_s4,ATM,150,150,200,200
Exp05_diag__Exp05dg-vxi_s4__OTM_K110,Exp05_diag,Exp05dg-vxi_s4,OTM_K110,150,150,200,200
Exp05_diag__Exp05dg-vxi_s4__OTM_K125,Exp05_diag,Exp05dg-vxi_s4,OTM_K125,150,150,200,200
Exp05_diag__Exp05dg-vxi_s8__ATM,Exp05_diag,Exp05dg-vxi_s8,ATM,150,150,200,200
Exp05_diag__Exp05dg-vxi_s8__OTM_K110,Exp05_diag,Exp05dg-vxi_s8,OTM_K110,150,150,200,200
Exp05_diag__Exp05dg-vxi_s8__OTM_K125,Exp05_diag,Exp05dg-vxi_s8,OTM_K125,150,150,200,200
Exp05_diag__Exp05dg-vxi_s16__ATM,Exp05_diag,Exp05dg-vxi_s16,ATM,150,150,200,200
Exp05_diag__Exp05dg-vxi_s16__OTM_K110,Exp05_diag,Exp05dg-vxi_s16,OTM_K110,150,150,200,200
Exp05_diag__Exp05dg-vxi_s16__OTM_K125,Exp05_diag,Exp05dg-vxi_s16,OTM_K125,150,150,200,200
Exp05_diag__Exp05dg-kappaxi_s1__ATM,Exp05_diag,Exp05dg-kappaxi_s1,ATM,150,150,200,200
Exp05_diag__Exp05dg-kappaxi_s1__OTM_K110,Exp05_diag,Exp05dg-kappaxi_s1,OTM_K110,150,150,200,200
Exp05_diag__Exp05dg-kappaxi_s1__OTM_K125,Exp05_diag,Exp05dg-kappaxi_s1,OTM_K125,150,150,200,200
Exp05_diag__Exp05dg-kappaxi_s2__ATM,Exp05_diag,Exp05dg-kappaxi_s2,ATM,150,150,200,200
Exp05_diag__Exp05dg-kappaxi_s2__OTM_K110,Exp05_diag,Exp05dg-kappaxi_s2,OTM_K110,150,150,200,200
Exp05_diag__Exp05dg-kappaxi_s2__OTM_K125,Exp05_diag,Exp05dg-kappaxi_s2,OTM_K125,150,150,200,200
Exp05_diag__Exp05dg-kappaxi_s4__ATM,Exp05_diag,Exp05dg-kappaxi_s4,ATM,150,150,200,200
Exp05_diag__Exp05dg-kappaxi_s4__OTM_K110,Exp05_diag,Exp05dg-kappaxi_s4,OTM_K110,150,150,200,200
Exp05_diag__Exp05dg-kappaxi_s4__OTM_K125,Exp05_diag,Exp05dg-kappaxi_s4,OTM_K125,150,150,200,200
Exp05_diag__Exp05dg-kappaxi_s8__ATM,Exp05_diag,Exp05dg-kappaxi_s8,ATM,150,150,200,200
Exp05_diag__Exp05dg-kappaxi_s8__OTM_K110,Exp05_diag,Exp05dg-kappaxi_s8,OTM_K110,150,150,200,200
Exp05_diag__Exp05dg-kappaxi_s8__OTM_K125,Exp05_diag,Exp05dg-kappaxi_s8,OTM_K125,150,150,200,200
Exp05_diag__Exp05dg-kappaxi_s16__ATM,Exp05_diag,Exp05dg-kappaxi_s16,ATM,150,150,200,200
Exp05_diag__Exp05dg-kappaxi_s16__OTM_K110,Exp05_diag,Exp05dg-kappaxi_s16,OTM_K110,150,150,200,200
Exp05_diag__Exp05dg-kappaxi_s16__OTM_K125,Exp05_diag,Exp05dg-kappaxi_s16,OTM_K125,150,150,200,200
Exp05_diag__Exp05dg-vrho_s1__ATM,Exp05_diag,Exp05dg-vrho_s1,ATM,150,150,200,200
Exp05_diag__Exp05dg-vrho_s1__OTM_K110,Exp05_diag,Exp05dg-vrho_s1,OTM_K110,150,150,200,200
Exp05_diag__Exp05dg-vrho_s1__OTM_K125,Exp05_diag,Exp05dg-vrho_s1,OTM_K125,150,150,200,200
Exp05_diag__Exp05dg-vrho_s2__ATM,Exp05_diag,Exp05dg-vrho_s2,ATM,150,150,200,200
Exp05_diag__Exp05dg-vrho_s2__OTM_K110,Exp05_diag,Exp05dg-vrho_s2,OTM_K110,150,150,200,200
Exp05_diag__Exp05dg-vrho_s2__OTM_K125,Exp05_diag,Exp05dg-vrho_s2,OTM_K125,150,150,200,200
Exp05_diag__Exp05dg-vrho_s4__ATM,Exp05_diag,Exp05dg-vrho_s4,ATM,150,150,200,200
Exp05_diag__Exp05dg-vrho_s4__OTM_K110,Exp05_diag,Exp05dg-vrho_s4,OTM_K110,150,150,200,200
Exp05_diag__Exp05dg-vrho_s4__OTM_K125,Exp05_diag,Exp05dg-vrho_s4,OTM_K125,150,150,200,200
Exp05_diag__Exp05dg-vrho_s8__ATM,Exp05_diag,Exp05dg-vrho_s8,ATM,150,150,200,200
Exp05_diag__Exp05dg-vrho_s8__OTM_K110,Exp05_diag,Exp05dg-vrho_s8,OTM_K110,150,150,200,200
Exp05_diag__Exp05dg-vrho_s8__OTM_K125,Exp05_diag,Exp05dg-vrho_s8,OTM_K125,150,150,200,200
Exp05_diag__Exp05dg-vrho_s16__ATM,Exp05_diag,Exp05dg-vrho_s16,ATM,150,150,200,200
Exp05_diag__Exp05dg-vrho_s16__OTM_K110,Exp05_diag,Exp05dg-vrho_s16,OTM_K110,150,150,200,200
Exp05_diag__Exp05dg-vrho_s16__OTM_K125,Exp05_diag,Exp05dg-vrho_s16,OTM_K125,150,150,200,200
Exp05_diag__Exp05dg-all5_s1__ATM,Exp05_diag,Exp05dg-all5_s1,ATM,150,150,200,200
Exp05_diag__Exp05dg-all5_s1__OTM_K110,Exp05_diag,Exp05dg-all5_s1,OTM_K110,150,150,200,200
Exp05_diag__Exp05dg-all5_s1__OTM_K125,Exp05_diag,Exp05dg-all5_s1,OTM_K125,150,150,200,200
Exp05_diag__Exp05dg-all5_s2__ATM,Exp05_diag,Exp05dg-all5_s2,ATM,150,150,200,200
Exp05_diag__Exp05dg-all5_s2__OTM_K110,Exp05_diag,Exp05dg-all5_s2,OTM_K110,150,150,200,200
Exp05_diag__Exp05dg-all5_s2__OTM_K125,Exp05_diag,Exp05dg-all5_s2,OTM_K125,150,150,200,200
Exp05_diag__Exp05dg-all5_s4__ATM,Exp05_diag,Exp05dg-all5_s4,ATM,150,150,200,200
Exp05_diag__Exp05dg-all5_s4__OTM_K110,Exp05_diag,Exp05dg-all5_s4,OTM_K110,150,150,200,200
Exp05_diag__Exp05dg-all5_s4__OTM_K125,Exp05_diag,Exp05dg-all5_s4,OTM_K125,150,150,200,200
Exp05_diag__Exp05dg-all5_s8__ATM,Exp05_diag,Exp05dg-all5_s8,ATM,150,150,200,200
Exp05_diag__Exp05dg-all5_s8__OTM_K110,Exp05_diag,Exp05dg-all5_s8,OTM_K110,150,150,200,200
Exp05_diag__Exp05dg-all5_s8__OTM_K125,Exp05_diag,Exp05dg-all5_s8,OTM_K125,150,150,200,200
Exp05_diag__Exp05dg-all5_s16__ATM,Exp05_diag,Exp05dg-all5_s16,ATM,150,150,200,200
Exp05_diag__Exp05dg-all5_s16__OTM_K110,Exp05_diag,Exp05dg-all5_s16,OTM_K110,150,150,200,200
Exp05_diag__Exp05dg-all5_s16__OTM_K125,Exp05_diag,Exp05dg-all5_s16,OTM_K125,150,150,200,200
Exp06__Exp06-G1__ATM,Exp06,Exp06-G1,ATM,150,150,200,200
Exp06__Exp06-G1__OTM_K110,Exp06,Exp06-G1,OTM_K110,150,150,200,200
Exp06__Exp06-G1__OTM_K125,Exp06,Exp06-G1,OTM_K125,150,150,200,200
Exp06__Exp06-G2__ATM,Exp06,Exp06-G2,ATM,150,150,200,200
Exp06__Exp06-G2__OTM_K110,Exp06,Exp06-G2,OTM_K110,150,150,200,200
Exp06__Exp06-G2__OTM_K125,Exp06,Exp06-G2,OTM_K125,150,150,200,200
Exp06__Exp06-G3__ATM,Exp06,Exp06-G3,ATM,150,150,200,200
Exp06__Exp06-G3__OTM_K110,Exp06,Exp06-G3,OTM_K110,150,150,200,200
Exp06__Exp06-G3__OTM_K125,Exp06,Exp06-G3,OTM_K125,150,150,200,200
Exp06__Exp06-H1__ATM,Exp06,Exp06-H1,ATM,150,150,200,200
Exp06__Exp06-H1__OTM_K110,Exp06,Exp06-H1,OTM_K110,150,150,200,200
Exp06__Exp06-H1__OTM_K125,Exp06,Exp06-H1,OTM_K125,150,150,200,200
Exp06__Exp06-H2__ATM,Exp06,Exp06-H2,ATM,150,150,200,200
Exp06__Exp06-H2__OTM_K110,Exp06,Exp06-H2,OTM_K110,150,150,200,200
Exp06__Exp06-H2__OTM_K125,Exp06,Exp06-H2,OTM_K125,150,150,200,200
Exp06__Exp06-H3__ATM,Exp06,Exp06-H3,ATM,150,150,200,200
Exp06__Exp06-H3__OTM_K110,Exp06,Exp06-H3,OTM_K110,150,150,200,200
Exp06__Exp06-H3__OTM_K125,Exp06,Exp06-H3,OTM_K125,150,150,200,200
Exp06__Exp06-H4__ATM,Exp06,Exp06-H4,ATM,150,150,200,200
Exp06__Exp06-H4__OTM_K110,Exp06,Exp06-H4,OTM_K110,150,150,200,200
Exp06__Exp06-H4__OTM_K125,Exp06,Exp06-H4,OTM_K125,150,150,200,200
Exp06__Exp06-H5__ATM,Exp06,Exp06-H5,ATM,150,150,200,200
Exp06__Exp06-H5__OTM_K110,Exp06,Exp06-H5,OTM_K110,150,150,200,200
Exp06__Exp06-H5__OTM_K125,Exp06,Exp06-H5,OTM_K125,150,150,200,200
Exp09__Exp09-W1_luna__ATM,Exp09,Exp09-W1_luna,ATM,150,150,200,200
Exp09__Exp09-W1_luna__OTM_K110,Exp09,Exp09-W1_luna,OTM_K110,150,150,200,200
Exp09__Exp09-W1_luna__OTM_K125,Exp09,Exp09-W1_luna,OTM_K125,150,150,200,200
Exp09__Exp09-W2_ftx__ATM,Exp09,Exp09-W2_ftx,ATM,150,150,200,200
Exp09__Exp09-W2_ftx__OTM_K110,Exp09,Exp09-W2_ftx,OTM_K110,150,150,200,200
Exp09__Exp09-W2_ftx__OTM_K125,Exp09,Exp09-W2_ftx,OTM_K125,150,150,200,200
Exp09__Exp09-W3_etf__ATM,Exp09,Exp09-W3_etf,ATM,150,150,200,200
Exp09__Exp09-W3_etf__OTM_K110,Exp09,Exp09-W3_etf,OTM_K110,150,150,200,200
Exp09__Exp09-W3_etf__OTM_K125,Exp09,Exp09-W3_etf,OTM_K125,150,150,200,200
Exp09__Exp09-W4_stab__ATM,Exp09,Exp09-W4_stab,ATM,150,150,200,200
Exp09__Exp09-W4_stab__OTM_K110,Exp09,Exp09-W4_stab,OTM_K110,150,150,200,200
Exp09__Exp09-W4_stab__OTM_K125,Exp09,Exp09-W4_stab,OTM_K125,150,150,200,200
KouAB_stageA__KouA-A__ATM,KouAB_stageA,KouA-A,ATM,24,24,30,30
KouAB_stageA__KouA-A__OTM_K110,KouAB_stageA,KouA-A,OTM_K110,24,24,30,30
KouAB_stageA__KouA-A__OTM_K125,KouAB_stageA,KouA-A,OTM_K125,24,24,30,30
KouAB_stageA__KouA-B__ATM,KouAB_stageA,KouA-B,ATM,24,24,30,30
KouAB_stageA__KouA-B__OTM_K110,KouAB_stageA,KouA-B,OTM_K110,24,24,30,30
KouAB_stageA__KouA-B__OTM_K125,KouAB_stageA,KouA-B,OTM_K125,24,24,30,30
KouAB_stageA__KouA-C__ATM,KouAB_stageA,KouA-C,ATM,24,24,30,30
KouAB_stageA__KouA-C__OTM_K110,KouAB_stageA,KouA-C,OTM_K110,24,24,30,30
KouAB_stageA__KouA-C__OTM_K125,KouAB_stageA,KouA-C,OTM_K125,24,24,30,30
KouAB_stageA__KouA-D__ATM,KouAB_stageA,KouA-D,ATM,24,24,30,30
KouAB_stageA__KouA-D__OTM_K110,KouAB_stageA,KouA-D,OTM_K110,24,24,30,30
KouAB_stageA__KouA-D__OTM_K125,KouAB_stageA,KouA-D,OTM_K125,24,24,30,30
KouAB_stageB__KouB-A__ATM,KouAB_stageB,KouB-A,ATM,150,150,200,200
KouAB_stageB__KouB-A__OTM_K110,KouAB_stageB,KouB-A,OTM_K110,150,150,200,200
KouAB_stageB__KouB-A__OTM_K125,KouAB_stageB,KouB-A,OTM_K125,150,150,200,200
KouAB_stageB__KouB-B__ATM,KouAB_stageB,KouB-B,ATM,150,150,200,200
KouAB_stageB__KouB-B__OTM_K110,KouAB_stageB,KouB-B,OTM_K110,150,150,200,200
KouAB_stageB__KouB-B__OTM_K125,KouAB_stageB,KouB-B,OTM_K125,150,150,200,200
KouAB_stageB__KouB-C__ATM,KouAB_stageB,KouB-C,ATM,150,150,200,200
KouAB_stageB__KouB-C__OTM_K110,KouAB_stageB,KouB-C,OTM_K110,150,150,200,200
KouAB_stageB__KouB-C__OTM_K125,KouAB_stageB,KouB-C,OTM_K125,150,150,200,200
KouAB_stageB__KouB-D__ATM,KouAB_stageB,KouB-D,ATM,150,150,200,200
KouAB_stageB__KouB-D__OTM_K110,KouAB_stageB,KouB-D,OTM_K110,150,150,200,200
KouAB_stageB__KouB-D__OTM_K125,KouAB_stageB,KouB-D,OTM_K125,150,150,200,200
KouBTC__KouBTC-Luna_pre__ATM,KouBTC,KouBTC-Luna_pre,ATM,150,150,200,200
KouBTC__KouBTC-Luna_pre__OTM_K110,KouBTC,KouBTC-Luna_pre,OTM_K110,150,150,200,200
KouBTC__KouBTC-Luna_pre__OTM_K125,KouBTC,KouBTC-Luna_pre,OTM_K125,150,150,200,200
KouBTC__KouBTC-Luna_post__ATM,KouBTC,KouBTC-Luna_post,ATM,150,150,200,200
KouBTC__KouBTC-Luna_post__OTM_K110,KouBTC,KouBTC-Luna_post,OTM_K110,150,150,200,200
KouBTC__KouBTC-Luna_post__OTM_K125,KouBTC,KouBTC-Luna_post,OTM_K125,150,150,200,200
KouBTC__KouBTC-FTX_pre__ATM,KouBTC,KouBTC-FTX_pre,ATM,150,150,200,200
KouBTC__KouBTC-FTX_pre__OTM_K110,KouBTC,KouBTC-FTX_pre,OTM_K110,150,150,200,200
KouBTC__KouBTC-FTX_pre__OTM_K125,KouBTC,KouBTC-FTX_pre,OTM_K125,150,150,200,200
KouBTC__KouBTC-FTX_post__ATM,KouBTC,KouBTC-FTX_post,ATM,150,150,200,200
KouBTC__KouBTC-FTX_post__OTM_K110,KouBTC,KouBTC-FTX_post,OTM_K110,150,150,200,200
KouBTC__KouBTC-FTX_post__OTM_K125,KouBTC,KouBTC-FTX_post,OTM_K125,150,150,200,200
KouBTC__KouBTC-ETF_pre__ATM,KouBTC,KouBTC-ETF_pre,ATM,150,150,200,200
KouBTC__KouBTC-ETF_pre__OTM_K110,KouBTC,KouBTC-ETF_pre,OTM_K110,150,150,200,200
KouBTC__KouBTC-ETF_pre__OTM_K125,KouBTC,KouBTC-ETF_pre,OTM_K125,150,150,200,200
KouBTC__KouBTC-ETF_post__ATM,KouBTC,KouBTC-ETF_post,ATM,150,150,200,200
KouBTC__KouBTC-ETF_post__OTM_K110,KouBTC,KouBTC-ETF_post,OTM_K110,150,150,200,200
KouBTC__KouBTC-ETF_post__OTM_K125,KouBTC,KouBTC-ETF_post,OTM_K125,150,150,200,200
