est,model,pair,payoff,n_seed,s,ratio,KS_p,KS_rej,AD_rej,skew,kurt
NN,heston,A,price_ATMcall,200,-8.230549755763885,0.9999999999999966,0.6017241617323735,0,0,-0.0422308423321523,2.841670984288708
NN,heston,A,delta_ATM,200,-2.922389473055665,1.000256308169972,0.8754406601982867,0,0,0.03523297723719504,2.7185035496265937
NN,heston,A,digital_OTM110,200,-2.345880818156983,0.9976598561182646,0.5070303093848949,0,0,-0.04966656780770237,2.7452098879302813
NN,heston,B,price_ATMcall,200,-8.57659152254914,0.999999999999999,0.9811307590769472,0,0,-0.04993395671789393,2.93946075625332
NN,heston,B,delta_ATM,200,-2.978014597187912,1.0000656771585723,0.7663523099454059,0,0,0.015889764101706637,2.7331942609322875
NN,heston,B,digital_OTM110,200,-2.360641910621587,0.9978200624103397,0.9915172470942877,0,0,-0.0972150491725489,2.7628453545083262
NN,heston,C,price_ATMcall,200,-8.815305297635286,1.0000000000000002,0.9657624519244967,0,0,-0.08738133675929442,3.012313773431261
NN,heston,C,delta_ATM,200,-3.139331163730058,0.9998524623265604,0.9968257093656581,0,0,0.0494702408347229,2.47178028856968
NN,heston,C,digital_OTM110,200,-2.457314527823166,0.9981430908726148,0.9828354400524729,0,0,0.027159869865225828,2.4148563841977997
NN,heston,D,price_ATMcall,200,-9.910184235373496,0.9999999999999996,0.867841769954391,0,0,-0.1286754620451392,2.908581576076288
NN,heston,D,delta_ATM,200,-3.335019912894295,0.9999332243898393,0.44623241751859977,0,0,-0.28510589783919427,3.0998479254921096
NN,heston,D,digital_OTM110,200,-2.412460890357268,0.9982625717141894,0.9002818881716541,0,0,-0.16797538920524321,2.9659192267044334
NN,kou,A,price_ATMcall,170,-4.685033034711267,0.9999998820799325,0.48634118557979367,0,0,-0.21279591765383185,3.1750271252278828
NN,kou,A,delta_ATM,170,-2.0329319247755557,1.0020116173641493,0.9565126028561896,0,0,0.02444750998286719,3.2856436345967883
NN,kou,A,digital_OTM110,170,-0.7525129145858539,1.0057975579388903,0.8690083439894994,0,0,0.054280820186696985,3.636310888109703
NN,kou,B,price_ATMcall,170,-4.810570668120007,0.9999999396514191,0.7177316017550622,0,0,-0.3019707777282893,3.7613377699863144
NN,kou,B,delta_ATM,170,-2.057335716555936,1.0027675028137975,0.9871074832502962,0,0,-0.05235977346349338,3.718194510674887
NN,kou,B,digital_OTM110,170,-0.7239368764514131,0.9929242375328352,0.7695365919654527,0,0,0.008288104105772732,3.84944820066036
NN,kou,C,price_ATMcall,170,-5.152480337847056,0.9999999909376923,0.6811260365876237,0,0,-0.37000088620724236,3.70496017133049
NN,kou,C,delta_ATM,170,-2.1915744899854315,1.0003204504998375,0.9741377377453022,0,0,-0.0889735926163933,3.172131435521269
NN,kou,C,digital_OTM110,170,-0.7252436664149028,0.9974153840339616,0.9987216743307209,0,0,0.005805798856885364,3.0550598546619043
NN,kou,D,price_ATMcall,170,-6.123605933833214,0.9999999999767595,0.8662477122842307,0,0,-0.29075284168498033,2.731344121058162
NN,kou,D,delta_ATM,170,-2.6016697155592166,0.9988818808932557,0.6234286261118593,0,0,-0.20473884758019317,2.545332449266592
NN,kou,D,digital_OTM110,170,-0.5874840599263496,1.0127691469716515,0.98675849523079,0,0,-0.01742891022388973,2.6890884791592984
RF,heston,A,price_ATMcall,200,-0.5960739897580212,0.6371184092753396,5.777495429952836e-14,1,1,-2.8672688383549714,12.546315173895298
RF,heston,A,delta_ATM,200,-0.5907758996291226,0.6330583444487377,3.8454352645281526e-14,1,1,-2.944580175735351,13.260482627261212
RF,heston,A,digital_OTM110,200,-0.5587586747148993,0.6078110639483333,3.0099387444932196e-15,1,1,-3.4798546351965816,18.79684817547778
RF,heston,B,price_ATMcall,200,-0.6836045852714545,0.7001663024682754,2.3108298013942505e-10,1,1,-2.8187549636286566,11.660789795398411
RF,heston,B,delta_ATM,200,-0.643495008957114,0.6769259295161539,3.3491522111075914e-10,1,1,-2.9837842334021176,12.650915327448457
RF,heston,B,digital_OTM110,200,-0.49427841633539243,0.5806771419402685,3.363335320343301e-14,1,1,-3.5731638318602217,16.485444101952258
RF,heston,C,price_ATMcall,200,-0.9726540065728412,0.8473350392401119,2.6089955117385363e-06,1,1,-2.462861229433007,10.183334903623464
RF,heston,C,delta_ATM,200,-0.90326979640113,0.8204224005040002,4.93502105630045e-07,1,1,-2.6412685145059775,11.128967042258493
RF,heston,C,digital_OTM110,200,-0.647535139669244,0.686490308393478,2.1754002735474752e-11,1,1,-3.297035921520012,14.914830007520475
RF,heston,D,price_ATMcall,200,-1.8328475567478877,0.9858673897050159,0.00023722173885194748,1,1,-2.0935878619581385,8.505507314448694
RF,heston,D,delta_ATM,200,-1.6397617276491423,0.9748535714273691,6.017511761311986e-05,1,1,-2.2309861763011933,9.258482068539722
RF,heston,D,digital_OTM110,200,-0.933883607051702,0.8810509352985336,5.023658634032458e-07,1,1,-2.385667668548983,11.874572475658455
RF,kou,A,price_ATMcall,200,0.1486501261696739,0.18437004411532487,5.626173766455211e-49,1,1,7.099731448881584,52.81280137342195
RF,kou,A,delta_ATM,200,0.13145501861758402,0.1634014781335404,7.517159856682321e-48,1,1,9.966352552860648,113.35800687049031
RF,kou,A,digital_OTM110,200,0.09725000825615404,0.12132732203640662,2.6357970804960545e-46,1,1,13.27038378091892,182.87103372647817
RF,kou,B,price_ATMcall,200,-3.3486507469513116,0.9999368838304856,0.9983401105092542,0,0,0.0647131698863028,2.7988154449000047
RF,kou,B,delta_ATM,200,-3.3385424557222496,0.9999341889862053,0.9875938425904748,0,0,0.05712113832681149,2.838155509750971
RF,kou,B,digital_OTM110,200,-3.2816176163919475,0.9999168450248443,0.986223423266596,0,0,0.05288562246178977,2.8191495604094725
RF,kou,C,price_ATMcall,200,-3.374208506696508,0.9999432363487014,0.7562735595451587,0,0,0.13716136718663277,2.800174806377851
RF,kou,C,delta_ATM,200,-3.368780661141693,0.9999419404434108,0.926768373173585,0,0,0.13187059733102757,2.8424689214868293
RF,kou,C,digital_OTM110,200,-3.313341703255637,0.999926985003184,0.9907273328482415,0,0,0.12240554301014475,2.833662112014786
RF,kou,D,price_ATMcall,200,-3.3811570166871014,0.9999448551065337,0.8744666053356702,0,0,0.13615974968815744,2.761497538231713
RF,kou,D,delta_ATM,200,-3.37757217962387,0.9999440255417957,0.8775841635254348,0,0,0.13289673710481195,2.8116544565445203
RF,kou,D,digital_OTM110,200,-3.319989243007536,0.9999289550134065,0.9625684258842405,0,0,0.12577749071380476,2.824554571661754
GB,heston,A,price_ATMcall,200,-0.3673146975061034,0.46248687425094726,1.0005452645320597e-22,1,1,-3.688447562748836,18.4490294954161
GB,heston,A,delta_ATM,200,-0.32658840697746094,0.47223037864740375,2.711881151370005e-22,1,1,-3.699959148378449,19.871801049089022
GB,heston,A,digital_OTM110,200,-0.2719532101937836,0.481048559907186,3.029577335584106e-23,1,1,-3.200664358307945,17.375998778656655
GB,heston,B,price_ATMcall,200,-0.4544277275865799,0.5515427631870082,1.0338957319986749e-14,1,1,-3.158604511318717,14.601136780685627
GB,heston,B,delta_ATM,200,-0.4100888761716836,0.5621005446692386,9.121825437713997e-16,1,1,-3.0775666223164193,14.64471123647566
GB,heston,B,digital_OTM110,200,-0.360182093122597,0.5774816946904339,8.138702695181784e-17,1,1,-2.7274434965664187,13.297065817203421
GB,heston,C,price_ATMcall,200,-0.609260229257606,0.6920169779895278,2.5639348448228862e-08,1,1,-2.498814139964093,11.342650016359512
GB,heston,C,delta_ATM,200,-0.5218223195380861,0.6758133790278394,8.291106003993216e-07,1,1,-2.5236630147642454,12.70715947112134
GB,heston,C,digital_OTM110,200,-0.4367050284543781,0.6832119114575279,3.2558579303705153e-07,1,1,-2.1513859712616052,11.648514269576028
GB,heston,D,price_ATMcall,200,-0.9982531572815083,0.9062809535077494,0.0034173181291542246,1,1,-0.9134747188553592,3.4843647251642014
GB,heston,D,delta_ATM,200,-0.6043761470477348,0.8944995089417639,0.05942915129489801,0,1,-0.8334858632558219,3.773846667588065
GB,heston,D,digital_OTM110,200,-0.30798973818343683,0.9084964239158213,0.037832100654872414,1,1,-0.6785520103865772,3.8296012566524964
GB,kou,A,price_ATMcall,200,inf,nan,nan,0,0,nan,nan
GB,kou,A,delta_ATM,200,inf,nan,nan,0,0,nan,nan
GB,kou,A,digital_OTM110,200,inf,nan,nan,0,0,nan,nan
GB,kou,B,price_ATMcall,200,-0.2732034047551505,0.39326126767746894,2.168083969731952e-21,1,1,-5.935836186943402,48.45778388741052
GB,kou,B,delta_ATM,200,-0.23117265290885727,0.37890462223038734,7.034735976654276e-22,1,1,-5.590781229284554,46.08832060094697
GB,kou,B,digital_OTM110,200,-0.18147490503064814,0.34768685024271256,3.1010254879411977e-26,1,1,-5.177555899274565,43.386148898308186
GB,kou,C,price_ATMcall,200,-0.43235328850839166,0.5896841342028277,3.3760862753944485e-10,1,1,-3.6677546544114694,21.69016487440287
GB,kou,C,delta_ATM,200,-0.3573180399787205,0.5606922267554553,8.306228621110623e-11,1,1,-3.707550534580782,24.23148961873642
GB,kou,C,digital_OTM110,200,-0.26749623563389563,0.5275337417246317,9.926826101596321e-14,1,1,-3.4725235354649335,24.943946992556597
GB,kou,D,price_ATMcall,200,-0.6570085232636695,0.7896862200135236,7.23987679131575e-05,1,1,-1.6693655556321692,6.905827081892849
GB,kou,D,delta_ATM,200,-0.4916418561172075,0.7789460175450046,0.0001203778248251249,1,1,-1.2106835799577216,7.994684133530863
GB,kou,D,digital_OTM110,200,-0.3042385837574359,0.7306623519415236,6.053647316173148e-06,1,1,-0.5493658392999216,9.970106520172692
MC,heston,A,price_ATMcall,200,-0.06234575660086223,1.0002910750709393,0.7741710823917741,0,0,-0.10240339194016541,3.1280802679369266
MC,heston,A,delta_ATM,200,-0.047640910096742435,1.0077972269608568,0.44246406372271974,0,0,-0.22659707667149312,2.973625672113033
MC,heston,A,digital_OTM110,200,-0.04794599818152561,1.0091002424140636,0.809775725930981,0,0,-0.2323071375129352,2.8969410384350573
MC,heston,B,price_ATMcall,200,-0.2327699134982452,0.9844889923788802,0.4592419519327279,0,0,0.25120570097506545,3.1205241280059313
MC,heston,B,delta_ATM,200,-0.1626536585708339,0.996662193502308,0.9840198829172024,0,0,0.09697886033222015,3.0238120341848935
MC,heston,B,digital_OTM110,200,-0.14512152837947806,0.9935452110648818,0.8252669271340642,0,0,0.0578480411764576,3.0151615864956467
MC,heston,C,price_ATMcall,200,-0.3522810309470891,0.9996305821274158,0.7610892794364363,0,0,0.2073298904730479,3.3097684431679033
MC,heston,C,delta_ATM,200,-0.13047205696491726,0.9769214617377091,0.8557117794612809,0,0,-0.010113247056539735,3.227193745696935
MC,heston,C,digital_OTM110,200,-0.11507826754713953,0.9690279346562183,0.9458966244290478,0,0,-0.0771499716860964,3.349978917926812
MC,heston,D,price_ATMcall,200,-0.9553639095599785,1.0042919291464658,0.8635871468014242,0,0,0.04736178505476832,2.67361120233421
MC,heston,D,delta_ATM,200,-0.15510423247356064,1.0114440971398375,0.9945592914946871,0,0,0.11981978231045241,2.926084976632939
MC,heston,D,digital_OTM110,200,-0.06475529711500835,0.9995908136857458,0.8756995283566963,0,0,0.23523385651072679,3.111098355649924
MC,kou,A,price_ATMcall,200,0.03183470399341865,1.023618333096717,0.7427098229727108,0,0,-0.23386659190452452,2.7312627410461845
MC,kou,A,delta_ATM,200,0.06774048049419978,1.0100496954188622,0.8981607179884914,0,0,-0.09940026861199612,2.7145168127344155
MC,kou,A,digital_OTM110,200,0.07713364318323405,0.9978141766874433,0.9766189816246579,0,0,-0.037813269744343715,2.7080318422370895
MC,kou,B,price_ATMcall,200,-0.08046096626124957,1.0059105858844932,0.2596076603971287,0,1,0.24253581028731336,2.853304468106771
MC,kou,B,delta_ATM,200,-0.0077597129638814115,0.997102380530037,0.8680054895181124,0,0,0.22477056605355547,2.7866979820675146
MC,kou,B,digital_OTM110,200,0.014676641149443172,0.9970440793177179,0.9194198198867718,0,0,0.14409576284351502,2.768831919233354
MC,kou,C,price_ATMcall,200,-0.15539639673003144,1.0046565358763948,0.590651689662209,0,0,-0.05873415797694706,3.074541714779556
MC,kou,C,delta_ATM,200,-0.018687290066808665,1.0062928199658674,0.9258066697333054,0,0,0.11875937297610838,2.946133402706509
MC,kou,C,digital_OTM110,200,0.027121866928528228,0.9964578681473975,0.9608178031992574,0,0,0.2109844650312469,3.3336625416821697
MC,kou,D,price_ATMcall,200,-0.5192193117289257,1.0119670041237705,0.42537326224953265,0,1,-0.19680564316403962,2.3363504155786132
MC,kou,D,delta_ATM,200,-0.12115362475657757,1.0222188555083105,0.7145252961742456,0,0,-0.1914252719907186,2.498513614590571
MC,kou,D,digital_OTM110,200,0.017160928820446928,1.0139999436742073,0.9872148547050807,0,0,-0.2534734671244411,2.8140499260074243
