model,pair,payoff,s,MR_theory,MR_emp,ratio,KS_p,KS_rej,AD_rej,sig2_le1,sig2_1to2,sig2_2to3,sig2_gt3,n_seed
heston,A,price_ATMcall,-8.230549755763885,0.00036073063346522263,0.0003607306334652214,0.9999999999999966,0.6017241617323735,0,0,0.9557844494715906,0.04324132611374865,0.00015561442651014103,0.0008186099881506678,200
heston,A,delta_ATM,-2.922389473055665,0.0001699159707005708,0.00016995952155207008,1.000256308169972,0.8754406601982867,0,0,0.9651483910009414,0.03450293275805526,-2.2962558169205132e-05,0.0003716387991723496,200
heston,A,gamma_ATM,7.624936411092559,0.0026291251182555273,0.0026291251182556153,1.0000000000000335,0.7760667777745478,0,0,0.0,0.0,0.0,0.0,200
heston,A,gamma_OTM110,7.75839811582111,0.0027620473504066387,0.0027620473504066465,1.0000000000000029,0.9842868670937608,0,0,1.0,0.0,0.0,0.0,200
heston,A,digital_ATM,5.661185154089544,0.00019087294375359098,0.00019087294366893236,0.9999999995564661,0.7889637397122718,0,0,1.0018527879970602,-0.0018136460973022135,-3.2600412783030914e-05,-6.541486975037672e-06,200
heston,A,digital_OTM110,-2.345880818156983,8.715017500421842e-05,8.694623105539013e-05,0.9976598561182646,0.5070303093848949,0,0,0.9849043368669589,0.015099867289072172,-9.795520662338712e-06,5.591364631533629e-06,200
heston,A,barrier_uo130,9.186156807206041,8.157340039285171e-05,8.157340039285074e-05,0.999999999999988,0.9416437549400313,0,0,1.0,0.0,0.0,0.0,200
heston,B,price_ATMcall,-8.57659152254914,0.0018100847397432955,0.0018100847397432937,0.999999999999999,0.9811307590769472,0,0,0.9546760999018928,0.044238083954502,0.0001741862714624052,0.0009116298721426545,200
heston,B,delta_ATM,-2.978014597187912,0.000865737564949827,0.0008657944241331622,1.0000656771585723,0.7663523099454059,0,0,0.9652170029498623,0.03442369201043568,-1.9119365299915355e-05,0.0003784244050018587,200
heston,B,gamma_ATM,8.00404882380658,0.013043582141399446,0.013043582141399383,0.9999999999999952,0.8736392651632278,0,0,0.0,0.0,0.0,0.0,200
heston,B,gamma_OTM110,8.153467928480962,0.01367133975028989,0.013671339750289916,1.000000000000002,0.8718033044106308,0,0,1.0,0.0,0.0,0.0,200
heston,B,digital_ATM,5.574716766216862,0.0009445871928704656,0.000944587192159019,0.9999999992468175,0.8754660743138897,0,0,1.000122219864561,-8.384537703924957e-05,-3.161526682679235e-05,-6.759220694772039e-06,200
heston,B,digital_OTM110,-2.360641910621587,0.00043134763377277645,0.00043040732285170414,0.9978200624103397,0.9915172470942877,0,0,0.9853185949652087,0.014686035967194951,-1.060378235543792e-05,5.97284995196026e-06,200
heston,B,barrier_uo130,9.615471955501496,0.0004049255639202692,0.00040492556392026833,0.9999999999999979,0.9799421640292236,0,0,1.0,0.0,0.0,0.0,200
heston,C,price_ATMcall,-8.815305297635286,0.0036168236831919257,0.0036168236831919266,1.0000000000000002,0.9657624519244967,0,0,0.9513490925769474,0.04765207666393312,0.00020176557875125467,0.0007970651803681581,200
heston,C,delta_ATM,-3.139331163730058,0.0017504717106559518,0.0017502134501323399,0.9998524623265604,0.9968257093656581,0,0,0.9607945060031211,0.03879450940430209,2.298991592432799e-05,0.0003879946766527479,200
heston,C,gamma_ATM,8.215774443113512,0.02574245929718022,0.025742459297180175,0.9999999999999982,0.8588314087984802,0,0,0.0,0.0,0.0,0.0,200
heston,C,gamma_OTM110,8.347691158446152,0.02689447999000549,0.026894479990005493,1.0000000000000002,0.9591671370358925,0,0,1.0,0.0,0.0,0.0,200
heston,C,digital_ATM,5.7381802324207944,0.0018666102335732784,0.0018666102330595858,0.9999999997247992,0.9884334953201978,0,0,0.9994473650629406,0.0005815535762704017,-2.5467114541330314e-05,-3.4515246697365645e-06,200
heston,C,digital_OTM110,-2.457314527823166,0.0008406079094530738,0.0008390469769534581,0.9981430908726148,0.9828354400524729,0,0,0.9837766193570924,0.01622564961476479,-7.803383606431564e-06,5.534411749360827e-06,200
heston,C,barrier_uo130,9.802054518621036,0.0007993351757205275,0.000799335175720527,0.9999999999999993,0.792043442483204,0,0,1.0000000000000002,0.0,0.0,0.0,200
heston,D,price_ATMcall,-9.910184235373496,0.010565687808466744,0.010565687808466739,0.9999999999999996,0.867841769954391,0,0,0.9286092399617817,0.07043228061944512,0.0003368885875640569,0.0006215908312092759,200
heston,D,delta_ATM,-3.335019912894295,0.005057851963215101,0.005057514222064155,0.9999332243898393,0.44623241751859977,0,0,0.9394626640664245,0.0600818332399017,0.00015455021148227718,0.0003009524821913334,200
heston,D,gamma_ATM,10.28177937428344,0.07259374022483822,0.07259374022483826,1.0000000000000007,0.9933720383071394,0,0,0.0,0.0,0.0,0.0,200
heston,D,gamma_OTM110,10.286522191353708,0.0750930562615395,0.07509305626153946,0.9999999999999994,0.8796036382851311,0,0,1.0,0.0,0.0,0.0,200
heston,D,digital_ATM,6.712823383548403,0.005508173586404832,0.005508173586402585,0.9999999999995921,0.7760317914256651,0,0,0.9904699001514673,0.009537180518565157,-6.359840505288582e-06,-7.208295269771921e-07,200
heston,D,digital_OTM110,-2.412460890357268,0.002072785085324156,0.0020691837698865075,0.9982625717141894,0.9002818881716541,0,0,0.9747822377893489,0.02520504597085604,6.418062379389525e-06,6.298177415584049e-06,200
heston,D,barrier_uo130,12.167607802903499,0.002261411279831872,0.0022614112798318713,0.9999999999999997,0.5624382468536164,0,0,1.0,0.0,0.0,0.0,200
kou,A,price_ATMcall,-4.685033034711267,0.00032884905702908977,0.0003288490182511868,0.9999998820799325,0.48634118557979367,0,0,0.5421873872285953,0.45162853899037125,0.006086037504496856,9.80362765365807e-05,170
kou,A,delta_ATM,-2.0329319247755557,0.00019325979647924737,0.00019364856124163697,1.0020116173641493,0.9565126028561896,0,0,0.6137006067095644,0.3828470433412376,0.003419294740215431,3.305520898253313e-05,170
kou,A,gamma_ATM,6.005002102022578,0.0019161140218467518,0.0019161140217500575,0.9999999999495363,0.8231850434443061,0,0,0.0,0.0,0.0,0.0,170
kou,A,gamma_OTM110,5.915461204313624,0.0015544523212483452,0.0015544523211086497,0.999999999910132,0.8123496903897348,0,0,1.0,0.0,0.0,0.0,170
kou,A,digital_ATM,2.787375936217406,0.00013713342430164837,0.00013705534416997908,0.9994306265444263,0.9530706874439744,0,0,0.9675365035826098,0.03259015508747771,-0.00012253111949391695,-4.127550593592395e-06,170
kou,A,digital_OTM110,-0.7525129145858539,4.1439987984244215e-05,4.168023871556979e-05,1.0057975579388903,0.8690083439894994,0,0,0.8294112049847128,0.1702811033153564,0.00030615379188690087,1.5379080438956041e-06,170
kou,A,barrier_uo130,5.91845095778362,4.226207976213541e-05,4.226207975841118e-05,0.9999999999118778,0.7541889464079731,0,0,1.0,0.0,0.0,0.0,170
kou,B,price_ATMcall,-4.810570668120007,0.001645670068801704,0.0016456699694878507,0.9999999396514191,0.7177316017550622,0,0,0.5286111874987861,0.46467091897578494,0.006611350126218258,0.00010654339921046784,170
kou,B,delta_ATM,-2.057335716555936,0.000964447682831429,0.0009671167945074254,1.0027675028137975,0.9871074832502962,0,0,0.6083930273108865,0.3878353778774133,0.003730746716957698,4.084809474247656e-05,170
kou,B,gamma_ATM,6.281178632016555,0.009511578083115717,0.00951157808303833,0.9999999999918638,0.5025070375858647,0,0,0.0,0.0,0.0,0.0,170
kou,B,gamma_OTM110,6.2019330269852935,0.007728863113173636,0.0077288631130667295,0.9999999999861678,0.8858215715214207,0,0,1.0,0.0,0.0,0.0,170
kou,B,digital_ATM,2.839130332079024,0.0006883154206514863,0.0006879921846051958,0.9995303954602898,0.8461319614883039,0,0,0.9632468702659115,0.0368450447383199,-8.846060741876771e-05,-3.4543968128323117e-06,170
kou,B,digital_OTM110,-0.7239368764514131,0.00020053435128785193,0.0001991154178516321,0.9929242375328352,0.7695365919654527,0,0,0.8282592192135263,0.17137661692148906,0.0003619916107362558,2.1722542485766897e-06,170
kou,B,barrier_uo130,6.198143433608115,0.00021057043405794352,0.0002105704340549564,0.9999999999858142,0.6212519986762798,0,0,1.0,0.0,0.0,0.0,170
kou,C,price_ATMcall,-5.152480337847056,0.0032925599091256307,0.0032925598792874398,0.9999999909376923,0.6811260365876237,0,0,0.5236513696486963,0.4695018607608326,0.006742526821771689,0.00010424276869929791,170
kou,C,delta_ATM,-2.1915744899854315,0.0019219555730531032,0.0019225714646771534,1.0003204504998375,0.9741377377453022,0,0,0.6093839868969669,0.3868364772544419,0.003743547554321701,3.5988294269555346e-05,170
kou,C,gamma_ATM,6.699415371803203,0.01886453698664004,0.018864536986631507,0.9999999999995476,0.3509711632892395,0,0,0.0,0.0,0.0,0.0,170
kou,C,gamma_OTM110,6.603237034593689,0.01534098632196781,0.015340986321954166,0.9999999999991106,0.814217954558406,0,0,1.0,0.0,0.0,0.0,170
kou,C,digital_ATM,3.0077423544836,0.0013796846835334119,0.001379343638445341,0.9997528093975809,0.8857371784094109,0,0,0.9657237324399649,0.034380128824789226,-9.994336080919454e-05,-3.917903944925281e-06,170
kou,C,digital_OTM110,-0.7252436664149028,0.00037666533248336363,0.000375691797251174,0.9974153840339616,0.9987216743307209,0,0,0.8334596946442656,0.16619495340877882,0.00034342556288729305,1.926384068048589e-06,170
kou,C,barrier_uo130,6.589399766027349,0.0004189675317744231,0.00041896753177401394,0.9999999999990233,0.8893794268570165,0,0,1.0,0.0,0.0,0.0,170
kou,D,price_ATMcall,-6.123605933833214,0.009834711452250084,0.00983471145202152,0.9999999999767595,0.8662477122842307,0,0,0.4997320405202908,0.4913627226895806,0.008652310545163843,0.0002529262449647245,170
kou,D,delta_ATM,-2.6016697155592166,0.005611752194859304,0.0056054775875079175,0.9988818808932557,0.6234286261118593,0,0,0.595693898337828,0.39970154355461535,0.0045343756084117275,7.018249914471621e-05,170
kou,D,gamma_ATM,8.329726677164526,0.05437297330183145,0.05437297330183141,0.9999999999999993,0.6981095209647479,0,0,0.0,0.0,0.0,0.0,170
kou,D,gamma_OTM110,7.99536771351172,0.044549925888285984,0.044549925888285914,0.9999999999999984,0.5771833141897196,0,0,1.0,0.0,0.0,0.0,170
kou,D,digital_ATM,3.7442666809441962,0.004229282532534735,0.004229233864513602,0.9999884926058359,0.7345916048674062,0,0,0.982090790981582,0.018231434511981125,-0.00031133927786349496,-1.088621569972724e-05,170
kou,D,digital_OTM110,-0.5874840599263496,0.0008631486647941591,0.0008741703369533005,1.0127691469716515,0.98675849523079,0,0,0.8465267608735952,0.15317073814100957,0.00030309284848120037,-5.918630860093776e-07,170
kou,D,barrier_uo130,7.893620415714661,0.0012295151287940623,0.0012295151287940616,0.9999999999999994,0.34335663617059287,0,0,1.0,0.0,0.0,0.0,170
