AD_eval,AD_full,KS_eval,KS_full,bias_MC,bias_NN,cls,d_true,degen,gap_nnmc,gap_nntr,id_ok,k,k_MC,k_NN,k_true,kurt_obs,kurt_pred,pair,part,payoff,pg_hi,pg_lo,pred_gap,pred_gap_full,r_naive,r_naive_full,r_strat,r_strat_full,rn_hi,rn_lo,rs_hi,rs_lo,sMC,sMC_e,sMC_f,sNN,sNN_e,sNN_f,skew_obs,skew_pred,spool_e,strad_eval
,,,,-0.032737531934840705,-0.7745803429974296,heston,-0.00032995158206299615,,,,,,,,,,,A,1,price,,,,,,,,,,,,,-0.06150327947686812,,,-8.31405445845037,,,,,,
,,,,-0.024501971938809035,-0.8064701006593559,heston,-0.00012828720016974687,,,,,,,,,,,A,1,delta,,,,,,,,,,,,,-0.028686747318407566,,,-3.050839672740833,,,,,,
,,,,-0.02625086306658557,-0.48915932970696846,heston,-7.1796179759573e-05,,,,,,,,,,,A,1,digital,,,,,,,,,,,,,-0.02981897381981588,,,-2.4772225501641225,,,,,,
,,,,-0.022248471511279046,-0.8523808300188745,heston,-0.0016421740919256723,,,,,,,,,,,B,1,price,,,,,,,,,,,,,-0.17550297522451627,,,-8.667825167787575,,,,,,
,,,,-0.07397738902700848,-0.8637084864190147,heston,-0.0006380935266376316,,,,,,,,,,,B,1,delta,,,,,,,,,,,,,-0.09859743662054085,,,-3.1103592021781314,,,,,,
,,,,-0.05656483967103238,-0.5384809486910623,heston,-0.000344672093552281,,,,,,,,,,,B,1,digital,,,,,,,,,,,,,-0.07685953998783863,,,-2.4984891072262454,,,,,,
,,,,0.01273610740681595,-0.9242563780430014,heston,-0.003265751445223251,,,,,,,,,,,C,1,price,,,,,,,,,,,,,-0.275900130693476,,,-8.882166352290366,,,,,,
,,,,-0.02750587388911713,-0.9428801914373569,heston,-0.0012681295069993156,,,,,,,,,,,C,1,delta,,,,,,,,,,,,,-0.07104101137383974,,,-3.2163686598636554,,,,,,
,,,,-0.013589931649253413,-0.6116280796046187,heston,-0.0006549933117091207,,,,,,,,,,,C,1,digital,,,,,,,,,,,,,-0.04733797494126416,,,-2.556295119668783,,,,,,
,,,,-0.05900742723892885,-0.968706492774521,heston,-0.00958505996244208,,,,,,,,,,,D,1,price,,,,,,,,,,,,,-0.9559239617692435,,,-9.710936631447753,,,,,,
,,,,0.018861149739414385,-0.9488321629576035,heston,-0.0037161110720985756,,,,,,,,,,,D,1,delta,,,,,,,,,,,,,-0.11271785010949115,,,-3.372679029552373,,,,,,
,,,,0.0630459822230807,-0.6163683616935384,heston,-0.0015949364298230239,,,,,,,,,,,D,1,digital,,,,,,,,,,,,,-0.024947943923227436,,,-2.44926482993831,,,,,,
,,,,0.059506248253047116,-0.7544809238140731,kou,-0.0002777814421048228,,,,,,,,,,,A,1,price,,,,,,,,,,,,,0.04216578519871349,,,-4.457247745300359,,,,,,
,,,,0.05480547000859414,-0.38061448304714257,kou,-0.00016231676234952278,,,,,,,,,,,A,1,delta,,,,,,,,,,,,,0.04977492971529391,,,-2.079554078275145,,,,,,
,,,,0.05265916759140864,0.13376012135744508,kou,-3.852231310499999e-05,,,,,,,,,,,A,1,digital,,,,,,,,,,,,,0.05061668102694662,,,-0.8179694239169045,,,,,,
,,,,-0.022500978635444875,-0.7590526677321798,kou,-0.0013928656015801595,,,,,,,,,,,B,1,price,,,,,,,,,,,,,-0.1129402943196571,,,-4.599966008253305,,,,,,
,,,,-0.02156258787760033,-0.3696769176251259,kou,-0.0008121826224300741,,,,,,,,,,,B,1,delta,,,,,,,,,,,,,-0.048303287838137365,,,-2.103850880921245,,,,,,
,,,,-0.010576692896107182,0.15749913392903042,kou,-0.00018575824535328842,,,,,,,,,,,B,1,digital,,,,,,,,,,,,,-0.021237697662761235,,,-0.7866957555591246,,,,,,
,,,,-0.019342803701788435,-0.7997475295667049,kou,-0.0027954269045151327,,,,,,,,,,,C,1,price,,,,,,,,,,,,,-0.18943011653831288,,,-4.929430395204886,,,,,,
,,,,0.009676319594102829,-0.39002196762195457,kou,-0.0016258226549457728,,,,,,,,,,,C,1,delta,,,,,,,,,,,,,-0.040962583529562994,,,-2.2194438328143495,,,,,,
,,,,0.03245370985393162,0.15444686590756435,kou,-0.0003545298956331514,,,,,,,,,,,C,1,digital,,,,,,,,,,,,,0.013769775747808466,,,-0.7899597097346154,,,,,,
,,,,-0.023941924485315364,-0.8239496741244389,kou,-0.008497535986329513,,,,,,,,,,,D,1,price,,,,,,,,,,,,,-0.49381881177446313,,,-5.967530794340315,,,,,,
,,,,0.03466635013892833,-0.34071110630512846,kou,-0.004894457616390122,,,,,,,,,,,D,1,delta,,,,,,,,,,,,,-0.10508439331971345,,,-2.581212761015891,,,,,,
,,,,0.06993581261710577,0.32242913543824603,kou,-0.0008648905919134127,,,,,,,,,,,D,1,digital,,,,,,,,,,,,,0.025643478780895707,,,-0.6160125440143215,,,,,,
,,,,,,heston,,,0.1325336917716427,0.00033300862766164063,,,-0.0504616398515188,0.0820720519201239,0.08240506054778554,,,A,1z,,,,,,,,,,,,,,,,,,,,,,,
,,,,,,heston,,,0.19948095375602246,0.00036439036660744495,,,-0.117397460163475,0.08208349359254745,0.0824478839591549,,,B,1z,,,,,,,,,,,,,,,,,,,,,,,
,,,,,,heston,,,0.03093036565511833,0.00040864071064776464,,,0.05116161560975097,0.0820919812648693,0.08250062197551707,,,C,1z,,,,,,,,,,,,,,,,,,,,,,,
,,,,,,heston,,,0.0013260124486759173,0.00039338158384386035,,,0.0836360869570426,0.08231007450836668,0.08270345609221054,,,D,1z,,,,,,,,,,,,,,,,,,,,,,,
,,,,,,kou,,,0.689871832388739,0.0003534973720367568,,,0.7686275781093531,0.07875574572061411,0.07840224834857736,,,A,1z,,,,,,,,,,,,,,,,,,,,,,,
,,,,,,kou,,,0.03265643085297083,0.00037507637105137215,,,0.046171578726171114,0.07882800957914195,0.07845293320809058,,,B,1z,,,,,,,,,,,,,,,,,,,,,,,
,,,,,,kou,,,0.0304277908583529,0.00035135497471730504,,,0.10929534046499646,0.07886754960664356,0.07851619463192626,,,C,1z,,,,,,,,,,,,,,,,,,,,,,,
,,,,,,kou,,,0.029485751041463282,0.0004808516855488998,,,0.10873486447016516,0.07924911342870188,0.07876826174315298,,,D,1z,,,,,,,,,,,,,,,,,,,,,,,
1,1,0,1,,,heston,,0,,,1,0.05200000000000138,,,,4.022357620155004,5.9747631487137065,A,3A,,0.7270796259103204,0.7245365254117322,0.727041368855641,0.7142200340147178,0.7432166422386618,0.7453953587922162,1.0222480784119348,1.043649468360973,0.7807369267839254,0.7250245873791895,1.0685230275525688,1.0040957418266363,,0.09238509161629624,-0.04027073518746384,,0.4552594656701931,0.22914447298859988,-0.14124775579135898,0.1937660402050339,0.06729492091430625,0
1,1,0,1,,,heston,,0,,,1,0.05400000000000138,,,,4.022357620155004,5.9747631487137065,A,3A,,0.7269730625618056,0.724588968394438,0.727041368855641,0.7142200340147178,0.7432166422386618,0.7453953587922162,1.0222480784119348,1.043649468360973,0.7774777130675066,0.7301294988293789,1.0743196954874565,0.9991686682098779,,0.09238509161629624,-0.04027073518746384,,0.4552594656701931,0.22914447298859988,-0.14124775579135898,0.1937660402050339,0.06729492091430625,0
1,1,0,1,,,heston,,0,,,1,0.05600000000000138,,,,4.022357620155004,5.9747631487137065,A,3A,,0.7270468040308546,0.7246555874039584,0.727041368855641,0.7142200340147178,0.7432166422386618,0.7453953587922162,1.0222480784119348,1.043649468360973,0.7752249421557162,0.7240529150841146,1.0684250094631316,1.0013212729968552,,0.09238509161629624,-0.04027073518746384,,0.4552594656701931,0.22914447298859988,-0.14124775579135898,0.1937660402050339,0.06729492091430625,0
1,1,0,1,,,heston,,0,,,1,0.058000000000001384,,,,4.022357620155004,5.9747631487137065,A,3A,,0.7270248407429357,0.7245098069353061,0.727041368855641,0.7142200340147178,0.7432166422386618,0.7453953587922162,1.0222480784119348,1.043649468360973,0.7823678721152928,0.7297813202457948,1.0711003742236036,1.007031010490282,,0.09238509161629624,-0.04027073518746384,,0.4552594656701931,0.22914447298859988,-0.14124775579135898,0.1937660402050339,0.06729492091430625,0
1,1,1,1,,,heston,,0,,,1,0.05200000000000138,,,,5.323504304601849,5.781119840405011,B,3A,,0.7314645552188521,0.7280216867689013,0.729237190130434,0.7197316843201896,0.7177111392989609,0.6915944021995636,0.9841943732608982,0.9609058726555819,0.786377752612736,0.7038840757687489,1.0744396966098682,0.9728704276358305,,0.2779361989044193,0.05942857460880107,,0.34240747721833137,0.20376601909538514,1.4760700202190677,0.5530859871060867,0.19932218779370953,0
1,1,1,1,,,heston,,0,,,1,0.05400000000000138,,,,5.323504304601849,5.781119840405011,B,3A,,0.7311490137051713,0.7276498033938233,0.729237190130434,0.7197316843201896,0.7177111392989609,0.6915944021995636,0.9841943732608982,0.9609058726555819,0.7878667594144426,0.709407686370041,1.0632020244319582,0.9785835657440769,,0.2779361989044193,0.05942857460880107,,0.34240747721833137,0.20376601909538514,1.4760700202190677,0.5530859871060867,0.19932218779370953,0
1,1,1,1,,,heston,,0,,,1,0.05600000000000138,,,,5.323504304601849,5.781119840405011,B,3A,,0.7312197609983377,0.7277700030175674,0.729237190130434,0.7197316843201896,0.7177111392989609,0.6915944021995636,0.9841943732608982,0.9609058726555819,0.7742991658824211,0.693087956619676,1.0694081027453324,0.9674621636244944,,0.2779361989044193,0.05942857460880107,,0.34240747721833137,0.20376601909538514,1.4760700202190677,0.5530859871060867,0.19932218779370953,0
1,1,1,1,,,heston,,0,,,1,0.058000000000001384,,,,5.323504304601849,5.781119840405011,B,3A,,0.7312372210177038,0.7277152288646885,0.729237190130434,0.7197316843201896,0.7177111392989609,0.6915944021995636,0.9841943732608982,0.9609058726555819,0.7845269823185054,0.7084281848094596,1.0868257644138573,0.9738690181364945,,0.2779361989044193,0.05942857460880107,,0.34240747721833137,0.20376601909538514,1.4760700202190677,0.5530859871060867,0.19932218779370953,0
1,1,1,1,,,heston,,0,,,1,0.05200000000000138,,,,8.151324961568085,5.962385903344075,C,3A,,0.7379250736863253,0.7325945315379498,0.7353110462355974,0.7229426041514306,0.6265160017487365,0.7320218777151616,0.8520421459138499,1.01255877508338,0.7107096045580017,0.6193093016937221,0.9763743618453259,0.8174977742900769,,-0.10598092043760682,0.17302265208170087,,0.3045529212851877,0.14820248531068175,-1.8831114517029677,-0.23054009432704234,-0.07403835683522864,1
1,1,1,1,,,heston,,0,,,1,0.05400000000000138,,,,8.151324961568085,5.962385903344075,C,3A,,0.7380572556238187,0.7317647689608799,0.7353110462355974,0.7229426041514306,0.6265160017487365,0.7320218777151616,0.8520421459138499,1.01255877508338,0.7122706629304305,0.6124680440893049,0.9346133510265295,0.8373159636935006,,-0.10598092043760682,0.17302265208170087,,0.3045529212851877,0.14820248531068175,-1.8831114517029677,-0.23054009432704234,-0.07403835683522864,1
1,1,1,1,,,heston,,0,,,1,0.05600000000000138,,,,8.151324961568085,5.962385903344075,C,3A,,0.7379650079348645,0.7317788389288475,0.7353110462355974,0.7229426041514306,0.6265160017487365,0.7320218777151616,0.8520421459138499,1.01255877508338,0.7059201703711602,0.6190496294824074,0.9686585529424222,0.8246788138275343,,-0.10598092043760682,0.17302265208170087,,0.3045529212851877,0.14820248531068175,-1.8831114517029677,-0.23054009432704234,-0.07403835683522864,1
1,1,1,1,,,heston,,0,,,1,0.058000000000001384,,,,8.151324961568085,5.962385903344075,C,3A,,0.7372077181762016,0.7319890937786689,0.7353110462355974,0.7229426041514306,0.6265160017487365,0.7320218777151616,0.8520421459138499,1.01255877508338,0.7033791076280433,0.6071325766007574,0.971195768858078,0.8329481291816555,,-0.10598092043760682,0.17302265208170087,,0.3045529212851877,0.14820248531068175,-1.8831114517029677,-0.23054009432704234,-0.07403835683522864,1
1,1,0,1,,,kou,,0,,,1,0.3940000000000017,,,,4.084827924778799,5.991716997369423,A,3A,,0.7404815615608922,0.7369356666496191,0.7397440615341127,0.7312598539467019,0.7588166036600187,0.7897724256886868,1.0257826228254576,1.0800161138700355,0.7941320574428421,0.7450849908118099,1.072386761073063,1.0069508165334469,,0.037818085382951686,-0.07582161858896452,,-14.695376829512984,-5.223577382214179,0.2584057163797049,0.11124329657495752,0.016759312334233615,1
1,1,0,1,,,kou,,0,,,1,0.3960000000000017,,,,4.084827924778799,5.991716997369423,A,3A,,0.7401758456756643,0.7370839157089695,0.7397440615341127,0.7312598539467019,0.7588166036600187,0.7897724256886868,1.0257826228254576,1.0800161138700355,0.8002776936058984,0.7448024180171671,1.0790096002537704,1.0106470934184504,,0.037818085382951686,-0.07582161858896452,,-14.695376829512984,-5.223577382214179,0.2584057163797049,0.11124329657495752,0.016759312334233615,1
1,1,0,1,,,kou,,0,,,1,0.3980000000000017,,,,4.084827924778799,5.991716997369423,A,3A,,0.7408738489841553,0.7373725119871288,0.7397440615341127,0.7312598539467019,0.7588166036600187,0.7897724256886868,1.0257826228254576,1.0800161138700355,0.793895944784591,0.7439724084915812,1.0783151025217885,1.0043906098458675,,0.037818085382951686,-0.07582161858896452,,-14.695376829512984,-5.223577382214179,0.2584057163797049,0.11124329657495752,0.016759312334233615,1
1,1,0,1,,,kou,,0,,,1,0.4000000000000017,,,,4.084827924778799,5.991716997369423,A,3A,,0.7406731882955746,0.7370596011479996,0.7397440615341127,0.7312598539467019,0.7588166036600187,0.7897724256886868,1.0257826228254576,1.0800161138700355,0.79253890786759,0.7446181725554262,1.071738138547712,1.0019639691732114,,0.037818085382951686,-0.07582161858896452,,-14.695376829512984,-5.223577382214179,0.2584057163797049,0.11124329657495752,0.016759312334233615,1
1,1,0,1,,,kou,,0,,,1,0.048000000000001375,,,,5.264707042431937,5.978254439601763,B,3A,,0.7393052155973692,0.733858194525775,0.7373146489580963,0.7228465292958196,0.6735007746819949,0.7722073720417928,0.9134509610431893,1.0682867534745715,0.7160290244582728,0.6647199396000957,0.9725985458203827,0.899967291350634,,0.0956663695463833,-0.08366619365131364,,1.4901154218503982,0.44947891538556145,0.8332571774290746,0.17686249016265418,0.07794682935945561,0
1,1,0,1,,,kou,,0,,,1,0.05000000000000138,,,,5.264707042431937,5.978254439601763,B,3A,,0.7387584462611517,0.7338935212745226,0.7373146489580963,0.7228465292958196,0.6735007746819949,0.7722073720417928,0.9134509610431893,1.0682867534745715,0.7154732974288172,0.6553685960450175,0.9543697457834596,0.8931921447977816,,0.0956663695463833,-0.08366619365131364,,1.4901154218503982,0.44947891538556145,0.8332571774290746,0.17686249016265418,0.07794682935945561,0
1,1,0,1,,,kou,,0,,,1,0.05200000000000138,,,,5.264707042431937,5.978254439601763,B,3A,,0.7384856910615509,0.734061392447308,0.7373146489580963,0.7228465292958196,0.6735007746819949,0.7722073720417928,0.9134509610431893,1.0682867534745715,0.7237721086687015,0.6612494894686607,0.9787796339807987,0.894726143993005,,0.0956663695463833,-0.08366619365131364,,1.4901154218503982,0.44947891538556145,0.8332571774290746,0.17686249016265418,0.07794682935945561,0
1,1,0,1,,,kou,,0,,,1,0.05400000000000138,,,,5.264707042431937,5.978254439601763,B,3A,,0.7396400359778472,0.7341748645667858,0.7373146489580963,0.7228465292958196,0.6735007746819949,0.7722073720417928,0.9134509610431893,1.0682867534745715,0.7159258200969908,0.6592346119297865,0.9744925707959684,0.8978978826864554,,0.0956663695463833,-0.08366619365131364,,1.4901154218503982,0.44947891538556145,0.8332571774290746,0.17686249016265418,0.07794682935945561,0
1,1,1,1,,,kou,,0,,,1,0.0800000000000014,,,,3.705353294765597,5.614516949254277,C,3A,,0.7394099466449515,0.7340834623052381,0.7347937105650182,0.7291663959244447,0.7374666317107295,0.7394813368091449,1.003637648372978,1.0141462098944134,0.7886458347375749,0.7180669515789478,1.0559415343451461,0.9591099866805514,,0.36470196484566647,-0.2036188886820726,,-0.4512861705551283,-0.8087575455201481,0.8387224932647912,0.7126413426021144,0.25054437632413223,1
1,1,1,1,,,kou,,0,,,1,0.0820000000000014,,,,3.705353294765597,5.614516949254277,C,3A,,0.7389163197910941,0.7339554908897419,0.7347937105650182,0.7291663959244447,0.7374666317107295,0.7394813368091449,1.003637648372978,1.0141462098944134,0.7816892388642944,0.720719003466533,1.0615321682713812,0.9724218138583094,,0.36470196484566647,-0.2036188886820726,,-0.4512861705551283,-0.8087575455201481,0.8387224932647912,0.7126413426021144,0.25054437632413223,1
1,1,1,1,,,kou,,0,,,1,0.0840000000000014,,,,3.705353294765597,5.614516949254277,C,3A,,0.7393999363749524,0.7332044399436397,0.7347937105650182,0.7291663959244447,0.7374666317107295,0.7394813368091449,1.003637648372978,1.0141462098944134,0.7893827706739658,0.7149007201235926,1.0606459509753843,0.9680652832688327,,0.36470196484566647,-0.2036188886820726,,-0.4512861705551283,-0.8087575455201481,0.8387224932647912,0.7126413426021144,0.25054437632413223,1
1,1,1,1,,,kou,,0,,,1,0.08600000000000141,,,,3.705353294765597,5.614516949254277,C,3A,,0.739525362773723,0.7334879871172992,0.7347937105650182,0.7291663959244447,0.7374666317107295,0.7394813368091449,1.003637648372978,1.0141462098944134,0.783914586583788,0.7168111527048319,1.0580240533422767,0.9666274827682606,,0.36470196484566647,-0.2036188886820726,,-0.4512861705551283,-0.8087575455201481,0.8387224932647912,0.7126413426021144,0.25054437632413223,1
1,1,0,1,,,kou,,0,,,1,0.0800000000000014,,,,4.636067509559599,5.963006574043265,D,3A,,0.7634388024603571,0.7470978306730697,0.7567421838891136,0.7558374189662735,0.7440194708192226,0.755868722235932,0.9831875196853631,1.000041415347895,0.7933077609789579,0.7328180686271013,1.0590272548245916,0.9725219665692029,,-0.10835151326043842,-0.08551179106331622,,-0.647027144622428,-0.6734585362641844,-1.0309283730368863,-0.1788632888397453,-0.09539087738039835,0
1,1,0,1,,,kou,,0,,,1,0.0820000000000014,,,,4.636067509559599,5.963006574043265,D,3A,,0.7633325783690017,0.747429426565569,0.7567421838891136,0.7558374189662735,0.7440194708192226,0.755868722235932,0.9831875196853631,1.000041415347895,0.7967085583701083,0.7359625776954801,1.0529371580467073,0.965121269184515,,-0.10835151326043842,-0.08551179106331622,,-0.647027144622428,-0.6734585362641844,-1.0309283730368863,-0.1788632888397453,-0.09539087738039835,0
1,1,0,1,,,kou,,0,,,1,0.0840000000000014,,,,4.636067509559599,5.963006574043265,D,3A,,0.7644854801693671,0.7474456282886998,0.7567421838891136,0.7558374189662735,0.7440194708192226,0.755868722235932,0.9831875196853631,1.000041415347895,0.7881261450047162,0.7293195978062906,1.0456403264886722,0.9694169685574446,,-0.10835151326043842,-0.08551179106331622,,-0.647027144622428,-0.6734585362641844,-1.0309283730368863,-0.1788632888397453,-0.09539087738039835,0
1,1,0,1,,,kou,,0,,,1,0.08600000000000141,,,,4.636067509559599,5.963006574043265,D,3A,,0.7653207300767453,0.7473859172091478,0.7567421838891136,0.7558374189662735,0.7440194708192226,0.755868722235932,0.9831875196853631,1.000041415347895,0.7853672482105958,0.7280605977416088,1.0515593218939894,0.9671510397508669,,-0.10835151326043842,-0.08551179106331622,,-0.647027144622428,-0.6734585362641844,-1.0309283730368863,-0.1788632888397453,-0.09539087738039835,0
