AD_rej,FN,J,JJS,KS_rej,MR_emp,S,a2,b_delta,burn,d_true,degen,ident_resid,key,kurt,mode,mrrat,mu,part,ratio,ratioCRN,ratioIND,ratio_hi,ratio_lo,rho_CRN,rho_IND,s,sigma,sigrat,skew
1,0.022283904259846988,7.658496147838756e-06,0.07451538192221938,1,0.02227624576369915,-9.511888954459244e-05,0.702,9.511888954459244e-05,,-0.02237136465324374,0,0.0,EN,8.740897168978456,CRN,,-0.02227624576369915,2,0.9996563216185756,,,0.9998702523596324,0.9995002705805446,,,-2.9218689425716384,0.007623971574882839,,-1.8699813731387953
1,0.0008272884956663737,1.3685141248386836e-05,0.7771221746629413,1,0.0008136033544179869,-3.924884169202681e-06,0.702,3.924884169202681e-06,,-0.0008175282385871896,0,0.0,SLA10,16.609591702802422,CRN,,-0.0008136033544179869,2,0.9834578368730202,,,0.9910815800673927,0.9759742670692706,,,-1.7808713715681335,0.0004568568889405945,,-2.753545595594271
1,6.100770029145511e-05,2.8897795187803602e-05,0.662147402235542,1,3.2109905103651506e-05,-1.4744745869125516e-05,0.702,1.4744745869125516e-05,,-4.685465097277702e-05,0,0.0,SLA20,27.533467026829474,CRN,,-3.2109905103651506e-05,2,0.5263254466280693,,,0.5733155293223511,0.5094191116518254,,,-0.46444278154899843,6.913640684985849e-05,,-4.250821759705994
1,0.009366903682521677,4.750400314388996e-05,0.26911505883066583,1,0.009319399679377787,-0.00012901530183406264,0.702,0.00012901530183406264,,-0.00944841498121185,0,0.0,over5,22.326531399987324,CRN,,-0.009319399679377787,2,0.9949285265703617,,,0.9986277606146121,0.9918434455926077,,,-2.1581782546712533,0.004318178843293634,,-3.1904107099026353
0,0.199652487153192,0.16831340936960598,0.949415295865216,0,0.20116422205743242,0.008967713130342288,0.702,-0.008967713130342288,,-0.02237136465324374,0,0.0,EN,2.8394623490732527,IND,,-0.03133907778358603,2,1.0075718310640451,,,1.0193362958080536,0.9987270946212099,,,-0.1262390760561258,0.24825179938462713,,0.10678668794276774
0,0.011025425662979748,0.00999109180717272,0.9787609917884006,0,0.011125883794058784,0.00021680561721983886,0.702,-0.00021680561721983886,,-0.0008175282385871896,0,0.0,SLA10,2.659310736742872,IND,,-0.0010343338558070285,2,1.0091114968391965,,,1.0239486174295211,0.9957690135967696,,,-0.07506312723748557,0.013779519903755026,,0.15864488457511347
1,0.0017662959467383203,0.0015787261039564456,0.9181622587781065,1,0.0011452320296926582,0.00014071519180909768,0.702,-0.00014071519180909768,,-4.685465097277702e-05,0,0.0,SLA20,9.453614386519055,IND,,-0.0001875698427818747,2,0.6483806022470175,,,0.6758963477289393,0.6325768288607447,,,-0.08503663593081083,0.002205753328888609,,0.11771798188586183
1,0.11250882112765646,0.09894518989067502,0.9600698618446929,0,0.11367992678428136,0.0041152162557695875,0.702,-0.0041152162557695875,,-0.00944841498121185,0,0.0,over5,2.9419975826510876,IND,,-0.013563631236981438,2,1.01040901188802,,,1.0236124676661875,1.0014926399705673,,,-0.09663870874093586,0.14035401976802206,,0.18290705835807516
1,0.055274720670612607,4.929419657392908e-07,0.0004029145874593652,1,0.05527422772864687,-0.001222947412595772,0.705,0.001222947412595772,,-0.05649717514124264,0,0.0,EN,7.638463153702793,CRN,,-0.05527422772864687,2,0.9999910819636941,,,0.9999967189078306,0.999977871298308,,,-3.801042837449192,0.014541858666802175,,-1.6683077195491345
1,0.0020465262159483077,1.5935801203432933e-05,0.23051720545792637,1,0.002030590414744875,-5.31948355825553e-05,0.705,5.31948355825553e-05,,-0.00208378525032743,0,0.0,SLA10,9.150942031041762,CRN,,-0.002030590414744875,2,0.9922132435542494,,,0.9947608487260298,0.9900056991279433,,,-2.0247074223398935,0.001002905601243948,,-1.9773507195902709
1,0.0001601935870664574,7.451881585976541e-05,0.671886926812998,1,8.567477120669198e-05,-3.63909412525437e-05,0.705,3.63909412525437e-05,,-0.00012206571245923568,0,0.0,SLA20,26.929479940230944,CRN,,-8.567477120669198e-05,2,0.534820230794565,,,0.5740331258453097,0.513525869880599,,,-0.4737322744935613,0.00018085061081869866,,-4.196887173734804
1,0.023210247682282848,2.9077925550326233e-05,0.032498634503044396,1,0.023181169756732522,-0.0008656650688854024,0.705,0.0008656650688854024,,-0.024046834825617924,0,0.0,over5,9.335173146362328,CRN,,-0.023181169756732522,2,0.9987471945173372,,,0.9993340682365263,0.9980461339031987,,,-2.569670231589425,0.009021067945513854,,-1.9731814763209097
0,0.2064715444044528,0.14465885505120643,0.9645571824164513,0,0.21195219079522507,0.005315514212003741,0.705,-0.005315514212003741,,-0.05649717514124264,0,0.0,EN,2.7909013638630262,IND,,-0.06181268935324638,2,1.0265443182816336,,,1.040385148857955,1.0161912176455652,,,-0.2460628220095021,0.25120694320436343,,0.002485261197570834
0,0.010945477894059393,0.008665352694481938,0.9778439676094048,0,0.01088509726300034,0.00019633994925002387,0.705,-0.00019633994925002387,,-0.00208378525032743,0,0.0,SLA10,3.054140849787017,IND,,-0.002280125199577454,2,0.9944835089300373,,,1.010596227312702,0.9825875438447056,,,-0.16856855195462964,0.013526397261757054,,-0.14178985002407263
1,0.0018164824306276105,0.0016329539107744113,0.9637262742187745,1,0.001077748844803229,6.146280739396359e-05,0.705,-6.146280739396359e-05,,-0.00012206571245923568,0,0.0,SLA20,17.119361203606204,IND,,-0.00018352851985319927,2,0.593316415634616,,,0.6339540986304892,0.564790945127454,,,-0.08087787708117639,0.0022692054548982955,,-2.07468724187873
0,0.11535382443479449,0.08908531034450007,0.9756680263560764,0,0.11304316907126069,0.0022216792646764967,0.705,-0.0022216792646764967,,-0.024046834825617924,0,0.0,over5,3.470035085992433,IND,,-0.02626851409029442,2,0.979968974805513,,,0.99844555489689,0.9709591440522809,,,-0.18478860983555043,0.1421544007158864,,-0.24816577492789452
1,0.11150153114027404,1.1082652073834964e-08,3.2207464195734924e-06,1,0.11150152005762197,-0.003441008678010296,0.71,0.003441008678010296,,-0.11494252873563227,0,0.0,EN,5.245964466971431,CRN,,-0.11150152005762197,2,0.9999999006053821,,,0.9999999790720657,0.9999997945719441,,,-4.717313585803258,0.023636656336179448,,-1.1619449345958461
1,0.004180538658221256,9.22487927932248e-06,0.06459017505915651,1,0.004171313778941934,-0.00013359683115688002,0.71,0.00013359683115688002,,-0.004304910610098814,0,0.0,SLA10,4.7751088068187775,CRN,,-0.004171313778941934,2,0.9977933754395067,,,0.9985637028150518,0.9971781927103428,,,-2.407225386282901,0.0017328305869119451,,-1.1136794135505135
1,0.00034438690735199396,0.00015055071290782137,0.6891677970919248,1,0.0001938361944441726,-6.790220021884948e-05,0.71,6.790220021884948e-05,,-0.00026173839466302206,0,0.0,SLA20,23.154797340963505,CRN,,-0.0001938361944441726,2,0.5628442612252237,,,0.599281583311868,0.5445907926729179,,,-0.5052070800074152,0.00038367671815154995,,-3.855309298409887
1,0.04749794199936918,1.48253611529231e-05,0.007081640920370011,1,0.047483116638216256,-0.0020786669974159275,0.71,0.0020786669974159275,,-0.049561783635632184,0,0.0,over5,5.734188905453254,CRN,,-0.047483116638216256,2,0.999687873610332,,,0.9998275188709633,0.9995225636210681,,,-2.947115584859611,0.016111725268650488,,-1.3122625407602388
0,0.22921372827694098,0.10321877049374664,0.9032789618737953,0,0.2283227118966399,0.011052429047562068,0.71,-0.011052429047562068,,-0.11494252873563227,0,0.0,EN,2.507838552426754,IND,,-0.12599495778319433,2,0.996112726811788,,,1.0069414957151643,0.984987613038536,,,-0.49026102993182397,0.2569956616798918,,-0.15462632455558056
0,0.01231929491799972,0.006871918922331584,0.8574481405336362,0,0.012080931200982121,0.0011424653855693218,0.71,-0.0011424653855693218,,-0.004304910610098814,0,0.0,SLA10,3.215616296455287,IND,,-0.005447375995668136,2,0.98065118835094,,,0.9966244416178784,0.9708434649249909,,,-0.3776782622118825,0.014423324137760636,,-0.2781588447995609
1,0.0020872622142917054,0.001591740361975646,0.871936232691508,1,0.0013556556531538761,0.0002337834576530372,0.71,-0.0002337834576530372,,-0.00026173839466302206,0,0.0,SLA20,9.230698225040417,IND,,-0.0004955218523160593,2,0.6494898647000642,,,0.6774752292204342,0.6400317093537812,,,-0.1929345793193095,0.0025683413210027192,,-0.7438007060280323
0,0.12697221903617992,0.0658615044677643,0.8508091205917475,0,0.12476776562288001,0.011548930932783433,0.71,-0.011548930932783433,,-0.049561783635632184,0,0.0,over5,2.9947193777637517,IND,,-0.06111071456841562,2,0.9826383012754014,,,0.9967231959620063,0.9733389927088051,,,-0.41691468936316406,0.14657846347837264,,-0.28815486788875583
1,0.23491948524385925,1.0225711111200297e-09,3.2199308335797836e-07,0,0.23491948422128814,-0.003175753873949999,0.72,0.003175753873949999,,-0.23809523809523814,0,0.0,EN,7.217473178665831,CRN,,-0.23491948422128814,2,0.9999999956471423,,,0.999999999610421,0.9999999839184421,,,-5.2798506822174005,0.04449358483043843,,-1.1696445477249793
1,0.00890593681271619,5.598456268803009e-06,0.018862874150996238,0,0.008900338356447386,-0.00029119916979749444,0.72,0.00029119916979749444,,-0.00919153752624488,0,0.0,SLA10,5.989127741430716,CRN,,-0.008900338356447386,2,0.9993713792960209,,,0.9996626879906374,0.9990910294304159,,,-2.7605697171448678,0.0032240947588357246,,-1.0872617893736236
1,0.0008361634860468073,0.00034646355532835175,0.752324062928657,1,0.0004896999307184556,-0.00011406080166168509,0.72,0.00011406080166168509,,-0.0006037607323801406,0,0.0,SLA20,20.95319240811743,CRN,,-0.0004896999307184556,2,0.5856509389493274,,,0.6231858132581218,0.5660520276574001,,,-0.5318574447252459,0.0009207353127705702,,-3.7519653770603134
1,0.10266967313308227,1.452675177542051e-05,0.005289581188453346,0,0.10265514638130685,-0.002731768513931254,0.72,0.002731768513931254,,-0.1053869148952381,0,0.0,over5,8.421959067582076,CRN,,-0.10265514638130685,2,0.9998585098078905,,,0.9999404191485226,0.9997047254828014,,,-3.1498535371711167,0.032590450689177576,,-1.50446584397463
0,0.3160949004199437,0.058055170148177626,0.7443002753845163,0,0.31960560808037297,0.01994449217652794,0.72,-0.01994449217652794,,-0.23809523809523814,0,0.0,EN,2.7875796316088786,IND,,-0.2580397302717661,2,1.0111064988893057,,,1.0201220667918074,1.0009189959277165,,,-0.8972642538016595,0.287584988679161,,-0.0552624075920137
0,0.01543566234843525,0.005164604378816617,0.8271142115004887,0,0.015663001099376028,0.0010795204433737531,0.72,-0.0010795204433737531,,-0.00919153752624488,0,0.0,SLA10,2.5844787026962535,IND,,-0.010271057969618634,2,1.014728150033926,,,1.0264619280158185,1.0029783214756347,,,-0.634276126634256,0.01619335418490574,,0.046323141240993945
1,0.0025452172347846373,0.0016742540503149187,0.8623701062791531,1,0.0016661135322656962,0.0002672024520895779,0.72,-0.0002672024520895779,,-0.0006037607323801406,0,0.0,SLA20,18.146306358577593,IND,,-0.0008709631844697186,2,0.6546056303153526,,,0.7048340548868465,0.6318700963180169,,,-0.2839679153685116,0.0030671182810897836,,-2.0563241775236523
0,0.16621083643405052,0.04942593370862476,0.8126068240615747,0,0.16896501405985817,0.011397987830187653,0.72,-0.011397987830187653,,-0.1053869148952381,0,-2.7755575615628914e-17,over5,3.044484484914807,IND,,-0.11678490272542576,2,1.0165703854507733,,,1.0304691552135343,1.0076904495590628,,,-0.6884748618325114,0.16962841956869673,,-0.06714500868103875
1,0.6578232291807443,2.030930978946799e-12,2.2965402098979013e-10,0,0.6578232291787134,-0.008843437487953576,0.75,0.008843437487953576,,-0.666666666666667,0,0.0,EN,5.025553479703144,CRN,,-0.6578232291787134,2,0.9999999999969127,,,0.9999999999996184,0.9999999999834691,,,-6.423492946633517,0.10240895952465728,,-0.8806090172138374
1,0.027523947485418362,1.0605523753683122e-06,0.0019489593001448472,0,0.027522886933042993,-0.0005431028764296825,0.75,0.0005431028764296825,,-0.028065989809472676,0,0.0,SLA10,3.3196579040650542,CRN,,-0.027522886933042993,2,0.9999614680134116,,,0.9999763094709008,0.9999437017493304,,,-3.4664830379661025,0.007939714872856139,,-0.574155855917582
1,0.0026710374415861507,0.0006588268262143174,0.6459685085930708,1,0.0020122106153718333,-0.0003610786605860411,0.75,0.0003610786605860411,,-0.0023732892759578744,0,0.0,SLA20,8.658317458007588,CRN,,-0.0020122106153718333,2,0.7533442190076212,,,0.7753588565547487,0.7406348902434036,,,-0.7716654960120347,0.0026076203040967007,,-2.150797187112862
1,0.3124352632776406,4.337205295024127e-06,0.0005921794391693097,0,0.31243092607234557,-0.007319803094321287,0.75,0.007319803094321287,,-0.31975072916666686,0,0.0,over5,5.290089909334412,CRN,,-0.31243092607234557,2,0.9999861180673093,,,0.9999953664479916,0.999980214093033,,,-3.702093880197136,0.08439303166879945,,-1.0507676758529834
0,0.6779381290459726,0.003477756445372404,0.3085452737488214,0,0.6750975260288281,0.007793705933933248,0.75,-0.007793705933933248,,-0.666666666666667,0,0.0,EN,4.19931265310159,IND,,-0.6744603726006002,2,0.9958099376691765,,,0.9970373635117199,0.9943496503441533,,,-2.1546597347602474,0.31302407601525467,,-0.5817005788780278
0,0.028947701757369115,0.0011952694119515862,0.792184597821448,0,0.028319665426020987,-0.0003135574640551475,0.75,0.0003135574640551475,,-0.028065989809472676,0,0.0,SLA10,3.439128524883526,IND,,-0.02775243234541753,2,0.9783044492923086,,,0.983929819357143,0.9724781114740697,,,-1.4669139029675924,0.01891892379591868,,-0.48563129138913963
1,0.003616057895640757,0.0013003768826008355,0.9575781347034213,1,0.002752091528856564,-5.7608262917952825e-05,0.75,5.7608262917952825e-05,,-0.0023732892759578744,0,0.0,SLA20,8.097261056864681,IND,,-0.0023156810130399216,2,0.7610750735419018,,,0.7884040948858606,0.7462100894668166,,,-0.6003728647567931,0.003857071411743414,,-1.8307586924384356
1,0.3290422473542914,0.00952331416279334,0.976238507624145,0,0.32291535201855626,-0.00023179597516881367,0.75,0.00023179597516881367,,-0.31975072916666686,0,0.0,over5,4.854235333591383,IND,,-0.31951893319149804,2,0.9813796088952125,,,0.9859920713665663,0.9752439145974454,,,-1.591419723457869,0.200776029404261,,-0.8513139104803934
,,,,,,,0.702,,,,,,EN,,,9.030436465431933,,3,,0.9996563216185756,1.0075718310640451,,,0.9991638349079848,-0.049484652602191974,,,32.562004848298784,
,,,,,,,0.702,,,,,,SLA10,,,13.67482537239256,,3,,0.9834578368730202,1.0091114968391965,,,0.999149388308434,-0.042903779920218287,,,30.16156752218043,
,,,,,,,0.702,,,,,,SLA20,,,35.66600480430643,,3,,0.5263254466280693,0.6483806022470175,,,0.9994557313435742,-0.013466134639666586,,,31.90436745836067,
,,,,,,,0.702,,,,,,over5,,,12.198202748599279,,3,,0.9949285265703617,1.01040901188802,,,0.9993137667435701,-0.04749989113453608,,,32.50305854886012,
,,,,,,,0.705,,,,,,EN,,,3.8345572521744526,,3,,0.9999910819636941,1.0265443182816336,,,0.9973225458356693,-0.0646936784670113,,,17.274747950744942,
,,,,,,,0.705,,,,,,SLA10,,,5.360557788493232,,3,,0.9922132435542494,0.9944835089300373,,,0.9961693228983609,-0.02608314165814081,,,13.487208811058258,
,,,,,,,0.705,,,,,,SLA20,,,12.579535721235134,,3,,0.534820230794565,0.593316415634616,,,0.9963828425013161,0.10185143555271302,,,12.547402768648409,
,,,,,,,0.705,,,,,,over5,,,4.876508401325584,,3,,0.9987471945173372,0.979968974805513,,,0.9974526669355132,-0.06772180929645948,,,15.758045674246285,
,,,,,,,0.71,,,,,,EN,,,2.047709410406664,,3,,0.9999999006053821,0.996112726811788,,,0.9941518504976902,0.056915078123230795,,,10.87275873645975,
,,,,,,,0.71,,,,,,SLA10,,,2.8961933436823557,,3,,0.9977933754395067,0.98065118835094,,,0.9906482161475779,0.0813681306319315,,,8.323562757201934,
,,,,,,,0.71,,,,,,SLA20,,,6.993821030387196,,3,,0.5628442612252237,0.6494898647000642,,,0.9849062402897326,0.033824405588579506,,,6.694024420810022,
,,,,,,,0.71,,,,,,over5,,,2.627623763063229,,3,,0.999687873610332,0.9826383012754014,,,0.9940954024582158,0.09899109917167162,,,9.09762679255578,
,,,,,,,0.72,,,,,,EN,,,1.360489995709818,,3,,0.9999999956471423,1.0111064988893057,,,0.9832451039891247,-0.1868975580048104,,,6.463515802898887,
,,,,,,,0.72,,,,,,SLA10,,,1.7598208598473992,,3,,0.9993713792960209,1.014728150033926,,,0.9735836412349401,-0.14858066331550862,,,5.022604915853477,
,,,,,,,0.72,,,,,,SLA20,,,3.402315229698489,,3,,0.5856509389493274,0.6546056303153526,,,0.9270164152898527,-0.03598871760432541,,,3.331161777493432,
,,,,,,,0.72,,,,,,over5,,,1.6459478167051362,,3,,0.9998585098078905,1.0165703854507733,,,0.9802134125650481,-0.1561465057728658,,,5.2048503773844965,
,,,,,,,0.75,,,,,,EN,,,1.0262597854315385,,3,,0.9999999999969127,0.9958099376691765,,,0.9564545697818655,0.12130174242495907,,,3.056608303298766,
,,,,,,,0.75,,,,,,SLA10,,,1.0289496699570935,,3,,0.9999614680134116,0.9783044492923086,,,0.9034726729503556,0.05337358872635002,,,2.38282156209383,
,,,,,,,0.75,,,,,,SLA20,,,1.367695562200386,,3,,0.7533442190076212,0.7610750735419018,,,0.7616978744941216,0.10412160455157637,,,1.4791537731485538,
,,,,,,,0.75,,,,,,over5,,,1.0335575804803105,,3,,0.9999861180673093,0.9813796088952125,,,0.9413745979082653,0.09176662057460806,,,2.379059330303558,
1,0.6578232291807443,2.030930978946799e-12,2.2965402098979013e-10,0,0.6578232291787134,-0.008843437487953576,0.75,0.008843437487953576,1000,-0.666666666666667,0,0.0,EN,5.025553479703144,CRN,,-0.6578232291787134,4,0.9999999999969127,,,0.9999999999996845,0.9999999999873604,,,-6.423492946633517,0.10240895952465728,,-0.8806090172138374
1,0.027523947485418362,1.0605523753683122e-06,0.0019489593001448472,0,0.027522886933042993,-0.0005431028764296825,0.75,0.0005431028764296825,1000,-0.028065989809472676,0,0.0,SLA10,3.3196579040650542,CRN,,-0.027522886933042993,4,0.9999614680134116,,,0.9999788395295934,0.9999463971753018,,,-3.4664830379661025,0.007939714872856139,,-0.574155855917582
1,0.0026710374415861507,0.0006588268262143174,0.6459685085930708,1,0.0020122106153718333,-0.0003610786605860411,0.75,0.0003610786605860411,1000,-0.0023732892759578744,0,0.0,SLA20,8.658317458007588,CRN,,-0.0020122106153718333,4,0.7533442190076212,,,0.7745007116952212,0.7402141519189596,,,-0.7716654960120347,0.0026076203040967007,,-2.150797187112862
1,0.3124352632776406,4.337205295024127e-06,0.0005921794391693097,0,0.31243092607234557,-0.007319803094321287,0.75,0.007319803094321287,1000,-0.31975072916666686,0,0.0,over5,5.290089909334412,CRN,,-0.31243092607234557,4,0.9999861180673093,,,0.9999934415291105,0.9999724213065405,,,-3.702093880197136,0.08439303166879945,,-1.0507676758529834
1,0.6526659092164219,8.071321389024888e-14,5.764917660787369e-12,1,0.6526659092163412,-0.014000757450325807,0.75,0.014000757450325807,0,-0.666666666666667,0,0.0,EN,4.185078379487776,CRN,,-0.6526659092163412,4,0.9999999999998763,,,0.9999999999999913,0.9999999999994023,,,-6.877712700408923,0.09489577969395786,,-0.7132309784895368
1,0.027148426357122866,5.024700227597434e-07,0.000547014274516309,0,0.027147923887100106,-0.0009180659223725698,0.75,0.0009180659223725698,0,-0.028065989809472676,0,0.0,SLA10,3.041572149993574,CRN,,-0.027147923887100106,4,0.999981491744083,,,0.9999904533029115,0.9999731668273347,,,-3.636775253383138,0.007464834089443812,,-0.5273771791282674
1,0.0024825698674734867,0.0005543925331293895,0.5546673848277133,1,0.0019281773343440972,-0.00044511194161377717,0.75,0.00044511194161377717,0,-0.0023732892759578744,0,0.0,SLA20,8.077777851537418,CRN,,-0.0019281773343440972,4,0.7766860299107734,,,0.7962233131277603,0.7602498232775795,,,-0.8147063564630763,0.0023667144843634038,,-2.0272575490272975
1,0.30832784454945766,1.497878228839955e-06,0.00013109521366004337,0,0.3083263466712288,-0.011424382495438035,0.75,0.011424382495438035,0,-0.31975072916666686,0,0.0,over5,4.401417967018257,CRN,,-0.3083263466712288,4,0.9999951419300743,,,0.9999973439223507,0.999991138686393,,,-3.9339657363334,0.07837545299990341,,-0.8742489477862668
