model,pair,layer,payoff_id,k,VR_k,predicted_VR,diff_pct
heston,A,A,call_k=+0.00,1,0.671647,0.671647,0.0
heston,A,A,call_k=+0.00,2,0.884309,0.884309,0.0
heston,A,A,call_k=+0.00,3,0.890204,0.890204,0.0
heston,A,A,call_k=+0.00,5,0.979491,0.979491,0.0
heston,A,A,call_k=+0.00,10,0.981969,0.981969,0.0
heston,A,A,call_k=+0.00,20,0.990896,0.990896,0.0
heston,A,A,call_k=+0.00,50,0.99865,0.99865,0.0
heston,A,A,call_k=+0.00,300,1.0,1.0,0.0
heston,A,A,call_k=+0.05,1,0.69332,0.69332,0.0
heston,A,A,call_k=+0.05,2,0.896173,0.896173,0.0
heston,A,A,call_k=+0.05,3,0.903856,0.903856,0.0
heston,A,A,call_k=+0.05,5,0.980078,0.980078,0.0
heston,A,A,call_k=+0.05,10,0.982559,0.982559,0.0
heston,A,A,call_k=+0.05,20,0.991229,0.991229,0.0
heston,A,A,call_k=+0.05,50,0.998682,0.998682,0.0
heston,A,A,call_k=+0.05,300,1.0,1.0,0.0
heston,A,A,call_k=+0.10,1,0.704266,0.704266,0.0
heston,A,A,call_k=+0.10,2,0.902966,0.902966,0.0
heston,A,A,call_k=+0.10,3,0.91363,0.91363,0.0
heston,A,A,call_k=+0.10,5,0.980419,0.980419,0.0
heston,A,A,call_k=+0.10,10,0.982694,0.982694,0.0
heston,A,A,call_k=+0.10,20,0.99128,0.99128,0.0
heston,A,A,call_k=+0.10,50,0.998671,0.998671,0.0
heston,A,A,call_k=+0.10,300,1.0,1.0,0.0
heston,A,A,call_k=+0.15,1,0.707226,0.707226,0.0
heston,A,A,call_k=+0.15,2,0.905024,0.905024,0.0
heston,A,A,call_k=+0.15,3,0.920002,0.920002,0.0
heston,A,A,call_k=+0.15,5,0.980284,0.980284,0.0
heston,A,A,call_k=+0.15,10,0.982483,0.982483,0.0
heston,A,A,call_k=+0.15,20,0.991068,0.991068,0.0
heston,A,A,call_k=+0.15,50,0.998616,0.998616,0.0
heston,A,A,call_k=+0.15,300,1.0,1.0,0.0
heston,A,A,call_k=+0.20,1,0.701499,0.701499,0.0
heston,A,A,call_k=+0.20,2,0.900847,0.900847,0.0
heston,A,A,call_k=+0.20,3,0.921763,0.921763,0.0
heston,A,A,call_k=+0.20,5,0.979321,0.979321,0.0
heston,A,A,call_k=+0.20,10,0.981699,0.981699,0.0
heston,A,A,call_k=+0.20,20,0.990436,0.990436,0.0
heston,A,A,call_k=+0.20,50,0.99849,0.99849,0.0
heston,A,A,call_k=+0.20,300,1.0,1.0,0.0
heston,A,A,call_k=+0.30,1,0.669695,0.669695,0.0
heston,A,A,call_k=+0.30,2,0.873693,0.873693,0.0
heston,A,A,call_k=+0.30,3,0.91241,0.91241,0.0
heston,A,A,call_k=+0.30,5,0.972719,0.972719,0.0
heston,A,A,call_k=+0.30,10,0.976349,0.976349,0.0
heston,A,A,call_k=+0.30,20,0.987669,0.987669,0.0
heston,A,A,call_k=+0.30,50,0.997931,0.997931,0.0
heston,A,A,call_k=+0.30,300,1.0,1.0,0.0
heston,A,A,call_k=+0.50,1,0.54829,0.54829,0.0
heston,A,A,call_k=+0.50,2,0.742889,0.742889,0.0
heston,A,A,call_k=+0.50,3,0.83456,0.83456,0.0
heston,A,A,call_k=+0.50,5,0.917575,0.917575,0.0
heston,A,A,call_k=+0.50,10,0.928504,0.928504,0.0
heston,A,A,call_k=+0.50,20,0.960666,0.960666,0.0
heston,A,A,call_k=+0.50,50,0.992966,0.992966,0.0
heston,A,A,call_k=+0.50,300,1.0,1.0,0.0
heston,A,A,call_k=+0.60,1,0.474088,0.474088,0.0
heston,A,A,call_k=+0.60,2,0.647251,0.647251,0.0
heston,A,A,call_k=+0.60,3,0.76451,0.76451,0.0
heston,A,A,call_k=+0.60,5,0.857011,0.857011,0.0
heston,A,A,call_k=+0.60,10,0.874083,0.874083,0.0
heston,A,A,call_k=+0.60,20,0.921412,0.921412,0.0
heston,A,A,call_k=+0.60,50,0.983199,0.983199,0.0
heston,A,A,call_k=+0.60,300,1.0,1.0,0.0
heston,A,A,call_k=+0.70,1,0.397497,0.397497,0.0
heston,A,A,call_k=+0.70,2,0.540417,0.540417,0.0
heston,A,A,call_k=+0.70,3,0.676365,0.676365,0.0
heston,A,A,call_k=+0.70,5,0.771478,0.771478,0.0
heston,A,A,call_k=+0.70,10,0.795468,0.795468,0.0
heston,A,A,call_k=+0.70,20,0.855914,0.855914,0.0
heston,A,A,call_k=+0.70,50,0.955319,0.955319,0.0
heston,A,A,call_k=+0.70,300,1.0,1.0,0.0
heston,A,A,put_k=-0.05,1,0.638152,0.638152,0.0
heston,A,A,put_k=-0.05,2,0.891991,0.891991,0.0
heston,A,A,put_k=-0.05,3,0.942717,0.942717,0.0
heston,A,A,put_k=-0.05,5,0.982396,0.982396,0.0
heston,A,A,put_k=-0.05,10,0.991675,0.991675,0.0
heston,A,A,put_k=-0.05,20,0.996123,0.996123,0.0
heston,A,A,put_k=-0.05,50,0.999644,0.999644,0.0
heston,A,A,put_k=-0.05,300,1.0,1.0,0.0
heston,A,A,put_k=-0.10,1,0.637245,0.637245,0.0
heston,A,A,put_k=-0.10,2,0.895593,0.895593,0.0
heston,A,A,put_k=-0.10,3,0.950441,0.950441,0.0
heston,A,A,put_k=-0.10,5,0.98234,0.98234,0.0
heston,A,A,put_k=-0.10,10,0.991369,0.991369,0.0
heston,A,A,put_k=-0.10,20,0.996058,0.996058,0.0
heston,A,A,put_k=-0.10,50,0.99964,0.99964,0.0
heston,A,A,put_k=-0.10,300,1.0,1.0,0.0
heston,A,A,put_k=-0.15,1,0.629187,0.629187,0.0
heston,A,A,put_k=-0.15,2,0.893678,0.893678,0.0
heston,A,A,put_k=-0.15,3,0.955765,0.955765,0.0
heston,A,A,put_k=-0.15,5,0.981874,0.981874,0.0
heston,A,A,put_k=-0.15,10,0.990991,0.990991,0.0
heston,A,A,put_k=-0.15,20,0.995855,0.995855,0.0
heston,A,A,put_k=-0.15,50,0.999625,0.999625,0.0
heston,A,A,put_k=-0.15,300,1.0,1.0,0.0
heston,A,A,put_k=-0.20,1,0.615299,0.615299,0.0
heston,A,A,put_k=-0.20,2,0.885846,0.885846,0.0
heston,A,A,put_k=-0.20,3,0.958424,0.958424,0.0
heston,A,A,put_k=-0.20,5,0.980592,0.980592,0.0
heston,A,A,put_k=-0.20,10,0.990564,0.990564,0.0
heston,A,A,put_k=-0.20,20,0.995471,0.995471,0.0
heston,A,A,put_k=-0.20,50,0.999596,0.999596,0.0
heston,A,A,put_k=-0.20,300,1.0,1.0,0.0
heston,A,A,put_k=-0.30,1,0.577658,0.577658,0.0
heston,A,A,put_k=-0.30,2,0.856507,0.856507,0.0
heston,A,A,put_k=-0.30,3,0.95646,0.95646,0.0
heston,A,A,put_k=-0.30,5,0.974028,0.974028,0.0
heston,A,A,put_k=-0.30,10,0.988523,0.988523,0.0
heston,A,A,put_k=-0.30,20,0.994455,0.994455,0.0
heston,A,A,put_k=-0.30,50,0.999492,0.999492,0.0
heston,A,A,put_k=-0.30,300,1.0,1.0,0.0
heston,A,A,put_k=-0.50,1,0.490411,0.490411,0.0
heston,A,A,put_k=-0.50,2,0.764439,0.764439,0.0
heston,A,A,put_k=-0.50,3,0.921904,0.921904,0.0
heston,A,A,put_k=-0.50,5,0.936413,0.936413,0.0
heston,A,A,put_k=-0.50,10,0.973984,0.973984,0.0
heston,A,A,put_k=-0.50,20,0.988317,0.988317,0.0
heston,A,A,put_k=-0.50,50,0.998933,0.998933,0.0
heston,A,A,put_k=-0.50,300,1.0,1.0,0.0
heston,A,A,put_k=-0.60,1,0.447021,0.447021,0.0
heston,A,A,put_k=-0.60,2,0.712198,0.712198,0.0
heston,A,A,put_k=-0.60,3,0.890983,0.890983,0.0
heston,A,A,put_k=-0.60,5,0.904401,0.904401,0.0
heston,A,A,put_k=-0.60,10,0.958373,0.958373,0.0
heston,A,A,put_k=-0.60,20,0.979903,0.979903,0.0
heston,A,A,put_k=-0.60,50,0.998275,0.998275,0.0
heston,A,A,put_k=-0.60,300,1.0,1.0,0.0
heston,A,A,put_k=-0.70,1,0.404763,0.404763,0.0
heston,A,A,put_k=-0.70,2,0.660019,0.660019,0.0
heston,A,A,put_k=-0.70,3,0.854017,0.854017,0.0
heston,A,A,put_k=-0.70,5,0.866168,0.866168,0.0
heston,A,A,put_k=-0.70,10,0.936444,0.936444,0.0
heston,A,A,put_k=-0.70,20,0.96579,0.96579,0.0
heston,A,A,put_k=-0.70,50,0.99705,0.99705,0.0
heston,A,A,put_k=-0.70,300,1.0,1.0,0.0
heston,B,A,call_k=+0.00,1,0.665638,0.665638,0.0
heston,B,A,call_k=+0.00,2,0.88442,0.88442,0.0
heston,B,A,call_k=+0.00,3,0.889869,0.889869,0.0
heston,B,A,call_k=+0.00,5,0.979414,0.979414,0.0
heston,B,A,call_k=+0.00,10,0.981608,0.981608,0.0
heston,B,A,call_k=+0.00,20,0.990623,0.990623,0.0
heston,B,A,call_k=+0.00,50,0.998583,0.998583,0.0
heston,B,A,call_k=+0.00,300,1.0,1.0,0.0
heston,B,A,call_k=+0.05,1,0.687239,0.687239,0.0
heston,B,A,call_k=+0.05,2,0.896286,0.896286,0.0
heston,B,A,call_k=+0.05,3,0.903454,0.903454,0.0
heston,B,A,call_k=+0.05,5,0.979983,0.979983,0.0
heston,B,A,call_k=+0.05,10,0.982188,0.982188,0.0
heston,B,A,call_k=+0.05,20,0.990941,0.990941,0.0
heston,B,A,call_k=+0.05,50,0.998613,0.998613,0.0
heston,B,A,call_k=+0.05,300,1.0,1.0,0.0
heston,B,A,call_k=+0.10,1,0.698248,0.698248,0.0
heston,B,A,call_k=+0.10,2,0.903274,0.903274,0.0
heston,B,A,call_k=+0.10,3,0.913327,0.913327,0.0
heston,B,A,call_k=+0.10,5,0.98027,0.98027,0.0
heston,B,A,call_k=+0.10,10,0.982315,0.982315,0.0
heston,B,A,call_k=+0.10,20,0.990974,0.990974,0.0
heston,B,A,call_k=+0.10,50,0.998598,0.998598,0.0
heston,B,A,call_k=+0.10,300,1.0,1.0,0.0
heston,B,A,call_k=+0.15,1,0.701282,0.701282,0.0
heston,B,A,call_k=+0.15,2,0.905642,0.905642,0.0
heston,B,A,call_k=+0.15,3,0.919907,0.919907,0.0
heston,B,A,call_k=+0.15,5,0.980137,0.980137,0.0
heston,B,A,call_k=+0.15,10,0.982087,0.982087,0.0
heston,B,A,call_k=+0.15,20,0.990747,0.990747,0.0
heston,B,A,call_k=+0.15,50,0.998539,0.998539,0.0
heston,B,A,call_k=+0.15,300,1.0,1.0,0.0
heston,B,A,call_k=+0.20,1,0.695585,0.695585,0.0
heston,B,A,call_k=+0.20,2,0.901867,0.901867,0.0
heston,B,A,call_k=+0.20,3,0.922,0.922,0.0
heston,B,A,call_k=+0.20,5,0.979196,0.979196,0.0
heston,B,A,call_k=+0.20,10,0.981323,0.981323,0.0
heston,B,A,call_k=+0.20,20,0.990106,0.990106,0.0
heston,B,A,call_k=+0.20,50,0.998407,0.998407,0.0
heston,B,A,call_k=+0.20,300,1.0,1.0,0.0
heston,B,A,call_k=+0.30,1,0.663854,0.663854,0.0
heston,B,A,call_k=+0.30,2,0.875846,0.875846,0.0
heston,B,A,call_k=+0.30,3,0.913716,0.913716,0.0
heston,B,A,call_k=+0.30,5,0.972768,0.972768,0.0
heston,B,A,call_k=+0.30,10,0.976116,0.976116,0.0
heston,B,A,call_k=+0.30,20,0.987328,0.987328,0.0
heston,B,A,call_k=+0.30,50,0.99783,0.99783,0.0
heston,B,A,call_k=+0.30,300,1.0,1.0,0.0
heston,B,A,call_k=+0.50,1,0.54323,0.54323,0.0
heston,B,A,call_k=+0.50,2,0.747732,0.747732,0.0
heston,B,A,call_k=+0.50,3,0.839847,0.839847,0.0
heston,B,A,call_k=+0.50,5,0.918836,0.918836,0.0
heston,B,A,call_k=+0.50,10,0.929217,0.929217,0.0
heston,B,A,call_k=+0.50,20,0.960346,0.960346,0.0
heston,B,A,call_k=+0.50,50,0.992771,0.992771,0.0
heston,B,A,call_k=+0.50,300,1.0,1.0,0.0
heston,B,A,call_k=+0.60,1,0.469357,0.469357,0.0
heston,B,A,call_k=+0.60,2,0.652876,0.652876,0.0
heston,B,A,call_k=+0.60,3,0.771777,0.771777,0.0
heston,B,A,call_k=+0.60,5,0.859183,0.859183,0.0
heston,B,A,call_k=+0.60,10,0.875488,0.875488,0.0
heston,B,A,call_k=+0.60,20,0.921272,0.921272,0.0
heston,B,A,call_k=+0.60,50,0.982909,0.982909,0.0
heston,B,A,call_k=+0.60,300,1.0,1.0,0.0
heston,B,A,call_k=+0.70,1,0.392921,0.392921,0.0
heston,B,A,call_k=+0.70,2,0.545551,0.545551,0.0
heston,B,A,call_k=+0.70,3,0.684881,0.684881,0.0
heston,B,A,call_k=+0.70,5,0.774504,0.774504,0.0
heston,B,A,call_k=+0.70,10,0.797479,0.797479,0.0
heston,B,A,call_k=+0.70,20,0.856497,0.856497,0.0
heston,B,A,call_k=+0.70,50,0.95485,0.95485,0.0
heston,B,A,call_k=+0.70,300,1.0,1.0,0.0
heston,B,A,put_k=-0.05,1,0.622482,0.622482,0.0
heston,B,A,put_k=-0.05,2,0.884858,0.884858,0.0
heston,B,A,put_k=-0.05,3,0.940019,0.940019,0.0
heston,B,A,put_k=-0.05,5,0.980951,0.980951,0.0
heston,B,A,put_k=-0.05,10,0.990924,0.990924,0.0
heston,B,A,put_k=-0.05,20,0.995954,0.995954,0.0
heston,B,A,put_k=-0.05,50,0.999619,0.999619,0.0
heston,B,A,put_k=-0.05,300,1.0,1.0,0.0
heston,B,A,put_k=-0.10,1,0.622352,0.622352,0.0
heston,B,A,put_k=-0.10,2,0.888592,0.888592,0.0
heston,B,A,put_k=-0.10,3,0.948124,0.948124,0.0
heston,B,A,put_k=-0.10,5,0.980986,0.980986,0.0
heston,B,A,put_k=-0.10,10,0.990603,0.990603,0.0
heston,B,A,put_k=-0.10,20,0.995889,0.995889,0.0
heston,B,A,put_k=-0.10,50,0.999614,0.999614,0.0
heston,B,A,put_k=-0.10,300,1.0,1.0,0.0
heston,B,A,put_k=-0.15,1,0.615048,0.615048,0.0
heston,B,A,put_k=-0.15,2,0.886606,0.886606,0.0
heston,B,A,put_k=-0.15,3,0.95367,0.95367,0.0
heston,B,A,put_k=-0.15,5,0.980529,0.980529,0.0
heston,B,A,put_k=-0.15,10,0.99022,0.99022,0.0
heston,B,A,put_k=-0.15,20,0.995682,0.995682,0.0
heston,B,A,put_k=-0.15,50,0.999598,0.999598,0.0
heston,B,A,put_k=-0.15,300,1.0,1.0,0.0
heston,B,A,put_k=-0.20,1,0.601829,0.601829,0.0
heston,B,A,put_k=-0.20,2,0.878491,0.878491,0.0
heston,B,A,put_k=-0.20,3,0.956391,0.956391,0.0
heston,B,A,put_k=-0.20,5,0.979221,0.979221,0.0
heston,B,A,put_k=-0.20,10,0.98979,0.98979,0.0
heston,B,A,put_k=-0.20,20,0.995286,0.995286,0.0
heston,B,A,put_k=-0.20,50,0.999567,0.999567,0.0
heston,B,A,put_k=-0.20,300,1.0,1.0,0.0
heston,B,A,put_k=-0.30,1,0.565584,0.565584,0.0
heston,B,A,put_k=-0.30,2,0.848399,0.848399,0.0
heston,B,A,put_k=-0.30,3,0.954214,0.954214,0.0
heston,B,A,put_k=-0.30,5,0.972462,0.972462,0.0
heston,B,A,put_k=-0.30,10,0.987631,0.987631,0.0
heston,B,A,put_k=-0.30,20,0.994246,0.994246,0.0
heston,B,A,put_k=-0.30,50,0.999456,0.999456,0.0
heston,B,A,put_k=-0.30,300,1.0,1.0,0.0
heston,B,A,put_k=-0.50,1,0.480024,0.480024,0.0
heston,B,A,put_k=-0.50,2,0.753979,0.753979,0.0
heston,B,A,put_k=-0.50,3,0.917776,0.917776,0.0
heston,B,A,put_k=-0.50,5,0.933562,0.933562,0.0
heston,B,A,put_k=-0.50,10,0.972187,0.972187,0.0
heston,B,A,put_k=-0.50,20,0.988017,0.988017,0.0
heston,B,A,put_k=-0.50,50,0.998863,0.998863,0.0
heston,B,A,put_k=-0.50,300,1.0,1.0,0.0
heston,B,A,put_k=-0.60,1,0.436689,0.436689,0.0
heston,B,A,put_k=-0.60,2,0.700447,0.700447,0.0
heston,B,A,put_k=-0.60,3,0.885601,0.885601,0.0
heston,B,A,put_k=-0.60,5,0.900627,0.900627,0.0
heston,B,A,put_k=-0.60,10,0.955719,0.955719,0.0
heston,B,A,put_k=-0.60,20,0.979439,0.979439,0.0
heston,B,A,put_k=-0.60,50,0.998169,0.998169,0.0
heston,B,A,put_k=-0.60,300,1.0,1.0,0.0
heston,B,A,put_k=-0.70,1,0.393928,0.393928,0.0
heston,B,A,put_k=-0.70,2,0.64716,0.64716,0.0
heston,B,A,put_k=-0.70,3,0.847356,0.847356,0.0
heston,B,A,put_k=-0.70,5,0.861401,0.861401,0.0
heston,B,A,put_k=-0.70,10,0.932827,0.932827,0.0
heston,B,A,put_k=-0.70,20,0.965104,0.965104,0.0
heston,B,A,put_k=-0.70,50,0.996886,0.996886,0.0
heston,B,A,put_k=-0.70,300,1.0,1.0,0.0
heston,C,A,call_k=+0.00,1,0.653621,0.653621,0.0
heston,C,A,call_k=+0.00,2,0.883898,0.883898,0.0
heston,C,A,call_k=+0.00,3,0.889665,0.889665,0.0
heston,C,A,call_k=+0.00,5,0.978825,0.978825,0.0
heston,C,A,call_k=+0.00,10,0.98148,0.98148,0.0
heston,C,A,call_k=+0.00,20,0.989766,0.989766,0.0
heston,C,A,call_k=+0.00,50,0.998561,0.998561,0.0
heston,C,A,call_k=+0.00,300,1.0,1.0,0.0
heston,C,A,call_k=+0.05,1,0.675151,0.675151,0.0
heston,C,A,call_k=+0.05,2,0.895834,0.895834,0.0
heston,C,A,call_k=+0.05,3,0.903176,0.903176,0.0
heston,C,A,call_k=+0.05,5,0.979416,0.979416,0.0
heston,C,A,call_k=+0.05,10,0.982026,0.982026,0.0
heston,C,A,call_k=+0.05,20,0.990085,0.990085,0.0
heston,C,A,call_k=+0.05,50,0.998587,0.998587,0.0
heston,C,A,call_k=+0.05,300,1.0,1.0,0.0
heston,C,A,call_k=+0.10,1,0.686277,0.686277,0.0
heston,C,A,call_k=+0.10,2,0.903142,0.903142,0.0
heston,C,A,call_k=+0.10,3,0.913172,0.913172,0.0
heston,C,A,call_k=+0.10,5,0.979702,0.979702,0.0
heston,C,A,call_k=+0.10,10,0.982142,0.982142,0.0
heston,C,A,call_k=+0.10,20,0.990113,0.990113,0.0
heston,C,A,call_k=+0.10,50,0.998571,0.998571,0.0
heston,C,A,call_k=+0.10,300,1.0,1.0,0.0
heston,C,A,call_k=+0.15,1,0.689536,0.689536,0.0
heston,C,A,call_k=+0.15,2,0.906018,0.906018,0.0
heston,C,A,call_k=+0.15,3,0.919992,0.919992,0.0
heston,C,A,call_k=+0.15,5,0.979635,0.979635,0.0
heston,C,A,call_k=+0.15,10,0.981924,0.981924,0.0
heston,C,A,call_k=+0.15,20,0.989876,0.989876,0.0
heston,C,A,call_k=+0.15,50,0.998511,0.998511,0.0
heston,C,A,call_k=+0.15,300,1.0,1.0,0.0
heston,C,A,call_k=+0.20,1,0.684218,0.684218,0.0
heston,C,A,call_k=+0.20,2,0.902996,0.902996,0.0
heston,C,A,call_k=+0.20,3,0.922456,0.922456,0.0
heston,C,A,call_k=+0.20,5,0.978759,0.978759,0.0
heston,C,A,call_k=+0.20,10,0.981209,0.981209,0.0
heston,C,A,call_k=+0.20,20,0.989219,0.989219,0.0
heston,C,A,call_k=+0.20,50,0.998382,0.998382,0.0
heston,C,A,call_k=+0.20,300,1.0,1.0,0.0
heston,C,A,call_k=+0.30,1,0.653635,0.653635,0.0
heston,C,A,call_k=+0.30,2,0.879214,0.879214,0.0
heston,C,A,call_k=+0.30,3,0.915219,0.915219,0.0
heston,C,A,call_k=+0.30,5,0.972588,0.972588,0.0
heston,C,A,call_k=+0.30,10,0.976292,0.976292,0.0
heston,C,A,call_k=+0.30,20,0.98637,0.98637,0.0
heston,C,A,call_k=+0.30,50,0.997817,0.997817,0.0
heston,C,A,call_k=+0.30,300,1.0,1.0,0.0
heston,C,A,call_k=+0.50,1,0.537042,0.537042,0.0
heston,C,A,call_k=+0.50,2,0.758123,0.758123,0.0
heston,C,A,call_k=+0.50,3,0.844974,0.844974,0.0
heston,C,A,call_k=+0.50,5,0.920961,0.920961,0.0
heston,C,A,call_k=+0.50,10,0.931746,0.931746,0.0
heston,C,A,call_k=+0.50,20,0.958812,0.958812,0.0
heston,C,A,call_k=+0.50,50,0.992955,0.992955,0.0
heston,C,A,call_k=+0.50,300,1.0,1.0,0.0
heston,C,A,call_k=+0.60,1,0.465304,0.465304,0.0
heston,C,A,call_k=+0.60,2,0.666293,0.666293,0.0
heston,C,A,call_k=+0.60,3,0.778617,0.778617,0.0
heston,C,A,call_k=+0.60,5,0.863466,0.863466,0.0
heston,C,A,call_k=+0.60,10,0.880153,0.880153,0.0
heston,C,A,call_k=+0.60,20,0.919559,0.919559,0.0
heston,C,A,call_k=+0.60,50,0.983588,0.983588,0.0
heston,C,A,call_k=+0.60,300,1.0,1.0,0.0
heston,C,A,call_k=+0.70,1,0.390282,0.390282,0.0
heston,C,A,call_k=+0.70,2,0.56038,0.56038,0.0
heston,C,A,call_k=+0.70,3,0.692681,0.692681,0.0
heston,C,A,call_k=+0.70,5,0.781119,0.781119,0.0
heston,C,A,call_k=+0.70,10,0.804548,0.804548,0.0
heston,C,A,call_k=+0.70,20,0.855094,0.855094,0.0
heston,C,A,call_k=+0.70,50,0.957015,0.957015,0.0
heston,C,A,call_k=+0.70,300,1.0,1.0,0.0
heston,C,A,put_k=-0.05,1,0.594743,0.594743,0.0
heston,C,A,put_k=-0.05,2,0.877459,0.877459,0.0
heston,C,A,put_k=-0.05,3,0.934119,0.934119,0.0
heston,C,A,put_k=-0.05,5,0.979162,0.979162,0.0
heston,C,A,put_k=-0.05,10,0.990239,0.990239,0.0
heston,C,A,put_k=-0.05,20,0.995645,0.995645,0.0
heston,C,A,put_k=-0.05,50,0.999595,0.999595,0.0
heston,C,A,put_k=-0.05,300,1.0,1.0,0.0
heston,C,A,put_k=-0.10,1,0.595176,0.595176,0.0
heston,C,A,put_k=-0.10,2,0.881156,0.881156,0.0
heston,C,A,put_k=-0.10,3,0.942889,0.942889,0.0
heston,C,A,put_k=-0.10,5,0.979258,0.979258,0.0
heston,C,A,put_k=-0.10,10,0.98989,0.98989,0.0
heston,C,A,put_k=-0.10,20,0.995586,0.995586,0.0
heston,C,A,put_k=-0.10,50,0.99959,0.99959,0.0
heston,C,A,put_k=-0.10,300,1.0,1.0,0.0
heston,C,A,put_k=-0.15,1,0.588525,0.588525,0.0
heston,C,A,put_k=-0.15,2,0.878944,0.878944,0.0
heston,C,A,put_k=-0.15,3,0.948927,0.948927,0.0
heston,C,A,put_k=-0.15,5,0.9788,0.9788,0.0
heston,C,A,put_k=-0.15,10,0.989501,0.989501,0.0
heston,C,A,put_k=-0.15,20,0.995379,0.995379,0.0
heston,C,A,put_k=-0.15,50,0.999573,0.999573,0.0
heston,C,A,put_k=-0.15,300,1.0,1.0,0.0
heston,C,A,put_k=-0.20,1,0.576086,0.576086,0.0
heston,C,A,put_k=-0.20,2,0.870442,0.870442,0.0
heston,C,A,put_k=-0.20,3,0.95196,0.95196,0.0
heston,C,A,put_k=-0.20,5,0.977439,0.977439,0.0
heston,C,A,put_k=-0.20,10,0.989049,0.989049,0.0
heston,C,A,put_k=-0.20,20,0.994974,0.994974,0.0
heston,C,A,put_k=-0.20,50,0.99954,0.99954,0.0
heston,C,A,put_k=-0.20,300,1.0,1.0,0.0
heston,C,A,put_k=-0.30,1,0.541668,0.541668,0.0
heston,C,A,put_k=-0.30,2,0.839283,0.839283,0.0
heston,C,A,put_k=-0.30,3,0.950038,0.950038,0.0
heston,C,A,put_k=-0.30,5,0.970351,0.970351,0.0
heston,C,A,put_k=-0.30,10,0.986759,0.986759,0.0
heston,C,A,put_k=-0.30,20,0.993894,0.993894,0.0
heston,C,A,put_k=-0.30,50,0.999424,0.999424,0.0
heston,C,A,put_k=-0.30,300,1.0,1.0,0.0
heston,C,A,put_k=-0.50,1,0.459349,0.459349,0.0
heston,C,A,put_k=-0.50,2,0.742956,0.742956,0.0
heston,C,A,put_k=-0.50,3,0.912724,0.912724,0.0
heston,C,A,put_k=-0.50,5,0.929605,0.929605,0.0
heston,C,A,put_k=-0.50,10,0.970548,0.970548,0.0
heston,C,A,put_k=-0.50,20,0.987609,0.987609,0.0
heston,C,A,put_k=-0.50,50,0.99881,0.99881,0.0
heston,C,A,put_k=-0.50,300,1.0,1.0,0.0
heston,C,A,put_k=-0.60,1,0.417378,0.417378,0.0
heston,C,A,put_k=-0.60,2,0.689051,0.689051,0.0
heston,C,A,put_k=-0.60,3,0.879708,0.879708,0.0
heston,C,A,put_k=-0.60,5,0.89542,0.89542,0.0
heston,C,A,put_k=-0.60,10,0.953489,0.953489,0.0
heston,C,A,put_k=-0.60,20,0.978935,0.978935,0.0
heston,C,A,put_k=-0.60,50,0.9981,0.9981,0.0
heston,C,A,put_k=-0.60,300,1.0,1.0,0.0
heston,C,A,put_k=-0.70,1,0.375689,0.375689,0.0
heston,C,A,put_k=-0.70,2,0.635579,0.635579,0.0
heston,C,A,put_k=-0.70,3,0.840553,0.840553,0.0
heston,C,A,put_k=-0.70,5,0.854897,0.854897,0.0
heston,C,A,put_k=-0.70,10,0.929973,0.929973,0.0
heston,C,A,put_k=-0.70,20,0.964499,0.964499,0.0
heston,C,A,put_k=-0.70,50,0.996789,0.996789,0.0
heston,C,A,put_k=-0.70,300,1.0,1.0,0.0
heston,D,A,call_k=+0.00,1,0.592697,0.592697,0.0
heston,D,A,call_k=+0.00,2,0.870176,0.870176,0.0
heston,D,A,call_k=+0.00,3,0.877771,0.877771,0.0
heston,D,A,call_k=+0.00,5,0.971351,0.971351,0.0
heston,D,A,call_k=+0.00,10,0.974616,0.974616,0.0
heston,D,A,call_k=+0.00,20,0.986229,0.986229,0.0
heston,D,A,call_k=+0.00,50,0.998218,0.998218,0.0
heston,D,A,call_k=+0.00,300,1.0,1.0,0.0
heston,D,A,call_k=+0.05,1,0.614561,0.614561,0.0
heston,D,A,call_k=+0.05,2,0.882866,0.882866,0.0
heston,D,A,call_k=+0.05,3,0.891843,0.891843,0.0
heston,D,A,call_k=+0.05,5,0.971817,0.971817,0.0
heston,D,A,call_k=+0.05,10,0.974999,0.974999,0.0
heston,D,A,call_k=+0.05,20,0.986458,0.986458,0.0
heston,D,A,call_k=+0.05,50,0.998225,0.998225,0.0
heston,D,A,call_k=+0.05,300,1.0,1.0,0.0
heston,D,A,call_k=+0.10,1,0.626347,0.626347,0.0
heston,D,A,call_k=+0.10,2,0.891323,0.891323,0.0
heston,D,A,call_k=+0.10,3,0.902741,0.902741,0.0
heston,D,A,call_k=+0.10,5,0.971969,0.971969,0.0
heston,D,A,call_k=+0.10,10,0.974989,0.974989,0.0
heston,D,A,call_k=+0.10,20,0.986384,0.986384,0.0
heston,D,A,call_k=+0.10,50,0.998188,0.998188,0.0
heston,D,A,call_k=+0.10,300,1.0,1.0,0.0
heston,D,A,call_k=+0.15,1,0.630334,0.630334,0.0
heston,D,A,call_k=+0.15,2,0.895613,0.895613,0.0
heston,D,A,call_k=+0.15,3,0.910646,0.910646,0.0
heston,D,A,call_k=+0.15,5,0.971851,0.971851,0.0
heston,D,A,call_k=+0.15,10,0.974651,0.974651,0.0
heston,D,A,call_k=+0.15,20,0.986013,0.986013,0.0
heston,D,A,call_k=+0.15,50,0.998107,0.998107,0.0
heston,D,A,call_k=+0.15,300,1.0,1.0,0.0
heston,D,A,call_k=+0.20,1,0.625519,0.625519,0.0
heston,D,A,call_k=+0.20,2,0.894033,0.894033,0.0
heston,D,A,call_k=+0.20,3,0.914103,0.914103,0.0
heston,D,A,call_k=+0.20,5,0.970779,0.970779,0.0
heston,D,A,call_k=+0.20,10,0.973679,0.973679,0.0
heston,D,A,call_k=+0.20,20,0.985171,0.985171,0.0
heston,D,A,call_k=+0.20,50,0.99795,0.99795,0.0
heston,D,A,call_k=+0.20,300,1.0,1.0,0.0
heston,D,A,call_k=+0.30,1,0.5953,0.5953,0.0
heston,D,A,call_k=+0.30,2,0.873151,0.873151,0.0
heston,D,A,call_k=+0.30,3,0.908225,0.908225,0.0
heston,D,A,call_k=+0.30,5,0.963612,0.963612,0.0
heston,D,A,call_k=+0.30,10,0.967656,0.967656,0.0
heston,D,A,call_k=+0.30,20,0.981749,0.981749,0.0
heston,D,A,call_k=+0.30,50,0.997308,0.997308,0.0
heston,D,A,call_k=+0.30,300,1.0,1.0,0.0
heston,D,A,call_k=+0.50,1,0.478746,0.478746,0.0
heston,D,A,call_k=+0.50,2,0.75628,0.75628,0.0
heston,D,A,call_k=+0.50,3,0.836284,0.836284,0.0
heston,D,A,call_k=+0.50,5,0.906125,0.906125,0.0
heston,D,A,call_k=+0.50,10,0.916399,0.916399,0.0
heston,D,A,call_k=+0.50,20,0.950834,0.950834,0.0
heston,D,A,call_k=+0.50,50,0.992196,0.992196,0.0
heston,D,A,call_k=+0.50,300,1.0,1.0,0.0
heston,D,A,call_k=+0.60,1,0.407652,0.407652,0.0
heston,D,A,call_k=+0.60,2,0.664858,0.664858,0.0
heston,D,A,call_k=+0.60,3,0.766637,0.766637,0.0
heston,D,A,call_k=+0.60,5,0.843993,0.843993,0.0
heston,D,A,call_k=+0.60,10,0.859091,0.859091,0.0
heston,D,A,call_k=+0.60,20,0.907919,0.907919,0.0
heston,D,A,call_k=+0.60,50,0.982954,0.982954,0.0
heston,D,A,call_k=+0.60,300,1.0,1.0,0.0
heston,D,A,call_k=+0.70,1,0.334418,0.334418,0.0
heston,D,A,call_k=+0.70,2,0.557955,0.557955,0.0
heston,D,A,call_k=+0.70,3,0.67621,0.67621,0.0
heston,D,A,call_k=+0.70,5,0.757172,0.757172,0.0
heston,D,A,call_k=+0.70,10,0.777736,0.777736,0.0
heston,D,A,call_k=+0.70,20,0.839045,0.839045,0.0
heston,D,A,call_k=+0.70,50,0.957944,0.957944,0.0
heston,D,A,call_k=+0.70,300,1.0,1.0,0.0
heston,D,A,put_k=-0.05,1,0.469397,0.469397,0.0
heston,D,A,put_k=-0.05,2,0.828269,0.828269,0.0
heston,D,A,put_k=-0.05,3,0.900372,0.900372,0.0
heston,D,A,put_k=-0.05,5,0.972678,0.972678,0.0
heston,D,A,put_k=-0.05,10,0.985133,0.985133,0.0
heston,D,A,put_k=-0.05,20,0.993432,0.993432,0.0
heston,D,A,put_k=-0.05,50,0.999404,0.999404,0.0
heston,D,A,put_k=-0.05,300,1.0,1.0,0.0
heston,D,A,put_k=-0.10,1,0.473201,0.473201,0.0
heston,D,A,put_k=-0.10,2,0.832383,0.832383,0.0
heston,D,A,put_k=-0.10,3,0.912981,0.912981,0.0
heston,D,A,put_k=-0.10,5,0.972698,0.972698,0.0
heston,D,A,put_k=-0.10,10,0.984563,0.984563,0.0
heston,D,A,put_k=-0.10,20,0.993302,0.993302,0.0
heston,D,A,put_k=-0.10,50,0.999391,0.999391,0.0
heston,D,A,put_k=-0.10,300,1.0,1.0,0.0
heston,D,A,put_k=-0.15,1,0.469324,0.469324,0.0
heston,D,A,put_k=-0.15,2,0.829001,0.829001,0.0
heston,D,A,put_k=-0.15,3,0.921949,0.921949,0.0
heston,D,A,put_k=-0.15,5,0.971996,0.971996,0.0
heston,D,A,put_k=-0.15,10,0.984007,0.984007,0.0
heston,D,A,put_k=-0.15,20,0.992967,0.992967,0.0
heston,D,A,put_k=-0.15,50,0.999363,0.999363,0.0
heston,D,A,put_k=-0.15,300,1.0,1.0,0.0
heston,D,A,put_k=-0.20,1,0.459,0.459,0.0
heston,D,A,put_k=-0.20,2,0.81795,0.81795,0.0
heston,D,A,put_k=-0.20,3,0.926707,0.926707,0.0
heston,D,A,put_k=-0.20,5,0.970204,0.970204,0.0
heston,D,A,put_k=-0.20,10,0.983275,0.983275,0.0
heston,D,A,put_k=-0.20,20,0.992359,0.992359,0.0
heston,D,A,put_k=-0.20,50,0.999314,0.999314,0.0
heston,D,A,put_k=-0.20,300,1.0,1.0,0.0
heston,D,A,put_k=-0.30,1,0.42725,0.42725,0.0
heston,D,A,put_k=-0.30,2,0.778843,0.778843,0.0
heston,D,A,put_k=-0.30,3,0.925904,0.925904,0.0
heston,D,A,put_k=-0.30,5,0.961438,0.961438,0.0
heston,D,A,put_k=-0.30,10,0.979768,0.979768,0.0
heston,D,A,put_k=-0.30,20,0.990749,0.990749,0.0
heston,D,A,put_k=-0.30,50,0.999146,0.999146,0.0
heston,D,A,put_k=-0.30,300,1.0,1.0,0.0
heston,D,A,put_k=-0.50,1,0.347423,0.347423,0.0
heston,D,A,put_k=-0.50,2,0.665983,0.665983,0.0
heston,D,A,put_k=-0.50,3,0.882847,0.882847,0.0
heston,D,A,put_k=-0.50,5,0.912522,0.912522,0.0
heston,D,A,put_k=-0.50,10,0.956933,0.956933,0.0
heston,D,A,put_k=-0.50,20,0.982195,0.982195,0.0
heston,D,A,put_k=-0.50,50,0.998317,0.998317,0.0
heston,D,A,put_k=-0.50,300,1.0,1.0,0.0
heston,D,A,put_k=-0.60,1,0.307317,0.307317,0.0
heston,D,A,put_k=-0.60,2,0.606836,0.606836,0.0
heston,D,A,put_k=-0.60,3,0.84506,0.84506,0.0
heston,D,A,put_k=-0.60,5,0.872494,0.872494,0.0
heston,D,A,put_k=-0.60,10,0.934343,0.934343,0.0
heston,D,A,put_k=-0.60,20,0.970534,0.970534,0.0
heston,D,A,put_k=-0.60,50,0.997398,0.997398,0.0
heston,D,A,put_k=-0.60,300,1.0,1.0,0.0
heston,D,A,put_k=-0.70,1,0.26824,0.26824,0.0
heston,D,A,put_k=-0.70,2,0.549687,0.549687,0.0
heston,D,A,put_k=-0.70,3,0.8006,0.8006,0.0
heston,D,A,put_k=-0.70,5,0.825743,0.825743,0.0
heston,D,A,put_k=-0.70,10,0.904096,0.904096,0.0
heston,D,A,put_k=-0.70,20,0.951715,0.951715,0.0
heston,D,A,put_k=-0.70,50,0.995763,0.995763,0.0
heston,D,A,put_k=-0.70,300,1.0,1.0,0.0
kou,A,A,call_k=+0.00,1,0.377057,0.377057,0.0
kou,A,A,call_k=+0.00,2,0.421051,0.421051,0.0
kou,A,A,call_k=+0.00,3,0.943732,0.943732,0.0
kou,A,A,call_k=+0.00,5,0.970445,0.970445,0.0
kou,A,A,call_k=+0.00,10,0.99748,0.99748,0.0
kou,A,A,call_k=+0.00,20,0.999546,0.999546,0.0
kou,A,A,call_k=+0.00,50,0.999853,0.999853,0.0
kou,A,A,call_k=+0.00,256,1.0,1.0,0.0
kou,A,A,call_k=+0.05,1,0.400879,0.400879,0.0
kou,A,A,call_k=+0.05,2,0.445585,0.445585,0.0
kou,A,A,call_k=+0.05,3,0.942862,0.942862,0.0
kou,A,A,call_k=+0.05,5,0.970836,0.970836,0.0
kou,A,A,call_k=+0.05,10,0.997492,0.997492,0.0
kou,A,A,call_k=+0.05,20,0.999545,0.999545,0.0
kou,A,A,call_k=+0.05,50,0.999852,0.999852,0.0
kou,A,A,call_k=+0.05,256,1.0,1.0,0.0
kou,A,A,call_k=+0.10,1,0.417945,0.417945,0.0
kou,A,A,call_k=+0.10,2,0.463252,0.463252,0.0
kou,A,A,call_k=+0.10,3,0.940517,0.940517,0.0
kou,A,A,call_k=+0.10,5,0.970893,0.970893,0.0
kou,A,A,call_k=+0.10,10,0.99747,0.99747,0.0
kou,A,A,call_k=+0.10,20,0.999538,0.999538,0.0
kou,A,A,call_k=+0.10,50,0.99985,0.99985,0.0
kou,A,A,call_k=+0.10,256,1.0,1.0,0.0
kou,A,A,call_k=+0.15,1,0.429228,0.429228,0.0
kou,A,A,call_k=+0.15,2,0.474915,0.474915,0.0
kou,A,A,call_k=+0.15,3,0.936556,0.936556,0.0
kou,A,A,call_k=+0.15,5,0.970512,0.970512,0.0
kou,A,A,call_k=+0.15,10,0.997404,0.997404,0.0
kou,A,A,call_k=+0.15,20,0.999523,0.999523,0.0
kou,A,A,call_k=+0.15,50,0.999845,0.999845,0.0
kou,A,A,call_k=+0.15,256,1.0,1.0,0.0
kou,A,A,call_k=+0.20,1,0.435106,0.435106,0.0
kou,A,A,call_k=+0.20,2,0.480871,0.480871,0.0
kou,A,A,call_k=+0.20,3,0.930774,0.930774,0.0
kou,A,A,call_k=+0.20,5,0.969552,0.969552,0.0
kou,A,A,call_k=+0.20,10,0.997284,0.997284,0.0
kou,A,A,call_k=+0.20,20,0.9995,0.9995,0.0
kou,A,A,call_k=+0.20,50,0.999837,0.999837,0.0
kou,A,A,call_k=+0.20,256,1.0,1.0,0.0
kou,A,A,call_k=+0.30,1,0.433052,0.433052,0.0
kou,A,A,call_k=+0.30,2,0.477975,0.477975,0.0
kou,A,A,call_k=+0.30,3,0.913279,0.913279,0.0
kou,A,A,call_k=+0.30,5,0.965265,0.965265,0.0
kou,A,A,call_k=+0.30,10,0.996861,0.996861,0.0
kou,A,A,call_k=+0.30,20,0.999418,0.999418,0.0
kou,A,A,call_k=+0.30,50,0.999809,0.999809,0.0
kou,A,A,call_k=+0.30,256,1.0,1.0,0.0
kou,A,A,call_k=+0.50,1,0.393606,0.393606,0.0
kou,A,A,call_k=+0.50,2,0.433833,0.433833,0.0
kou,A,A,call_k=+0.50,3,0.855925,0.855925,0.0
kou,A,A,call_k=+0.50,5,0.943867,0.943867,0.0
kou,A,A,call_k=+0.50,10,0.995016,0.995016,0.0
kou,A,A,call_k=+0.50,20,0.999034,0.999034,0.0
kou,A,A,call_k=+0.50,50,0.999679,0.999679,0.0
kou,A,A,call_k=+0.50,256,1.0,1.0,0.0
kou,A,A,call_k=+0.60,1,0.365423,0.365423,0.0
kou,A,A,call_k=+0.60,2,0.402481,0.402481,0.0
kou,A,A,call_k=+0.60,3,0.818146,0.818146,0.0
kou,A,A,call_k=+0.60,5,0.925513,0.925513,0.0
kou,A,A,call_k=+0.60,10,0.993097,0.993097,0.0
kou,A,A,call_k=+0.60,20,0.998625,0.998625,0.0
kou,A,A,call_k=+0.60,50,0.99954,0.99954,0.0
kou,A,A,call_k=+0.60,256,1.0,1.0,0.0
kou,A,A,call_k=+0.70,1,0.335914,0.335914,0.0
kou,A,A,call_k=+0.70,2,0.369498,0.369498,0.0
kou,A,A,call_k=+0.70,3,0.775932,0.775932,0.0
kou,A,A,call_k=+0.70,5,0.901655,0.901655,0.0
kou,A,A,call_k=+0.70,10,0.989703,0.989703,0.0
kou,A,A,call_k=+0.70,20,0.99795,0.99795,0.0
kou,A,A,call_k=+0.70,50,0.999305,0.999305,0.0
kou,A,A,call_k=+0.70,256,1.0,1.0,0.0
kou,A,A,put_k=-0.05,1,0.849169,0.849169,0.0
kou,A,A,put_k=-0.05,2,0.895398,0.895398,0.0
kou,A,A,put_k=-0.05,3,0.970301,0.970301,0.0
kou,A,A,put_k=-0.05,5,0.998182,0.998182,0.0
kou,A,A,put_k=-0.05,10,0.99986,0.99986,0.0
kou,A,A,put_k=-0.05,20,0.999976,0.999976,0.0
kou,A,A,put_k=-0.05,50,0.999994,0.999994,0.0
kou,A,A,put_k=-0.05,256,1.0,1.0,0.0
kou,A,A,put_k=-0.10,1,0.854376,0.854376,0.0
kou,A,A,put_k=-0.10,2,0.906964,0.906964,0.0
kou,A,A,put_k=-0.10,3,0.97242,0.97242,0.0
kou,A,A,put_k=-0.10,5,0.998154,0.998154,0.0
kou,A,A,put_k=-0.10,10,0.99986,0.99986,0.0
kou,A,A,put_k=-0.10,20,0.999976,0.999976,0.0
kou,A,A,put_k=-0.10,50,0.999994,0.999994,0.0
kou,A,A,put_k=-0.10,256,1.0,1.0,0.0
kou,A,A,put_k=-0.15,1,0.854935,0.854935,0.0
kou,A,A,put_k=-0.15,2,0.915986,0.915986,0.0
kou,A,A,put_k=-0.15,3,0.973507,0.973507,0.0
kou,A,A,put_k=-0.15,5,0.998072,0.998072,0.0
kou,A,A,put_k=-0.15,10,0.999857,0.999857,0.0
kou,A,A,put_k=-0.15,20,0.999976,0.999976,0.0
kou,A,A,put_k=-0.15,50,0.999994,0.999994,0.0
kou,A,A,put_k=-0.15,256,1.0,1.0,0.0
kou,A,A,put_k=-0.20,1,0.851036,0.851036,0.0
kou,A,A,put_k=-0.20,2,0.922784,0.922784,0.0
kou,A,A,put_k=-0.20,3,0.973539,0.973539,0.0
kou,A,A,put_k=-0.20,5,0.997952,0.997952,0.0
kou,A,A,put_k=-0.20,10,0.99985,0.99985,0.0
kou,A,A,put_k=-0.20,20,0.999974,0.999974,0.0
kou,A,A,put_k=-0.20,50,0.999993,0.999993,0.0
kou,A,A,put_k=-0.20,256,1.0,1.0,0.0
kou,A,A,put_k=-0.30,1,0.830632,0.830632,0.0
kou,A,A,put_k=-0.30,2,0.930253,0.930253,0.0
kou,A,A,put_k=-0.30,3,0.970169,0.970169,0.0
kou,A,A,put_k=-0.30,5,0.997619,0.997619,0.0
kou,A,A,put_k=-0.30,10,0.999828,0.999828,0.0
kou,A,A,put_k=-0.30,20,0.999969,0.999969,0.0
kou,A,A,put_k=-0.30,50,0.999992,0.999992,0.0
kou,A,A,put_k=-0.30,256,1.0,1.0,0.0
kou,A,A,put_k=-0.50,1,0.747301,0.747301,0.0
kou,A,A,put_k=-0.50,2,0.921642,0.921642,0.0
kou,A,A,put_k=-0.50,3,0.946911,0.946911,0.0
kou,A,A,put_k=-0.50,5,0.995919,0.995919,0.0
kou,A,A,put_k=-0.50,10,0.999682,0.999682,0.0
kou,A,A,put_k=-0.50,20,0.99994,0.99994,0.0
kou,A,A,put_k=-0.50,50,0.999985,0.999985,0.0
kou,A,A,put_k=-0.50,256,1.0,1.0,0.0
kou,A,A,put_k=-0.60,1,0.689687,0.689687,0.0
kou,A,A,put_k=-0.60,2,0.90462,0.90462,0.0
kou,A,A,put_k=-0.60,3,0.924907,0.924907,0.0
kou,A,A,put_k=-0.60,5,0.99339,0.99339,0.0
kou,A,A,put_k=-0.60,10,0.999509,0.999509,0.0
kou,A,A,put_k=-0.60,20,0.999906,0.999906,0.0
kou,A,A,put_k=-0.60,50,0.999977,0.999977,0.0
kou,A,A,put_k=-0.60,256,1.0,1.0,0.0
kou,A,A,put_k=-0.70,1,0.625682,0.625682,0.0
kou,A,A,put_k=-0.70,2,0.878386,0.878386,0.0
kou,A,A,put_k=-0.70,3,0.894988,0.894988,0.0
kou,A,A,put_k=-0.70,5,0.988189,0.988189,0.0
kou,A,A,put_k=-0.70,10,0.999234,0.999234,0.0
kou,A,A,put_k=-0.70,20,0.999843,0.999843,0.0
kou,A,A,put_k=-0.70,50,0.999962,0.999962,0.0
kou,A,A,put_k=-0.70,256,1.0,1.0,0.0
kou,B,A,call_k=+0.00,1,0.366041,0.366041,0.0
kou,B,A,call_k=+0.00,2,0.38867,0.38867,0.0
kou,B,A,call_k=+0.00,3,0.934382,0.934382,0.0
kou,B,A,call_k=+0.00,5,0.97064,0.97064,0.0
kou,B,A,call_k=+0.00,10,0.996964,0.996964,0.0
kou,B,A,call_k=+0.00,20,0.999505,0.999505,0.0
kou,B,A,call_k=+0.00,50,0.999825,0.999825,0.0
kou,B,A,call_k=+0.00,256,1.0,1.0,0.0
kou,B,A,call_k=+0.05,1,0.38993,0.38993,0.0
kou,B,A,call_k=+0.05,2,0.413513,0.413513,0.0
kou,B,A,call_k=+0.05,3,0.932885,0.932885,0.0
kou,B,A,call_k=+0.05,5,0.971036,0.971036,0.0
kou,B,A,call_k=+0.05,10,0.996976,0.996976,0.0
kou,B,A,call_k=+0.05,20,0.999504,0.999504,0.0
kou,B,A,call_k=+0.05,50,0.999825,0.999825,0.0
kou,B,A,call_k=+0.05,256,1.0,1.0,0.0
kou,B,A,call_k=+0.10,1,0.407206,0.407206,0.0
kou,B,A,call_k=+0.10,2,0.431544,0.431544,0.0
kou,B,A,call_k=+0.10,3,0.929782,0.929782,0.0
kou,B,A,call_k=+0.10,5,0.97112,0.97112,0.0
kou,B,A,call_k=+0.10,10,0.996947,0.996947,0.0
kou,B,A,call_k=+0.10,20,0.999496,0.999496,0.0
kou,B,A,call_k=+0.10,50,0.999822,0.999822,0.0
kou,B,A,call_k=+0.10,256,1.0,1.0,0.0
kou,B,A,call_k=+0.15,1,0.418802,0.418802,0.0
kou,B,A,call_k=+0.15,2,0.443622,0.443622,0.0
kou,B,A,call_k=+0.15,3,0.924939,0.924939,0.0
kou,B,A,call_k=+0.15,5,0.970787,0.970787,0.0
kou,B,A,call_k=+0.15,10,0.996866,0.996866,0.0
kou,B,A,call_k=+0.15,20,0.99948,0.99948,0.0
kou,B,A,call_k=+0.15,50,0.999816,0.999816,0.0
kou,B,A,call_k=+0.15,256,1.0,1.0,0.0
kou,B,A,call_k=+0.20,1,0.425054,0.425054,0.0
kou,B,A,call_k=+0.20,2,0.450027,0.450027,0.0
kou,B,A,call_k=+0.20,3,0.918154,0.918154,0.0
kou,B,A,call_k=+0.20,5,0.969893,0.969893,0.0
kou,B,A,call_k=+0.20,10,0.996724,0.996724,0.0
kou,B,A,call_k=+0.20,20,0.999456,0.999456,0.0
kou,B,A,call_k=+0.20,50,0.999806,0.999806,0.0
kou,B,A,call_k=+0.20,256,1.0,1.0,0.0
kou,B,A,call_k=+0.30,1,0.423792,0.423792,0.0
kou,B,A,call_k=+0.30,2,0.448064,0.448064,0.0
kou,B,A,call_k=+0.30,3,0.898367,0.898367,0.0
kou,B,A,call_k=+0.30,5,0.965809,0.965809,0.0
kou,B,A,call_k=+0.30,10,0.996231,0.996231,0.0
kou,B,A,call_k=+0.30,20,0.999371,0.999371,0.0
kou,B,A,call_k=+0.30,50,0.999775,0.999775,0.0
kou,B,A,call_k=+0.30,256,1.0,1.0,0.0
kou,B,A,call_k=+0.50,1,0.385608,0.385608,0.0
kou,B,A,call_k=+0.50,2,0.405961,0.405961,0.0
kou,B,A,call_k=+0.50,3,0.836622,0.836622,0.0
kou,B,A,call_k=+0.50,5,0.945354,0.945354,0.0
kou,B,A,call_k=+0.50,10,0.994119,0.994119,0.0
kou,B,A,call_k=+0.50,20,0.998973,0.998973,0.0
kou,B,A,call_k=+0.50,50,0.999626,0.999626,0.0
kou,B,A,call_k=+0.50,256,1.0,1.0,0.0
kou,B,A,call_k=+0.60,1,0.358267,0.358267,0.0
kou,B,A,call_k=+0.60,2,0.376321,0.376321,0.0
kou,B,A,call_k=+0.60,3,0.797794,0.797794,0.0
kou,B,A,call_k=+0.60,5,0.927981,0.927981,0.0
kou,B,A,call_k=+0.60,10,0.991933,0.991933,0.0
kou,B,A,call_k=+0.60,20,0.998552,0.998552,0.0
kou,B,A,call_k=+0.60,50,0.99947,0.99947,0.0
kou,B,A,call_k=+0.60,256,1.0,1.0,0.0
kou,B,A,call_k=+0.70,1,0.329894,0.329894,0.0
kou,B,A,call_k=+0.70,2,0.345766,0.345766,0.0
kou,B,A,call_k=+0.70,3,0.755869,0.755869,0.0
kou,B,A,call_k=+0.70,5,0.905648,0.905648,0.0
kou,B,A,call_k=+0.70,10,0.988095,0.988095,0.0
kou,B,A,call_k=+0.70,20,0.997869,0.997869,0.0
kou,B,A,call_k=+0.70,50,0.999206,0.999206,0.0
kou,B,A,call_k=+0.70,256,1.0,1.0,0.0
kou,B,A,put_k=-0.05,1,0.853691,0.853691,0.0
kou,B,A,put_k=-0.05,2,0.891866,0.891866,0.0
kou,B,A,put_k=-0.05,3,0.974755,0.974755,0.0
kou,B,A,put_k=-0.05,5,0.998166,0.998166,0.0
kou,B,A,put_k=-0.05,10,0.999844,0.999844,0.0
kou,B,A,put_k=-0.05,20,0.999973,0.999973,0.0
kou,B,A,put_k=-0.05,50,0.999994,0.999994,0.0
kou,B,A,put_k=-0.05,256,1.0,1.0,0.0
kou,B,A,put_k=-0.10,1,0.858633,0.858633,0.0
kou,B,A,put_k=-0.10,2,0.903314,0.903314,0.0
kou,B,A,put_k=-0.10,3,0.97655,0.97655,0.0
kou,B,A,put_k=-0.10,5,0.99814,0.99814,0.0
kou,B,A,put_k=-0.10,10,0.999845,0.999845,0.0
kou,B,A,put_k=-0.10,20,0.999973,0.999973,0.0
kou,B,A,put_k=-0.10,50,0.999994,0.999994,0.0
kou,B,A,put_k=-0.10,256,1.0,1.0,0.0
kou,B,A,put_k=-0.15,1,0.858962,0.858962,0.0
kou,B,A,put_k=-0.15,2,0.912219,0.912219,0.0
kou,B,A,put_k=-0.15,3,0.977481,0.977481,0.0
kou,B,A,put_k=-0.15,5,0.998061,0.998061,0.0
kou,B,A,put_k=-0.15,10,0.999842,0.999842,0.0
kou,B,A,put_k=-0.15,20,0.999972,0.999972,0.0
kou,B,A,put_k=-0.15,50,0.999994,0.999994,0.0
kou,B,A,put_k=-0.15,256,1.0,1.0,0.0
kou,B,A,put_k=-0.20,1,0.85485,0.85485,0.0
kou,B,A,put_k=-0.20,2,0.918924,0.918924,0.0
kou,B,A,put_k=-0.20,3,0.977518,0.977518,0.0
kou,B,A,put_k=-0.20,5,0.997944,0.997944,0.0
kou,B,A,put_k=-0.20,10,0.999835,0.999835,0.0
kou,B,A,put_k=-0.20,20,0.99997,0.99997,0.0
kou,B,A,put_k=-0.20,50,0.999994,0.999994,0.0
kou,B,A,put_k=-0.20,256,1.0,1.0,0.0
kou,B,A,put_k=-0.30,1,0.834053,0.834053,0.0
kou,B,A,put_k=-0.30,2,0.926393,0.926393,0.0
kou,B,A,put_k=-0.30,3,0.974616,0.974616,0.0
kou,B,A,put_k=-0.30,5,0.997622,0.997622,0.0
kou,B,A,put_k=-0.30,10,0.999811,0.999811,0.0
kou,B,A,put_k=-0.30,20,0.999964,0.999964,0.0
kou,B,A,put_k=-0.30,50,0.999993,0.999993,0.0
kou,B,A,put_k=-0.30,256,1.0,1.0,0.0
kou,B,A,put_k=-0.50,1,0.750187,0.750187,0.0
kou,B,A,put_k=-0.50,2,0.919378,0.919378,0.0
kou,B,A,put_k=-0.50,3,0.954088,0.954088,0.0
kou,B,A,put_k=-0.50,5,0.996009,0.996009,0.0
kou,B,A,put_k=-0.50,10,0.99966,0.99966,0.0
kou,B,A,put_k=-0.50,20,0.999933,0.999933,0.0
kou,B,A,put_k=-0.50,50,0.999986,0.999986,0.0
kou,B,A,put_k=-0.50,256,1.0,1.0,0.0
kou,B,A,put_k=-0.60,1,0.692452,0.692452,0.0
kou,B,A,put_k=-0.60,2,0.90437,0.90437,0.0
kou,B,A,put_k=-0.60,3,0.934346,0.934346,0.0
kou,B,A,put_k=-0.60,5,0.99362,0.99362,0.0
kou,B,A,put_k=-0.60,10,0.999478,0.999478,0.0
kou,B,A,put_k=-0.60,20,0.999896,0.999896,0.0
kou,B,A,put_k=-0.60,50,0.999979,0.999979,0.0
kou,B,A,put_k=-0.60,256,1.0,1.0,0.0
kou,B,A,put_k=-0.70,1,0.62834,0.62834,0.0
kou,B,A,put_k=-0.70,2,0.881061,0.881061,0.0
kou,B,A,put_k=-0.70,3,0.907281,0.907281,0.0
kou,B,A,put_k=-0.70,5,0.988724,0.988724,0.0
kou,B,A,put_k=-0.70,10,0.999187,0.999187,0.0
kou,B,A,put_k=-0.70,20,0.999828,0.999828,0.0
kou,B,A,put_k=-0.70,50,0.999965,0.999965,0.0
kou,B,A,put_k=-0.70,256,1.0,1.0,0.0
kou,C,A,call_k=+0.00,1,0.349121,0.349121,0.0
kou,C,A,call_k=+0.00,2,0.355951,0.355951,0.0
kou,C,A,call_k=+0.00,3,0.928565,0.928565,0.0
kou,C,A,call_k=+0.00,5,0.967897,0.967897,0.0
kou,C,A,call_k=+0.00,10,0.996788,0.996788,0.0
kou,C,A,call_k=+0.00,20,0.99926,0.99926,0.0
kou,C,A,call_k=+0.00,50,0.999784,0.999784,0.0
kou,C,A,call_k=+0.00,256,1.0,1.0,0.0
kou,C,A,call_k=+0.05,1,0.373036,0.373036,0.0
kou,C,A,call_k=+0.05,2,0.38059,0.38059,0.0
kou,C,A,call_k=+0.05,3,0.926765,0.926765,0.0
kou,C,A,call_k=+0.05,5,0.968331,0.968331,0.0
kou,C,A,call_k=+0.05,10,0.996796,0.996796,0.0
kou,C,A,call_k=+0.05,20,0.999257,0.999257,0.0
kou,C,A,call_k=+0.05,50,0.999783,0.999783,0.0
kou,C,A,call_k=+0.05,256,1.0,1.0,0.0
kou,C,A,call_k=+0.10,1,0.390439,0.390439,0.0
kou,C,A,call_k=+0.10,2,0.398571,0.398571,0.0
kou,C,A,call_k=+0.10,3,0.923264,0.923264,0.0
kou,C,A,call_k=+0.10,5,0.968442,0.968442,0.0
kou,C,A,call_k=+0.10,10,0.996763,0.996763,0.0
kou,C,A,call_k=+0.10,20,0.999243,0.999243,0.0
kou,C,A,call_k=+0.10,50,0.999779,0.999779,0.0
kou,C,A,call_k=+0.10,256,1.0,1.0,0.0
kou,C,A,call_k=+0.15,1,0.402202,0.402202,0.0
kou,C,A,call_k=+0.15,2,0.410715,0.410715,0.0
kou,C,A,call_k=+0.15,3,0.91792,0.91792,0.0
kou,C,A,call_k=+0.15,5,0.968113,0.968113,0.0
kou,C,A,call_k=+0.15,10,0.996678,0.996678,0.0
kou,C,A,call_k=+0.15,20,0.999219,0.999219,0.0
kou,C,A,call_k=+0.15,50,0.999771,0.999771,0.0
kou,C,A,call_k=+0.15,256,1.0,1.0,0.0
kou,C,A,call_k=+0.20,1,0.408633,0.408633,0.0
kou,C,A,call_k=+0.20,2,0.417285,0.417285,0.0
kou,C,A,call_k=+0.20,3,0.910519,0.910519,0.0
kou,C,A,call_k=+0.20,5,0.967191,0.967191,0.0
kou,C,A,call_k=+0.20,10,0.996529,0.996529,0.0
kou,C,A,call_k=+0.20,20,0.999182,0.999182,0.0
kou,C,A,call_k=+0.20,50,0.99976,0.99976,0.0
kou,C,A,call_k=+0.20,256,1.0,1.0,0.0
kou,C,A,call_k=+0.30,1,0.407718,0.407718,0.0
kou,C,A,call_k=+0.30,2,0.415922,0.415922,0.0
kou,C,A,call_k=+0.30,3,0.889176,0.889176,0.0
kou,C,A,call_k=+0.30,5,0.962914,0.962914,0.0
kou,C,A,call_k=+0.30,10,0.996012,0.996012,0.0
kou,C,A,call_k=+0.30,20,0.999055,0.999055,0.0
kou,C,A,call_k=+0.30,50,0.999721,0.999721,0.0
kou,C,A,call_k=+0.30,256,1.0,1.0,0.0
kou,C,A,call_k=+0.50,1,0.370354,0.370354,0.0
kou,C,A,call_k=+0.50,2,0.376007,0.376007,0.0
kou,C,A,call_k=+0.50,3,0.823618,0.823618,0.0
kou,C,A,call_k=+0.50,5,0.941525,0.941525,0.0
kou,C,A,call_k=+0.50,10,0.99381,0.99381,0.0
kou,C,A,call_k=+0.50,20,0.998463,0.998463,0.0
kou,C,A,call_k=+0.50,50,0.999541,0.999541,0.0
kou,C,A,call_k=+0.50,256,1.0,1.0,0.0
kou,C,A,call_k=+0.60,1,0.343674,0.343674,0.0
kou,C,A,call_k=+0.60,2,0.34796,0.34796,0.0
kou,C,A,call_k=+0.60,3,0.782976,0.782976,0.0
kou,C,A,call_k=+0.60,5,0.923466,0.923466,0.0
kou,C,A,call_k=+0.60,10,0.991536,0.991536,0.0
kou,C,A,call_k=+0.60,20,0.997843,0.997843,0.0
kou,C,A,call_k=+0.60,50,0.999351,0.999351,0.0
kou,C,A,call_k=+0.60,256,1.0,1.0,0.0
kou,C,A,call_k=+0.70,1,0.316189,0.316189,0.0
kou,C,A,call_k=+0.70,2,0.319314,0.319314,0.0
kou,C,A,call_k=+0.70,3,0.739589,0.739589,0.0
kou,C,A,call_k=+0.70,5,0.900393,0.900393,0.0
kou,C,A,call_k=+0.70,10,0.987556,0.987556,0.0
kou,C,A,call_k=+0.70,20,0.996848,0.996848,0.0
kou,C,A,call_k=+0.70,50,0.999031,0.999031,0.0
kou,C,A,call_k=+0.70,256,1.0,1.0,0.0
kou,C,A,put_k=-0.05,1,0.847463,0.847463,0.0
kou,C,A,put_k=-0.05,2,0.881507,0.881507,0.0
kou,C,A,put_k=-0.05,3,0.974987,0.974987,0.0
kou,C,A,put_k=-0.05,5,0.99786,0.99786,0.0
kou,C,A,put_k=-0.05,10,0.999826,0.999826,0.0
kou,C,A,put_k=-0.05,20,0.999971,0.999971,0.0
kou,C,A,put_k=-0.05,50,0.999993,0.999993,0.0
kou,C,A,put_k=-0.05,256,1.0,1.0,0.0
kou,C,A,put_k=-0.10,1,0.852341,0.852341,0.0
kou,C,A,put_k=-0.10,2,0.893273,0.893273,0.0
kou,C,A,put_k=-0.10,3,0.976775,0.976775,0.0
kou,C,A,put_k=-0.10,5,0.997845,0.997845,0.0
kou,C,A,put_k=-0.10,10,0.999826,0.999826,0.0
kou,C,A,put_k=-0.10,20,0.999971,0.999971,0.0
kou,C,A,put_k=-0.10,50,0.999993,0.999993,0.0
kou,C,A,put_k=-0.10,256,1.0,1.0,0.0
kou,C,A,put_k=-0.15,1,0.852435,0.852435,0.0
kou,C,A,put_k=-0.15,2,0.902395,0.902395,0.0
kou,C,A,put_k=-0.15,3,0.977731,0.977731,0.0
kou,C,A,put_k=-0.15,5,0.997761,0.997761,0.0
kou,C,A,put_k=-0.15,10,0.999822,0.999822,0.0
kou,C,A,put_k=-0.15,20,0.99997,0.99997,0.0
kou,C,A,put_k=-0.15,50,0.999993,0.999993,0.0
kou,C,A,put_k=-0.15,256,1.0,1.0,0.0
kou,C,A,put_k=-0.20,1,0.84789,0.84789,0.0
kou,C,A,put_k=-0.20,2,0.909255,0.909255,0.0
kou,C,A,put_k=-0.20,3,0.977827,0.977827,0.0
kou,C,A,put_k=-0.20,5,0.997628,0.997628,0.0
kou,C,A,put_k=-0.20,10,0.999814,0.999814,0.0
kou,C,A,put_k=-0.20,20,0.999969,0.999969,0.0
kou,C,A,put_k=-0.20,50,0.999993,0.999993,0.0
kou,C,A,put_k=-0.20,256,1.0,1.0,0.0
kou,C,A,put_k=-0.30,1,0.825543,0.825543,0.0
kou,C,A,put_k=-0.30,2,0.916952,0.916952,0.0
kou,C,A,put_k=-0.30,3,0.975128,0.975128,0.0
kou,C,A,put_k=-0.30,5,0.997256,0.997256,0.0
kou,C,A,put_k=-0.30,10,0.999786,0.999786,0.0
kou,C,A,put_k=-0.30,20,0.999963,0.999963,0.0
kou,C,A,put_k=-0.30,50,0.999991,0.999991,0.0
kou,C,A,put_k=-0.30,256,1.0,1.0,0.0
kou,C,A,put_k=-0.50,1,0.735751,0.735751,0.0
kou,C,A,put_k=-0.50,2,0.910462,0.910462,0.0
kou,C,A,put_k=-0.50,3,0.955243,0.955243,0.0
kou,C,A,put_k=-0.50,5,0.995522,0.995522,0.0
kou,C,A,put_k=-0.50,10,0.999615,0.999615,0.0
kou,C,A,put_k=-0.50,20,0.999932,0.999932,0.0
kou,C,A,put_k=-0.50,50,0.999984,0.999984,0.0
kou,C,A,put_k=-0.50,256,1.0,1.0,0.0
kou,C,A,put_k=-0.60,1,0.674136,0.674136,0.0
kou,C,A,put_k=-0.60,2,0.895898,0.895898,0.0
kou,C,A,put_k=-0.60,3,0.935931,0.935931,0.0
kou,C,A,put_k=-0.60,5,0.993011,0.993011,0.0
kou,C,A,put_k=-0.60,10,0.999411,0.999411,0.0
kou,C,A,put_k=-0.60,20,0.999896,0.999896,0.0
kou,C,A,put_k=-0.60,50,0.999976,0.999976,0.0
kou,C,A,put_k=-0.60,256,1.0,1.0,0.0
kou,C,A,put_k=-0.70,1,0.606238,0.606238,0.0
kou,C,A,put_k=-0.70,2,0.873149,0.873149,0.0
kou,C,A,put_k=-0.70,3,0.909269,0.909269,0.0
kou,C,A,put_k=-0.70,5,0.987859,0.987859,0.0
kou,C,A,put_k=-0.70,10,0.999084,0.999084,0.0
kou,C,A,put_k=-0.70,20,0.999831,0.999831,0.0
kou,C,A,put_k=-0.70,50,0.99996,0.99996,0.0
kou,C,A,put_k=-0.70,256,1.0,1.0,0.0
kou,D,A,call_k=+0.00,1,0.321098,0.321098,0.0
kou,D,A,call_k=+0.00,2,0.329434,0.329434,0.0
kou,D,A,call_k=+0.00,3,0.929338,0.929338,0.0
kou,D,A,call_k=+0.00,5,0.949993,0.949993,0.0
kou,D,A,call_k=+0.00,10,0.996628,0.996628,0.0
kou,D,A,call_k=+0.00,20,0.99905,0.99905,0.0
kou,D,A,call_k=+0.00,50,0.999748,0.999748,0.0
kou,D,A,call_k=+0.00,256,1.0,1.0,0.0
kou,D,A,call_k=+0.05,1,0.344221,0.344221,0.0
kou,D,A,call_k=+0.05,2,0.353075,0.353075,0.0
kou,D,A,call_k=+0.05,3,0.929147,0.929147,0.0
kou,D,A,call_k=+0.05,5,0.950693,0.950693,0.0
kou,D,A,call_k=+0.05,10,0.996635,0.996635,0.0
kou,D,A,call_k=+0.05,20,0.999047,0.999047,0.0
kou,D,A,call_k=+0.05,50,0.999747,0.999747,0.0
kou,D,A,call_k=+0.05,256,1.0,1.0,0.0
kou,D,A,call_k=+0.10,1,0.361384,0.361384,0.0
kou,D,A,call_k=+0.10,2,0.370543,0.370543,0.0
kou,D,A,call_k=+0.10,3,0.927434,0.927434,0.0
kou,D,A,call_k=+0.10,5,0.95097,0.95097,0.0
kou,D,A,call_k=+0.10,10,0.996605,0.996605,0.0
kou,D,A,call_k=+0.10,20,0.999031,0.999031,0.0
kou,D,A,call_k=+0.10,50,0.999742,0.999742,0.0
kou,D,A,call_k=+0.10,256,1.0,1.0,0.0
kou,D,A,call_k=+0.15,1,0.373275,0.373275,0.0
kou,D,A,call_k=+0.15,2,0.382502,0.382502,0.0
kou,D,A,call_k=+0.15,3,0.923958,0.923958,0.0
kou,D,A,call_k=+0.15,5,0.950655,0.950655,0.0
kou,D,A,call_k=+0.15,10,0.996527,0.996527,0.0
kou,D,A,call_k=+0.15,20,0.999003,0.999003,0.0
kou,D,A,call_k=+0.15,50,0.999734,0.999734,0.0
kou,D,A,call_k=+0.15,256,1.0,1.0,0.0
kou,D,A,call_k=+0.20,1,0.380118,0.380118,0.0
kou,D,A,call_k=+0.20,2,0.389157,0.389157,0.0
kou,D,A,call_k=+0.20,3,0.918436,0.918436,0.0
kou,D,A,call_k=+0.20,5,0.94953,0.94953,0.0
kou,D,A,call_k=+0.20,10,0.996385,0.996385,0.0
kou,D,A,call_k=+0.20,20,0.99896,0.99896,0.0
kou,D,A,call_k=+0.20,50,0.999721,0.999721,0.0
kou,D,A,call_k=+0.20,256,1.0,1.0,0.0
kou,D,A,call_k=+0.30,1,0.380678,0.380678,0.0
kou,D,A,call_k=+0.30,2,0.388682,0.388682,0.0
kou,D,A,call_k=+0.30,3,0.900549,0.900549,0.0
kou,D,A,call_k=+0.30,5,0.943989,0.943989,0.0
kou,D,A,call_k=+0.30,10,0.995888,0.995888,0.0
kou,D,A,call_k=+0.30,20,0.998814,0.998814,0.0
kou,D,A,call_k=+0.30,50,0.999679,0.999679,0.0
kou,D,A,call_k=+0.30,256,1.0,1.0,0.0
kou,D,A,call_k=+0.50,1,0.347613,0.347613,0.0
kou,D,A,call_k=+0.50,2,0.35238,0.35238,0.0
kou,D,A,call_k=+0.50,3,0.838245,0.838245,0.0
kou,D,A,call_k=+0.50,5,0.915911,0.915911,0.0
kou,D,A,call_k=+0.50,10,0.99378,0.99378,0.0
kou,D,A,call_k=+0.50,20,0.998128,0.998128,0.0
kou,D,A,call_k=+0.50,50,0.999486,0.999486,0.0
kou,D,A,call_k=+0.50,256,1.0,1.0,0.0
kou,D,A,call_k=+0.60,1,0.322674,0.322674,0.0
kou,D,A,call_k=+0.60,2,0.325952,0.325952,0.0
kou,D,A,call_k=+0.60,3,0.79626,0.79626,0.0
kou,D,A,call_k=+0.60,5,0.892049,0.892049,0.0
kou,D,A,call_k=+0.60,10,0.991654,0.991654,0.0
kou,D,A,call_k=+0.60,20,0.997426,0.997426,0.0
kou,D,A,call_k=+0.60,50,0.999284,0.999284,0.0
kou,D,A,call_k=+0.60,256,1.0,1.0,0.0
kou,D,A,call_k=+0.70,1,0.296294,0.296294,0.0
kou,D,A,call_k=+0.70,2,0.298423,0.298423,0.0
kou,D,A,call_k=+0.70,3,0.749461,0.749461,0.0
kou,D,A,call_k=+0.70,5,0.861455,0.861455,0.0
kou,D,A,call_k=+0.70,10,0.987992,0.987992,0.0
kou,D,A,call_k=+0.70,20,0.996293,0.996293,0.0
kou,D,A,call_k=+0.70,50,0.998948,0.998948,0.0
kou,D,A,call_k=+0.70,256,1.0,1.0,0.0
kou,D,A,put_k=-0.05,1,0.819301,0.819301,0.0
kou,D,A,put_k=-0.05,2,0.869573,0.869573,0.0
kou,D,A,put_k=-0.05,3,0.963223,0.963223,0.0
kou,D,A,put_k=-0.05,5,0.997068,0.997068,0.0
kou,D,A,put_k=-0.05,10,0.999789,0.999789,0.0
kou,D,A,put_k=-0.05,20,0.999963,0.999963,0.0
kou,D,A,put_k=-0.05,50,0.999993,0.999993,0.0
kou,D,A,put_k=-0.05,256,1.0,1.0,0.0
kou,D,A,put_k=-0.10,1,0.823176,0.823176,0.0
kou,D,A,put_k=-0.10,2,0.88213,0.88213,0.0
kou,D,A,put_k=-0.10,3,0.966355,0.966355,0.0
kou,D,A,put_k=-0.10,5,0.997088,0.997088,0.0
kou,D,A,put_k=-0.10,10,0.999788,0.999788,0.0
kou,D,A,put_k=-0.10,20,0.999963,0.999963,0.0
kou,D,A,put_k=-0.10,50,0.999993,0.999993,0.0
kou,D,A,put_k=-0.10,256,1.0,1.0,0.0
kou,D,A,put_k=-0.15,1,0.821773,0.821773,0.0
kou,D,A,put_k=-0.15,2,0.892144,0.892144,0.0
kou,D,A,put_k=-0.15,3,0.968328,0.968328,0.0
kou,D,A,put_k=-0.15,5,0.997015,0.997015,0.0
kou,D,A,put_k=-0.15,10,0.999781,0.999781,0.0
kou,D,A,put_k=-0.15,20,0.999962,0.999962,0.0
kou,D,A,put_k=-0.15,50,0.999992,0.999992,0.0
kou,D,A,put_k=-0.15,256,1.0,1.0,0.0
kou,D,A,put_k=-0.20,1,0.815153,0.815153,0.0
kou,D,A,put_k=-0.20,2,0.899916,0.899916,0.0
kou,D,A,put_k=-0.20,3,0.969152,0.969152,0.0
kou,D,A,put_k=-0.20,5,0.996874,0.996874,0.0
kou,D,A,put_k=-0.20,10,0.99977,0.99977,0.0
kou,D,A,put_k=-0.20,20,0.99996,0.99996,0.0
kou,D,A,put_k=-0.20,50,0.999992,0.999992,0.0
kou,D,A,put_k=-0.20,256,1.0,1.0,0.0
kou,D,A,put_k=-0.30,1,0.786784,0.786784,0.0
kou,D,A,put_k=-0.30,2,0.909148,0.909148,0.0
kou,D,A,put_k=-0.30,3,0.967174,0.967174,0.0
kou,D,A,put_k=-0.30,5,0.996462,0.996462,0.0
kou,D,A,put_k=-0.30,10,0.999736,0.999736,0.0
kou,D,A,put_k=-0.30,20,0.999954,0.999954,0.0
kou,D,A,put_k=-0.30,50,0.99999,0.99999,0.0
kou,D,A,put_k=-0.30,256,1.0,1.0,0.0
kou,D,A,put_k=-0.50,1,0.678776,0.678776,0.0
kou,D,A,put_k=-0.50,2,0.903257,0.903257,0.0
kou,D,A,put_k=-0.50,3,0.946643,0.946643,0.0
kou,D,A,put_k=-0.50,5,0.994605,0.994605,0.0
kou,D,A,put_k=-0.50,10,0.999532,0.999532,0.0
kou,D,A,put_k=-0.50,20,0.999918,0.999918,0.0
kou,D,A,put_k=-0.50,50,0.999983,0.999983,0.0
kou,D,A,put_k=-0.50,256,1.0,1.0,0.0
kou,D,A,put_k=-0.60,1,0.606908,0.606908,0.0
kou,D,A,put_k=-0.60,2,0.888039,0.888039,0.0
kou,D,A,put_k=-0.60,3,0.926499,0.926499,0.0
kou,D,A,put_k=-0.60,5,0.991915,0.991915,0.0
kou,D,A,put_k=-0.60,10,0.999289,0.999289,0.0
kou,D,A,put_k=-0.60,20,0.999878,0.999878,0.0
kou,D,A,put_k=-0.60,50,0.999974,0.999974,0.0
kou,D,A,put_k=-0.60,256,1.0,1.0,0.0
kou,D,A,put_k=-0.70,1,0.529692,0.529692,0.0
kou,D,A,put_k=-0.70,2,0.86448,0.86448,0.0
kou,D,A,put_k=-0.70,3,0.898917,0.898917,0.0
kou,D,A,put_k=-0.70,5,0.986437,0.986437,0.0
kou,D,A,put_k=-0.70,10,0.998914,0.998914,0.0
kou,D,A,put_k=-0.70,20,0.999808,0.999808,0.0
kou,D,A,put_k=-0.70,50,0.999957,0.999957,0.0
kou,D,A,put_k=-0.70,256,1.0,1.0,0.0
heston,A,B1,portfolio_45pos,1,0.784469,0.784469,0.0
heston,A,B1,portfolio_45pos,2,0.91321,0.91321,0.0
heston,A,B1,portfolio_45pos,3,0.924289,0.924289,0.0
heston,A,B1,portfolio_45pos,5,0.983828,0.983828,0.0
heston,A,B1,portfolio_45pos,10,0.98611,0.98611,0.0
heston,A,B1,portfolio_45pos,20,0.992951,0.992951,0.0
heston,A,B1,portfolio_45pos,50,0.998941,0.998941,0.0
heston,A,B1,portfolio_45pos,300,1.0,1.0,0.0
heston,B,B1,portfolio_45pos,1,0.777684,0.777684,0.0
heston,B,B1,portfolio_45pos,2,0.912637,0.912637,0.0
heston,B,B1,portfolio_45pos,3,0.923343,0.923343,0.0
heston,B,B1,portfolio_45pos,5,0.983669,0.983669,0.0
heston,B,B1,portfolio_45pos,10,0.985718,0.985718,0.0
heston,B,B1,portfolio_45pos,20,0.992661,0.992661,0.0
heston,B,B1,portfolio_45pos,50,0.998874,0.998874,0.0
heston,B,B1,portfolio_45pos,300,1.0,1.0,0.0
heston,C,B1,portfolio_45pos,1,0.765786,0.765786,0.0
heston,C,B1,portfolio_45pos,2,0.911193,0.911193,0.0
heston,C,B1,portfolio_45pos,3,0.922249,0.922249,0.0
heston,C,B1,portfolio_45pos,5,0.983028,0.983028,0.0
heston,C,B1,portfolio_45pos,10,0.985432,0.985432,0.0
heston,C,B1,portfolio_45pos,20,0.991851,0.991851,0.0
heston,C,B1,portfolio_45pos,50,0.998835,0.998835,0.0
heston,C,B1,portfolio_45pos,300,1.0,1.0,0.0
heston,D,B1,portfolio_45pos,1,0.705735,0.705735,0.0
heston,D,B1,portfolio_45pos,2,0.895778,0.895778,0.0
heston,D,B1,portfolio_45pos,3,0.90982,0.90982,0.0
heston,D,B1,portfolio_45pos,5,0.975507,0.975507,0.0
heston,D,B1,portfolio_45pos,10,0.978711,0.978711,0.0
heston,D,B1,portfolio_45pos,20,0.988248,0.988248,0.0
heston,D,B1,portfolio_45pos,50,0.998453,0.998453,0.0
heston,D,B1,portfolio_45pos,300,1.0,1.0,0.0
kou,A,B1,portfolio_45pos,1,0.509569,0.509569,0.0
kou,A,B1,portfolio_45pos,2,0.539357,0.539357,0.0
kou,A,B1,portfolio_45pos,3,0.950224,0.950224,0.0
kou,A,B1,portfolio_45pos,5,0.974531,0.974531,0.0
kou,A,B1,portfolio_45pos,10,0.997856,0.997856,0.0
kou,A,B1,portfolio_45pos,20,0.999606,0.999606,0.0
kou,A,B1,portfolio_45pos,50,0.999872,0.999872,0.0
kou,A,B1,portfolio_45pos,256,1.0,1.0,0.0
kou,B,B1,portfolio_45pos,1,0.499561,0.499561,0.0
kou,B,B1,portfolio_45pos,2,0.513837,0.513837,0.0
kou,B,B1,portfolio_45pos,3,0.941208,0.941208,0.0
kou,B,B1,portfolio_45pos,5,0.9747,0.9747,0.0
kou,B,B1,portfolio_45pos,10,0.99741,0.99741,0.0
kou,B,B1,portfolio_45pos,20,0.999573,0.999573,0.0
kou,B,B1,portfolio_45pos,50,0.999849,0.999849,0.0
kou,B,B1,portfolio_45pos,256,1.0,1.0,0.0
kou,C,B1,portfolio_45pos,1,0.481502,0.481502,0.0
kou,C,B1,portfolio_45pos,2,0.484835,0.484835,0.0
kou,C,B1,portfolio_45pos,3,0.935608,0.935608,0.0
kou,C,B1,portfolio_45pos,5,0.972289,0.972289,0.0
kou,C,B1,portfolio_45pos,10,0.997239,0.997239,0.0
kou,C,B1,portfolio_45pos,20,0.999354,0.999354,0.0
kou,C,B1,portfolio_45pos,50,0.999811,0.999811,0.0
kou,C,B1,portfolio_45pos,256,1.0,1.0,0.0
kou,D,B1,portfolio_45pos,1,0.447927,0.447927,0.0
kou,D,B1,portfolio_45pos,2,0.451775,0.451775,0.0
kou,D,B1,portfolio_45pos,3,0.937441,0.937441,0.0
kou,D,B1,portfolio_45pos,5,0.956064,0.956064,0.0
kou,D,B1,portfolio_45pos,10,0.997039,0.997039,0.0
kou,D,B1,portfolio_45pos,20,0.999155,0.999155,0.0
kou,D,B1,portfolio_45pos,50,0.999774,0.999774,0.0
kou,D,B1,portfolio_45pos,256,1.0,1.0,0.0
