block,config_id,payoff,n_seeds,lil_p,lil_rej,ks_std_p,skew,kurt
Exp01,Exp01-A,ATM,50,0.2280333447356582,0,0.6492617255270887,-0.05742540588905588,1.9551746318748995
Exp01,Exp01-A,OTM_K110,50,0.3141897742404311,0,0.7217062028075482,-0.058415487126431666,2.0752509765557
Exp01,Exp01-A,OTM_K125,50,0.16458617940965328,0,0.5713513009703602,-0.06038551467256273,2.2098758120218704
Exp01,Exp01-B,ATM,50,0.09589701595989464,0,0.4871251796183951,-0.11596046816472903,2.0911390497192723
Exp01,Exp01-B,OTM_K110,50,0.25013142632508445,0,0.6765064626748056,-0.08686068197071911,2.1483419893369176
Exp01,Exp01-B,OTM_K125,50,0.310257810219771,0,0.7189562334929058,-0.06199905546312422,2.2376446547905795
Exp01,Exp01-C,ATM,50,0.3584531172666144,0,0.7523281307204349,-0.2529069611919033,2.171758789716955
Exp01,Exp01-C,OTM_K110,50,0.1441490436390239,0,0.5467522258984914,-0.2578080863144742,2.2297834099922373
Exp01,Exp01-C,OTM_K125,50,0.5389703750074252,0,0.8621832048656224,-0.2617644463534158,2.292540053280954
Exp01,Exp01-D,ATM,50,0.20140363302477254,0,0.6163744571757166,0.1905321785517956,2.3747719953127544
Exp01,Exp01-D,OTM_K110,50,0.09762395514041224,0,0.49042606304325287,0.17765293112921213,2.2962169508558232
Exp01,Exp01-D,OTM_K125,50,0.19824315521193295,0,0.6124833989300649,0.15582200985298225,2.2173537380404467
Exp01,Exp01-E,ATM,50,0.1786886142517213,0,0.5885070636189362,-0.24282639138809325,2.1538248012126777
Exp01,Exp01-E,OTM_K110,50,0.15695266775934355,0,0.5621236480593619,-0.1904606167000722,2.097844034212668
Exp01,Exp01-E,OTM_K125,50,0.20234572034471032,0,0.6175350081650222,-0.13878686978012122,2.091678279792163
Exp02,Exp02-A,ATM,50,0.2280333447356582,0,0.6492617255270887,-0.05742540588905588,1.9551746318748995
Exp02,Exp02-A,OTM_K110,50,0.3141897742404311,0,0.7217062028075482,-0.058415487126431666,2.0752509765557
Exp02,Exp02-A,OTM_K125,50,0.16458617940965328,0,0.5713513009703602,-0.06038551467256273,2.2098758120218704
Exp02,Exp02-B,ATM,50,0.09589701595989464,0,0.4871251796183951,-0.11596046816472903,2.0911390497192723
Exp02,Exp02-B,OTM_K110,50,0.25013142632508445,0,0.6765064626748056,-0.08686068197071911,2.1483419893369176
Exp02,Exp02-B,OTM_K125,50,0.310257810219771,0,0.7189562334929058,-0.06199905546312422,2.2376446547905795
Exp02,Exp02-C,ATM,50,0.3584531172666144,0,0.7523281307204349,-0.2529069611919033,2.171758789716955
Exp02,Exp02-C,OTM_K110,50,0.1441490436390239,0,0.5467522258984914,-0.2578080863144742,2.2297834099922373
Exp02,Exp02-C,OTM_K125,50,0.5389703750074252,0,0.8621832048656224,-0.2617644463534158,2.292540053280954
Exp02,Exp02-D,ATM,50,0.20140363302477254,0,0.6163744571757166,0.1905321785517956,2.3747719953127544
Exp02,Exp02-D,OTM_K110,50,0.09762395514041224,0,0.49042606304325287,0.17765293112921213,2.2962169508558232
Exp02,Exp02-D,OTM_K125,50,0.19824315521193295,0,0.6124833989300649,0.15582200985298225,2.2173537380404467
Exp02,Exp02-E,ATM,50,0.1786886142517213,0,0.5885070636189362,-0.24282639138809325,2.1538248012126777
Exp02,Exp02-E,OTM_K110,50,0.15695266775934355,0,0.5621236480593619,-0.1904606167000722,2.097844034212668
Exp02,Exp02-E,OTM_K125,50,0.20234572034471032,0,0.6175350081650222,-0.13878686978012122,2.091678279792163
Exp02,Exp02-F1,ATM,50,0.0727484770299601,0,0.4425422691132912,-0.05752389991382267,1.9380405615517844
Exp02,Exp02-F1,OTM_K110,50,0.28561170436040106,0,0.7016341645038624,-0.061184665560650664,2.052752047752717
Exp02,Exp02-F1,OTM_K125,50,0.19793431409769605,0,0.6121033656781123,-0.0648906831052621,2.185840089896398
Exp02,Exp02-F2,ATM,50,0.1945592584206063,0,0.6079527919778945,-0.05752461726160863,1.9471250571837786
Exp02,Exp02-F2,OTM_K110,50,0.30872341847604906,0,0.7178819913741519,-0.06151280413717867,2.060280035337335
Exp02,Exp02-F2,OTM_K125,50,0.18990123161458944,0,0.6022324781080588,-0.06521394151342784,2.1906814501913328
Exp02,Exp02-F3,ATM,50,0.21205189715953351,0,0.6295076922892375,-0.057471782953104,1.9419969404997142
Exp02,Exp02-F3,OTM_K110,50,0.3101396929334728,0,0.7188735602003371,-0.061123667988601506,2.0592144259405534
Exp02,Exp02-F3,OTM_K125,50,0.1757366662206375,0,0.5849053405577976,-0.06514459510827197,2.192030353237577
Exp02,Exp02-F4,ATM,50,0.21488257434753782,0,0.6330038274891152,-0.05555247974358606,1.9434032976347673
Exp02,Exp02-F4,OTM_K110,50,0.3238618171783032,0,0.7284523562157033,-0.05860485876793445,2.0636737519941644
Exp02,Exp02-F4,OTM_K125,50,0.16176835270729814,0,0.5679398668300103,-0.06260938701979689,2.198388258113862
Exp02,Exp02-F5,ATM,50,0.22122382644373487,0,0.6408409483640432,-0.056105620463093926,1.9476782818669782
Exp02,Exp02-F5,OTM_K110,50,0.3194330524412473,0,0.7253666844731828,-0.05822852055731896,2.067647482068814
Exp02,Exp02-F5,OTM_K125,50,0.16327042859287974,0,0.5697576413398663,-0.06115306599072599,2.202138972299292
Exp02,Exp02-G1,ATM,50,0.5183209950741345,0,0.8523814080902532,0.10766341481526731,2.036510603879031
Exp02,Exp02-G1,OTM_K110,50,0.6308118162238677,0,0.9020927425852494,0.122389518112795,2.0567458153510336
Exp02,Exp02-G1,OTM_K125,50,0.40272010070089326,0,0.7821471434842899,0.11615428682476411,2.135193554155728
Exp02,Exp02-G2,ATM,50,0.18881133529248334,0,0.6008954731501378,-0.39858250313751903,2.4182399337839886
Exp02,Exp02-G2,OTM_K110,50,0.18308738725685095,0,0.5938835593414875,-0.42445790085712365,2.4204869526346604
Exp02,Exp02-G2,OTM_K125,50,0.22501299093026697,0,0.6455263125196087,-0.39309521550848237,2.4699650063559604
Exp02,Exp02-G3,ATM,50,0.7810738776558955,0,0.9542851941080837,-0.1329370638402032,2.400372556524053
Exp02,Exp02-G3,OTM_K110,50,0.6274372438046905,0,0.9007412680135333,-0.1972349677618999,2.5164344231474187
Exp02,Exp02-G3,OTM_K125,50,0.7852606649485145,0,0.9556229254388076,-0.2528504936144645,2.5721873085388958
Exp03,Exp03-AA-A,ATM,50,0.2280333447356582,0,0.6492617255270887,-0.05742540588905588,1.9551746318748995
Exp03,Exp03-AA-A,OTM_K110,50,0.3141897742404311,0,0.7217062028075482,-0.058415487126431666,2.0752509765557
Exp03,Exp03-AA-A,OTM_K125,50,0.16458617940965328,0,0.5713513009703602,-0.06038551467256273,2.2098758120218704
Exp03,Exp03-AA-B,ATM,50,0.09589701595989464,0,0.4871251796183951,-0.11596046816472903,2.0911390497192723
Exp03,Exp03-AA-B,OTM_K110,50,0.25013142632508445,0,0.6765064626748056,-0.08686068197071911,2.1483419893369176
Exp03,Exp03-AA-B,OTM_K125,50,0.310257810219771,0,0.7189562334929058,-0.06199905546312422,2.2376446547905795
Exp03,Exp03-AA-C,ATM,50,0.3584531172666144,0,0.7523281307204349,-0.2529069611919033,2.171758789716955
Exp03,Exp03-AA-C,OTM_K110,50,0.1441490436390239,0,0.5467522258984914,-0.2578080863144742,2.2297834099922373
Exp03,Exp03-AA-C,OTM_K125,50,0.5389703750074252,0,0.8621832048656224,-0.2617644463534158,2.292540053280954
Exp03,Exp03-AA-D,ATM,50,0.20140363302477254,0,0.6163744571757166,0.1905321785517956,2.3747719953127544
Exp03,Exp03-AA-D,OTM_K110,50,0.09762395514041224,0,0.49042606304325287,0.17765293112921213,2.2962169508558232
Exp03,Exp03-AA-D,OTM_K125,50,0.19824315521193295,0,0.6124833989300649,0.15582200985298225,2.2173537380404467
Exp03,Exp03-AA-E,ATM,50,0.1786886142517213,0,0.5885070636189362,-0.24282639138809325,2.1538248012126777
Exp03,Exp03-AA-E,OTM_K110,50,0.15695266775934355,0,0.5621236480593619,-0.1904606167000722,2.097844034212668
Exp03,Exp03-AA-E,OTM_K125,50,0.20234572034471032,0,0.6175350081650222,-0.13878686978012122,2.091678279792163
Exp03,Exp03-AB1-A,ATM,6,0.5735148379931471,0,0.9099415195580985,-0.6262656399075937,2.521294835738941
Exp03,Exp03-AB1-A,OTM_K110,6,0.4280150495672311,0,0.8448380007974706,-0.5223390759581479,2.461341447199748
Exp03,Exp03-AB1-A,OTM_K125,6,0.35280392644153813,0,0.8005993637108706,-0.6727977961517289,2.6232726261401123
Exp03,Exp03-AB1-B,ATM,6,0.7944391338305903,0,0.9698047423673823,-0.5638372377363905,2.4357216951928025
Exp03,Exp03-AB1-B,OTM_K110,6,0.6267927830300088,0,0.9273950292678815,-0.4666548170846299,2.4052540240843276
Exp03,Exp03-AB1-B,OTM_K125,6,0.30333918294680057,0,0.7693230505584177,-0.6094783485893149,2.5747082781948425
Exp03,Exp03-AB1-C,ATM,6,0.8171563080782478,0,0.9742791603266849,-0.4778574353707278,2.3196853414543224
Exp03,Exp03-AB1-C,OTM_K110,6,0.8721394637591151,0,0.9833490540139539,-0.3885614166410876,2.3238012930188887
Exp03,Exp03-AB1-C,OTM_K125,6,0.4614725386760966,0,0.862955796375741,-0.5190863737385424,2.5000167581645965
Exp03,Exp03-AB1-D,ATM,6,0.7963369183452436,0,0.970195410717616,-0.15586955937362593,1.7612764763514002
Exp03,Exp03-AB1-D,OTM_K110,6,0.8068837632266807,0,0.9723102171513237,-0.05511351520374673,1.8144882288489046
Exp03,Exp03-AB1-D,OTM_K125,6,0.99,0,0.9997029064252775,-0.06982012457220531,1.949349473359532
Exp03,Exp03-AB1-E,ATM,6,0.4266375460261162,0,0.8440700036615738,1.2514419570624296,3.1813435209858394
Exp03,Exp03-AB1-E,OTM_K110,6,0.45003702965918235,0,0.8568811034227017,1.2559077803018925,3.161393427954203
Exp03,Exp03-AB1-E,OTM_K125,6,0.30779056535454613,0,0.7721947935452348,1.0436779835847467,2.7756107082190216
Exp03,Exp03-AB2-A,ATM,6,0.6641667140253853,0,0.9383876107681624,-0.6151982281254655,2.5972654141312956
Exp03,Exp03-AB2-A,OTM_K110,6,0.4183269918292703,0,0.8394009150359428,-0.6158826105170285,2.5608919151575207
Exp03,Exp03-AB2-A,OTM_K125,6,0.2930280282810753,0,0.7626331157824038,-0.7245783289999768,2.5819256007716764
Exp03,Exp03-AB2-B,ATM,6,0.8144571723086939,0,0.9737704299915609,-0.6424470258674793,2.6369413384664555
Exp03,Exp03-AB2-B,OTM_K110,6,0.5544369586916412,0,0.9031862950209848,-0.6464775862530465,2.613350577421243
Exp03,Exp03-AB2-B,OTM_K125,6,0.3975000408881674,0,0.8274380865472205,-0.756729872881437,2.6409726970529563
Exp03,Exp03-AB2-C,ATM,6,0.804757003361562,0,0.9718914183909227,-0.6043704953043895,2.5697996084067474
Exp03,Exp03-AB2-C,OTM_K110,6,0.8198018724246008,0,0.974771870846017,-0.6192962078067765,2.570534163355968
Exp03,Exp03-AB2-C,OTM_K125,6,0.6042529512457274,0,0.9202662188985405,-0.7416235859511315,2.6168738469048747
Exp03,Exp03-AB2-D,ATM,6,0.7771966887872572,0,0.9661119912209729,-0.772465308987872,2.5045871245690554
Exp03,Exp03-AB2-D,OTM_K110,6,0.5360904852606573,0,0.8964421446582161,-0.7948302103314431,2.5005038486586764
Exp03,Exp03-AB2-D,OTM_K125,6,0.36132311885758417,0,0.8058289875497325,-0.900679343576242,2.5748091542777924
Exp03,Exp03-AB2-E,ATM,6,0.07080617544077382,0,0.5097025907412762,-1.411894700148669,3.4213009436942623
Exp03,Exp03-AB2-E,OTM_K110,6,0.05370037152908687,0,0.4685309646765837,-1.421949034064112,3.4303270009249625
Exp03,Exp03-AB2-E,OTM_K125,6,0.046957484317975196,1,0.4497182229926677,-1.4465861343253692,3.4843183408814733
Exp03,Exp03-AB3-A,ATM,6,0.99,0,0.9999298076601625,0.027554867071518534,1.9817526113790833
Exp03,Exp03-AB3-A,OTM_K110,6,0.8411823293743977,0,0.9785414124622562,-0.18375211970283203,2.2713223448900624
Exp03,Exp03-AB3-A,OTM_K125,6,0.43253383430981895,0,0.847345383830632,-0.39335572240191075,2.5516330350883525
Exp03,Exp03-AB3-B,ATM,6,0.9800430058989686,0,0.9991513672466126,-0.08585010025873707,2.027770163697025
Exp03,Exp03-AB3-B,OTM_K110,6,0.5921608766997555,0,0.916287343800742,-0.31435999420520283,2.340644123739414
Exp03,Exp03-AB3-B,OTM_K125,6,0.25625691952336954,0,0.7383810156530846,-0.539761153975591,2.655063620549076
Exp03,Exp03-AB3-C,ATM,6,0.7941023409353417,0,0.9697350872572371,-0.29523827664117186,2.155019350135509
Exp03,Exp03-AB3-C,OTM_K110,6,0.5859359299874678,0,0.9141971243696303,-0.5395804371862383,2.4987612605825276
Exp03,Exp03-AB3-C,OTM_K125,6,0.262641053957485,0,0.7426327193753794,-0.7830840239328242,2.8560589465774417
Exp03,Exp03-AB3-D,ATM,6,0.9678603655111074,0,0.9982184740990978,-0.05531780816242931,2.2946612472308856
Exp03,Exp03-AB3-D,OTM_K110,6,0.9323719132649895,0,0.9933363447627637,-0.18942155197672175,2.325495467975227
Exp03,Exp03-AB3-D,OTM_K125,6,0.7758860196449455,0,0.9658206479974056,-0.2600554886324023,2.2771551075163203
Exp03,Exp03-AB3-E,ATM,6,0.47478755675669865,0,0.8698696960658717,1.1037730772245957,2.83883934369485
Exp03,Exp03-AB3-E,OTM_K110,6,0.37612349473973195,0,0.8147904140544837,0.9683268391105497,2.5195593902847353
Exp03,Exp03-AB3-E,OTM_K125,6,0.32402298084090086,0,0.7825772273472056,0.9177690114648026,2.3460706951413917
Exp03,Exp03-B1B1-A,ATM,6,0.8335556116201851,0,0.9772397667396963,-0.48502373120445297,2.459479486593128
Exp03,Exp03-B1B1-A,OTM_K110,6,0.7405326161158391,0,0.9576583574670948,-0.5024945470180032,2.4964209477388914
Exp03,Exp03-B1B1-A,OTM_K125,6,0.560521373397069,0,0.9053693877187745,-0.42976460130374367,2.5939777665650117
Exp03,Exp03-B1B1-B,ATM,6,0.8602534250187833,0,0.9815920444380906,-0.4805643668783489,2.505476014844248
Exp03,Exp03-B1B1-B,OTM_K110,6,0.6761631247112606,0,0.9416972708601391,-0.49837285759802336,2.539539923922768
Exp03,Exp03-B1B1-B,OTM_K125,6,0.4952245947760193,0,0.8801394976593665,-0.423594570444096,2.633359454732094
Exp03,Exp03-B1B1-C,ATM,6,0.7880387945580573,0,0.9684642358489148,-0.47927456715374944,2.5636815986522627
Exp03,Exp03-B1B1-C,OTM_K110,6,0.5986316617492026,0,0.9184299307430941,-0.4989711322809332,2.5951306157624225
Exp03,Exp03-B1B1-C,OTM_K125,6,0.4298941093569819,0,0.8458828873938321,-0.4247061797504063,2.6834388967247693
Exp03,Exp03-B1B1-D,ATM,6,0.4532237409839788,0,0.8585864492405055,-0.8839024690057865,2.984030020521146
Exp03,Exp03-B1B1-D,OTM_K110,6,0.20457004457808164,0,0.6842918445955913,-0.9673681594163718,3.1455417917179473
Exp03,Exp03-B1B1-D,OTM_K125,6,0.06422150292797024,0,0.49357916088084774,-0.9378006032768857,3.194582164804408
Exp03,Exp03-B1B1-E,ATM,6,0.9127391517532935,0,0.9901417120769034,-0.5016858848011719,2.3861287139468885
Exp03,Exp03-B1B1-E,OTM_K110,6,0.8732490016909008,0,0.9835075242257229,-0.499987268984428,2.486469152385241
Exp03,Exp03-B1B1-E,OTM_K125,6,0.7697653555121625,0,0.9644400264666725,-0.508947734001355,2.516236385346897
Exp03,Exp03-B2B2-A,ATM,6,0.6765035411413842,0,0.9417896403104893,-0.591887467533403,2.009185654384862
Exp03,Exp03-B2B2-A,OTM_K110,6,0.7586692947642022,0,0.9618522343155752,-0.611619221517565,2.1078379110623
Exp03,Exp03-B2B2-A,OTM_K125,6,0.7789064870501737,0,0.966489782110001,-0.7624838549572533,2.468262332203639
Exp03,Exp03-B2B2-B,ATM,6,0.8490450662764824,0,0.9798341819773292,-0.5106875352888505,1.9633818909637606
Exp03,Exp03-B2B2-B,OTM_K110,6,0.8931419169444065,0,0.9864771832014476,-0.5078556317000886,2.03067341351825
Exp03,Exp03-B2B2-B,OTM_K125,6,0.7679815435395039,0,0.9640314110241104,-0.6340138018188964,2.305972181396636
Exp03,Exp03-B2B2-C,ATM,6,0.4959803395467296,0,0.8805111740526773,-0.3028059382043211,1.586449245442384
Exp03,Exp03-B2B2-C,OTM_K110,6,0.6210275940392067,0,0.9256073653785606,-0.2820689890261013,1.6362975954000345
Exp03,Exp03-B2B2-C,OTM_K125,6,0.8233353602016312,0,0.9754208417814257,-0.3615484169003277,1.8354125880211225
Exp03,Exp03-B2B2-D,ATM,6,0.8350669825601502,0,0.9775014702248571,-0.4668368727764228,2.3528113281550778
Exp03,Exp03-B2B2-D,OTM_K110,6,0.8295832497338167,0,0.976543012956748,-0.5100622399976299,2.392492358912384
Exp03,Exp03-B2B2-D,OTM_K125,6,0.7001734883237375,0,0.9480036315504866,-0.6833928692252693,2.5021209947058725
Exp03,Exp03-B2B2-E,ATM,6,0.09359681832852423,0,0.5550358683772523,-1.3102358937587417,3.338969855127613
Exp03,Exp03-B2B2-E,OTM_K110,6,0.07491468100766403,0,0.5199158651484177,-1.3378198726525912,3.390611051783427
Exp03,Exp03-B2B2-E,OTM_K125,6,0.05569501268765657,0,0.47320642928679757,-1.3861424829653408,3.477511511347669
Exp05_axis,Exp05ax-v1,ATM,50,0.2280333447356582,0,0.6492617255270887,-0.05742540588905588,1.9551746318748995
Exp05_axis,Exp05ax-v1,OTM_K110,50,0.3141897742404311,0,0.7217062028075482,-0.058415487126431666,2.0752509765557
Exp05_axis,Exp05ax-v1,OTM_K125,50,0.16458617940965328,0,0.5713513009703602,-0.06038551467256273,2.2098758120218704
Exp05_axis,Exp05ax-v2,ATM,50,0.09589701595989464,0,0.4871251796183951,-0.11596046816472903,2.0911390497192723
Exp05_axis,Exp05ax-v2,OTM_K110,50,0.25013142632508445,0,0.6765064626748056,-0.08686068197071911,2.1483419893369176
Exp05_axis,Exp05ax-v2,OTM_K125,50,0.310257810219771,0,0.7189562334929058,-0.06199905546312422,2.2376446547905795
Exp05_axis,Exp05ax-v3,ATM,50,0.3584531172666144,0,0.7523281307204349,-0.2529069611919033,2.171758789716955
Exp05_axis,Exp05ax-v3,OTM_K110,50,0.1441490436390239,0,0.5467522258984914,-0.2578080863144742,2.2297834099922373
Exp05_axis,Exp05ax-v3,OTM_K125,50,0.5389703750074252,0,0.8621832048656224,-0.2617644463534158,2.292540053280954
Exp05_axis,Exp05ax-v4,ATM,50,0.20140363302477254,0,0.6163744571757166,0.1905321785517956,2.3747719953127544
Exp05_axis,Exp05ax-v4,OTM_K110,50,0.09762395514041224,0,0.49042606304325287,0.17765293112921213,2.2962169508558232
Exp05_axis,Exp05ax-v4,OTM_K125,50,0.19824315521193295,0,0.6124833989300649,0.15582200985298225,2.2173537380404467
Exp05_axis,Exp05ax-v5,ATM,50,0.1786886142517213,0,0.5885070636189362,-0.24282639138809325,2.1538248012126777
Exp05_axis,Exp05ax-v5,OTM_K110,50,0.15695266775934355,0,0.5621236480593619,-0.1904606167000722,2.097844034212668
Exp05_axis,Exp05ax-v5,OTM_K125,50,0.20234572034471032,0,0.6175350081650222,-0.13878686978012122,2.091678279792163
Exp05_axis,Exp05ax-kappa1,ATM,50,0.31126404296975396,0,0.7196603729731053,0.09314517565854256,2.0000429061399734
Exp05_axis,Exp05ax-kappa1,OTM_K110,50,0.3119735073507087,0,0.7201566797051657,0.1125485055271341,2.0122640273961343
Exp05_axis,Exp05ax-kappa1,OTM_K125,50,0.3708724009889091,0,0.7607871821250856,0.11512758388521527,2.081781278559873
Exp05_axis,Exp05ax-kappa2,ATM,50,0.5763857620555531,0,0.8792004304978267,-0.06973055058423075,2.9238036515564354
Exp05_axis,Exp05ax-kappa2,OTM_K110,50,0.8602956255064148,0,0.9755466324800199,-0.07007906894567599,2.9493048203593557
Exp05_axis,Exp05ax-kappa2,OTM_K125,50,0.8498257642188354,0,0.9732167755270157,-0.06601018105063887,2.912184586253839
Exp05_axis,Exp05ax-kappa3,ATM,50,0.07188460790067207,0,0.4404383310684785,-0.10136839612161529,3.2916015185574814
Exp05_axis,Exp05ax-kappa3,OTM_K110,50,0.13403743008458635,0,0.5347165678025222,-0.08038699105482651,3.3964015663565665
Exp05_axis,Exp05ax-kappa3,OTM_K125,50,0.24902392851589694,0,0.6752083415295664,-0.058966232779079274,3.3767739235073293
Exp05_axis,Exp05ax-kappa4,ATM,50,0.5901573743426722,0,0.8852088067829662,0.10298620832965177,2.2092822559905705
Exp05_axis,Exp05ax-kappa4,OTM_K110,50,0.6096985392568127,0,0.8934866555247183,0.08976818108787149,2.23168732194021
Exp05_axis,Exp05ax-kappa4,OTM_K125,50,0.8190311044343737,0,0.9655293687516124,0.04966642883382372,2.2399456661190515
Exp05_axis,Exp05ax-kappa5,ATM,50,0.3730990008207866,0,0.7622966051973148,-0.15558799515769364,2.8070406198202487
Exp05_axis,Exp05ax-kappa5,OTM_K110,50,0.6834007104389784,0,0.9219287534558905,-0.10506802534383904,2.761400461655047
Exp05_axis,Exp05ax-kappa5,OTM_K125,50,0.7920406830296062,0,0.9577377399683901,-0.07553979801515098,2.678796380498007
Exp05_axis,Exp05ax-omega1,ATM,50,0.727879969690346,0,0.9368389998987939,-0.10358215503670297,2.4091730535248455
Exp05_axis,Exp05ax-omega1,OTM_K110,50,0.8782884987339877,0,0.9792255195587849,-0.16678814280723436,2.5315290504305072
Exp05_axis,Exp05ax-omega1,OTM_K125,50,0.8518940388734836,0,0.9736882458802814,-0.21748313392654056,2.60262253811282
Exp05_axis,Exp05ax-omega2,ATM,50,0.5909945398954389,0,0.8855694544025996,-0.14592284642938072,2.4008676985086606
Exp05_axis,Exp05ax-omega2,OTM_K110,50,0.5153582807404187,0,0.8509523879569217,-0.17408377494623875,2.4999149736417103
Exp05_axis,Exp05ax-omega2,OTM_K125,50,0.2636000752450459,0,0.6860651829436712,-0.18301467150394932,2.547800200453751
Exp05_axis,Exp05ax-omega3,ATM,50,0.1642219063772528,0,0.5709099604464402,-0.2910131124283982,2.4745294345476436
Exp05_axis,Exp05ax-omega3,OTM_K110,50,0.06674012433809778,0,0.4280233185588842,-0.307308333961939,2.553738033583125
Exp05_axis,Exp05ax-omega3,OTM_K125,50,0.12281289764134525,0,0.5214743336060472,-0.2872962571778273,2.639867883931688
Exp05_axis,Exp05ax-omega4,ATM,50,0.4858188727070304,0,0.8349630775661949,0.18709757508746666,2.3438448966454044
Exp05_axis,Exp05ax-omega4,OTM_K110,50,0.62563816209761,0,0.9000169864994675,0.20448851502785176,2.282768946729289
Exp05_axis,Exp05ax-omega4,OTM_K125,50,0.5387897664564668,0,0.862098698491352,0.22685894447836136,2.2850425230497717
Exp05_axis,Exp05ax-omega5,ATM,50,0.05949567958309847,0,0.41088021581107514,0.19783868109334712,2.1209275858182393
Exp05_axis,Exp05ax-omega5,OTM_K110,50,0.07930046718810406,0,0.45595621363491723,0.14892441806923587,2.0304443951725633
Exp05_axis,Exp05ax-omega5,OTM_K125,50,0.33505827931475496,0,0.7362262393208112,0.04612361819905374,2.0390635553324015
Exp05_axis,Exp05ax-xi1,ATM,50,0.9660270389522719,0,0.996358557159623,-0.46090360054098073,3.7211065183642473
Exp05_axis,Exp05ax-xi1,OTM_K110,50,0.9593932968132366,0,0.9951245376254602,-0.35111421977311547,3.2820897740192487
Exp05_axis,Exp05ax-xi1,OTM_K125,50,0.6387015183778497,0,0.9052162217642323,-0.24358570197922888,2.6770129593548972
Exp05_axis,Exp05ax-xi2,ATM,50,0.4011031538364486,0,0.7810753212667912,-0.4888425708623004,3.8770703860648137
Exp05_axis,Exp05ax-xi2,OTM_K110,50,0.7067488259998308,0,0.9299738213946537,-0.3562203427334537,3.4805510180129198
Exp05_axis,Exp05ax-xi2,OTM_K125,50,0.9814120731432959,0,0.9982980618432185,-0.21402761976527684,2.9874084147319198
Exp05_axis,Exp05ax-xi3,ATM,50,0.7030748817856797,0,0.9287396846257048,-0.4010823120492749,4.089699243705856
Exp05_axis,Exp05ax-xi3,OTM_K110,50,0.8966605238188533,0,0.9825721621914189,-0.2199792582745794,3.66921175464785
Exp05_axis,Exp05ax-xi3,OTM_K125,50,0.9045893665573715,0,0.9842892670919637,0.005547938879581269,3.213592131755748
Exp05_axis,Exp05ax-xi4,ATM,50,0.43687914325116417,0,0.8044295454412582,0.42932383181297384,3.4860543103382575
Exp05_axis,Exp05ax-xi4,OTM_K110,50,0.18060563139643693,0,0.5908488239853156,0.49145030497572584,3.250570529854533
Exp05_axis,Exp05ax-xi4,OTM_K125,50,0.14324511712614282,0,0.5456724136324218,0.5103822392461209,3.0167676697389747
Exp05_axis,Exp05ax-xi5,ATM,50,0.3841736568838578,0,0.7697697745510454,0.13180556588092854,3.1180570416926394
Exp05_axis,Exp05ax-xi5,OTM_K110,50,0.1249702043349289,0,0.5240093191058924,0.26910047014962446,2.9940595786104542
Exp05_axis,Exp05ax-xi5,OTM_K125,50,0.430157184694448,0,0.8001020938165374,0.3422284227455513,2.805748337780758
Exp05_axis,Exp05ax-rho1,ATM,50,0.18881133529248334,0,0.6008954731501378,-0.39858250313751903,2.4182399337839886
Exp05_axis,Exp05ax-rho1,OTM_K110,50,0.18308738725685095,0,0.5938835593414875,-0.42445790085712365,2.4204869526346604
Exp05_axis,Exp05ax-rho1,OTM_K125,50,0.22501299093026697,0,0.6455263125196087,-0.39309521550848237,2.4699650063559604
Exp05_axis,Exp05ax-rho2,ATM,50,0.45677395491489364,0,0.8170568017501972,-0.29051270266781976,2.0695539373310328
Exp05_axis,Exp05ax-rho2,OTM_K110,50,0.2705345638313941,0,0.6909780424215548,-0.2961321471300741,2.0470071840809156
Exp05_axis,Exp05ax-rho2,OTM_K125,50,0.16423121888592845,0,0.5709212419526333,-0.267452861765341,2.1025567313274403
Exp05_axis,Exp05ax-rho3,ATM,50,0.662719351901244,0,0.9144068780393139,-0.05712386913392023,2.4273417874325203
Exp05_axis,Exp05ax-rho3,OTM_K110,50,0.8483869250602359,0,0.972885507010096,-0.07897361637531854,2.5226371462400983
Exp05_axis,Exp05ax-rho3,OTM_K125,50,0.7419641530276231,0,0.9411924720493507,-0.05686953592473357,2.595766402023999
Exp05_axis,Exp05ax-rho4,ATM,50,0.4878492389129611,0,0.836189573036992,-0.18268572641840905,2.221751050769323
Exp05_axis,Exp05ax-rho4,OTM_K110,50,0.6657067157852409,0,0.9155160467972658,-0.24815802231538264,2.352966429371994
Exp05_axis,Exp05ax-rho4,OTM_K125,50,0.6787368688256824,0,0.9202646673843838,-0.2866132764126473,2.5086055123224065
Exp05_axis,Exp05ax-rho5,ATM,50,0.680914893064839,0,0.9210441453147853,-0.5498683626235578,2.727839735132624
Exp05_axis,Exp05ax-rho5,OTM_K110,50,0.3796001456539255,0,0.7666906551672993,-0.4831539645591248,2.578240591785765
Exp05_axis,Exp05ax-rho5,OTM_K125,50,0.5172205369289847,0,0.8518512701672069,-0.4124070743322693,2.4737015568266423
Exp05_diag,Exp05dg-vkappa_s1,ATM,50,0.9096979518702472,0,0.9855050642412263,-0.02953545894773096,2.686739754499243
Exp05_diag,Exp05dg-vkappa_s1,OTM_K110,50,0.8690984272663831,0,0.9773971665152876,-0.04110563170793815,2.657904854020537
Exp05_diag,Exp05dg-vkappa_s1,OTM_K125,50,0.8476608198315483,0,0.9727173092476239,-0.06371273929703221,2.56110536720722
Exp05_diag,Exp05dg-vkappa_s2,ATM,50,0.9204292776762452,0,0.9878393111140211,-0.1484950670892155,2.7660185119001723
Exp05_diag,Exp05dg-vkappa_s2,OTM_K110,50,0.9855466941351966,0,0.9986435174383189,-0.17019878161458174,2.7387901828599674
Exp05_diag,Exp05dg-vkappa_s2,OTM_K125,50,0.920175490236828,0,0.9877874483640554,-0.21148694342969193,2.651314136494637
Exp05_diag,Exp05dg-vkappa_s4,ATM,50,0.72647528696144,0,0.9363950241016119,-0.03692974121562851,2.778294432643836
Exp05_diag,Exp05dg-vkappa_s4,OTM_K110,50,0.922727240222478,0,0.9883017291229758,-0.09008821410056154,2.7541289443217085
Exp05_diag,Exp05dg-vkappa_s4,OTM_K125,50,0.99,0,0.9999609528403859,-0.17551239957434164,2.648112321614184
Exp05_diag,Exp05dg-vkappa_s8,ATM,50,0.6443969693239991,0,0.9074391903118075,-0.09082970677807109,2.738060938455732
Exp05_diag,Exp05dg-vkappa_s8,OTM_K110,50,0.7090169254924336,0,0.9307297439877696,-0.1916029111154158,2.7635804547125797
Exp05_diag,Exp05dg-vkappa_s8,OTM_K125,50,0.5233384595166642,0,0.8547887069508628,-0.35090542232993127,2.7876947850631697
Exp05_diag,Exp05dg-vkappa_s16,ATM,50,0.7962369003931355,0,0.9590147878907783,0.10009584289884522,2.723049625371962
Exp05_diag,Exp05dg-vkappa_s16,OTM_K110,50,0.9689205369475999,0,0.9968143657095273,0.02631182533551466,2.721337337527951
Exp05_diag,Exp05dg-vkappa_s16,OTM_K125,50,0.8582502436493203,0,0.9751025549597483,-0.10636287820050785,2.7505802942062494
Exp05_diag,Exp05dg-vomega_s1,ATM,50,0.44959129997032315,0,0.8125300873614795,-0.06091996865521973,2.1623953415714015
Exp05_diag,Exp05dg-vomega_s1,OTM_K110,50,0.5265369903395889,0,0.8563148229053018,-0.08803007545786073,2.288661703204187
Exp05_diag,Exp05dg-vomega_s1,OTM_K125,50,0.9577926403005417,0,0.9947841440328817,-0.10430077907243282,2.4002458128561113
Exp05_diag,Exp05dg-vomega_s2,ATM,50,0.4981219984462767,0,0.84234171224567,-0.04892242213055666,1.9778864661877529
Exp05_diag,Exp05dg-vomega_s2,OTM_K110,50,0.6064751161229218,0,0.8921415805754973,-0.04947208242743951,2.0184710909374886
Exp05_diag,Exp05dg-vomega_s2,OTM_K125,50,0.6230858414175717,0,0.8989849808302773,-0.04846270063001692,2.04306436165552
Exp05_diag,Exp05dg-vomega_s4,ATM,50,0.23195600171996136,0,0.6541133568568627,-0.2045188489131277,2.1517860406079152
Exp05_diag,Exp05dg-vomega_s4,OTM_K110,50,0.6796419154967157,0,0.920589066849073,-0.2078417794902917,2.2045770197070604
Exp05_diag,Exp05dg-vomega_s4,OTM_K125,50,0.8029236703996144,0,0.9609996468257544,-0.19546173487524854,2.227987330204299
Exp05_diag,Exp05dg-vomega_s8,ATM,50,0.6300365051571454,0,0.9017830584914097,-0.025598196628333538,2.121813187694008
Exp05_diag,Exp05dg-vomega_s8,OTM_K110,50,0.7452865415540348,0,0.9421933615153948,-0.004950137594279105,2.059791857330858
Exp05_diag,Exp05dg-vomega_s8,OTM_K125,50,0.8151485974505527,0,0.9644698869751456,0.02550543130241426,2.0523463462349554
Exp05_diag,Exp05dg-vomega_s16,ATM,50,0.7206347692738462,0,0.9345300589312446,0.2395978363232343,2.3947893839893317
Exp05_diag,Exp05dg-vomega_s16,OTM_K110,50,0.6146580997135082,0,0.8955402143712181,0.24620170472980046,2.3001847006171467
Exp05_diag,Exp05dg-vomega_s16,OTM_K125,50,0.7411054141298251,0,0.9409321503578074,0.27420324881513597,2.2000008994322986
Exp05_diag,Exp05dg-vxi_s1,ATM,50,0.6619978434676475,0,0.914137853704583,0.1768371566254301,2.6608141283645597
Exp05_diag,Exp05dg-vxi_s1,OTM_K110,50,0.6335781934923594,0,0.9031937310346688,0.11643455193338653,2.7168692051750485
Exp05_diag,Exp05dg-vxi_s1,OTM_K125,50,0.9015832386749927,0,0.9835412719838417,0.0018178723498609398,2.796328849641024
Exp05_diag,Exp05dg-vxi_s2,ATM,50,0.4813239502107139,0,0.8322356799495849,0.13402597015896345,2.6401063255632047
Exp05_diag,Exp05dg-vxi_s2,OTM_K110,50,0.4992690812510476,0,0.8430230475034838,0.06706097639447059,2.734398577891228
Exp05_diag,Exp05dg-vxi_s2,OTM_K125,50,0.6923928301570244,0,0.9250837876085475,-0.052211879792702955,2.837821847119885
Exp05_diag,Exp05dg-vxi_s4,ATM,50,0.32106581623610364,0,0.7265049607796716,0.28371821089812943,2.398613653948055
Exp05_diag,Exp05dg-vxi_s4,OTM_K110,50,0.45077289514053454,0,0.8132773117114509,0.253918524569596,2.4070556273609336
Exp05_diag,Exp05dg-vxi_s4,OTM_K125,50,0.8702817347093494,0,0.9776384770918438,0.16815152584136722,2.394624627353644
Exp05_diag,Exp05dg-vxi_s8,ATM,50,0.8403952554161793,0,0.9709962622840732,0.1535819671295743,2.983816785877647
Exp05_diag,Exp05dg-vxi_s8,OTM_K110,50,0.9164908315612276,0,0.9870164745507077,0.1821856674612291,3.066021381859559
Exp05_diag,Exp05dg-vxi_s8,OTM_K125,50,0.7538852371902248,0,0.9450059823182357,0.15195267159913814,3.05433290354127
Exp05_diag,Exp05dg-vxi_s16,ATM,50,0.49178745440306004,0,0.8385587057281971,0.3276076868198822,3.502926057469631
Exp05_diag,Exp05dg-vxi_s16,OTM_K110,50,0.677069182226896,0,0.9196650574053354,0.2879811943559784,3.4320057769668892
Exp05_diag,Exp05dg-vxi_s16,OTM_K125,50,0.2976746022179476,0,0.7101294094064329,0.1381110275790193,3.163997890945235
Exp05_diag,Exp05dg-kappaxi_s1,ATM,50,0.004270607954357511,1,0.16260374706045921,-0.14598908163815605,2.1162018252054837
Exp05_diag,Exp05dg-kappaxi_s1,OTM_K110,50,0.03410986931605733,1,0.3340366305298168,-0.09062864413750693,2.107225732803198
Exp05_diag,Exp05dg-kappaxi_s1,OTM_K125,50,0.17346048128579558,0,0.582131805953785,-0.015432599375246969,2.1749747720066464
Exp05_diag,Exp05dg-kappaxi_s2,ATM,50,0.01039353099584833,1,0.2229819623606486,-0.020514692137953847,1.8110155118872944
Exp05_diag,Exp05dg-kappaxi_s2,OTM_K110,50,0.01623437568192232,1,0.253529447328667,0.03463098470482874,1.8185472217165002
Exp05_diag,Exp05dg-kappaxi_s2,OTM_K125,50,0.053820660971926705,0,0.3977361937578522,0.12080357342936626,1.888443653508913
Exp05_diag,Exp05dg-kappaxi_s4,ATM,50,0.17742508769321214,0,0.5869647674813379,0.1012151228078025,2.2761217068324955
Exp05_diag,Exp05dg-kappaxi_s4,OTM_K110,50,0.23921395260112474,0,0.6630885333754106,0.13577141337580148,2.308240897029093
Exp05_diag,Exp05dg-kappaxi_s4,OTM_K125,50,0.0495015122830518,1,0.3872248316310497,0.19767858379064815,2.3303799722509777
Exp05_diag,Exp05dg-kappaxi_s8,ATM,50,0.5094002346629304,0,0.8480618486363316,0.15259153899882527,3.2053881347224107
Exp05_diag,Exp05dg-kappaxi_s8,OTM_K110,50,0.2221499914549185,0,0.6419860439793728,0.2207837129087646,3.437184386067475
Exp05_diag,Exp05dg-kappaxi_s8,OTM_K125,50,0.176380715316536,0,0.5856907037710981,0.32710958636225457,3.629535842551882
Exp05_diag,Exp05dg-kappaxi_s16,ATM,50,0.7193589441581612,0,0.9341186065815829,0.22233713557574553,2.9538576827365426
Exp05_diag,Exp05dg-kappaxi_s16,OTM_K110,50,0.9619605613922949,0,0.9956349169895192,0.24790153446627117,3.1729463582268136
Exp05_diag,Exp05dg-kappaxi_s16,OTM_K125,50,0.9516318245865711,0,0.9933041195456352,0.27192063955321194,3.3496180452437776
Exp05_diag,Exp05dg-vrho_s1,ATM,50,0.29765105606379616,0,0.7101128572303205,-0.207173013006016,1.9932183647334636
Exp05_diag,Exp05dg-vrho_s1,OTM_K110,50,0.16830040061234364,0,0.5758567493320259,-0.2425570669074706,2.0508646945465494
Exp05_diag,Exp05dg-vrho_s1,OTM_K125,50,0.2798556768449234,0,0.6975704971348056,-0.2749525925345381,2.110212145655104
Exp05_diag,Exp05dg-vrho_s2,ATM,50,0.23297454986038862,0,0.6553730887208203,-0.2021943945572846,1.9169923949956797
Exp05_diag,Exp05dg-vrho_s2,OTM_K110,50,0.23023024700768788,0,0.6519789053959195,-0.21844377432774545,1.942799104869769
Exp05_diag,Exp05dg-vrho_s2,OTM_K125,50,0.15327530430988068,0,0.5576946293681637,-0.23740973133038176,1.9642761946442298
Exp05_diag,Exp05dg-vrho_s4,ATM,50,0.3852190734169408,0,0.7704721641482853,-0.09660770726567909,1.9565983328776793
Exp05_diag,Exp05dg-vrho_s4,OTM_K110,50,0.3929751029668719,0,0.775666044667559,-0.09716298333147536,1.969723388419235
Exp05_diag,Exp05dg-vrho_s4,OTM_K125,50,0.5810474378049898,0,0.8812501132126371,-0.08762067514001495,1.9776794466364058
Exp05_diag,Exp05dg-vrho_s8,ATM,50,0.5048705946370391,0,0.845849506366015,-0.19955547160451584,2.6157260099778687
Exp05_diag,Exp05dg-vrho_s8,OTM_K110,50,0.24660857810244183,0,0.6722260697485785,-0.194994699266505,2.600825546415956
Exp05_diag,Exp05dg-vrho_s8,OTM_K125,50,0.5921977855702752,0,0.8860868752475554,-0.16382974697851058,2.565971283111824
Exp05_diag,Exp05dg-vrho_s16,ATM,50,0.5684032132914062,0,0.8756534956773145,-0.06873939772247384,2.654385706971241
Exp05_diag,Exp05dg-vrho_s16,OTM_K110,50,0.5985946559543494,0,0.888819093444926,-0.11228026485221564,2.747671966101097
Exp05_diag,Exp05dg-vrho_s16,OTM_K125,50,0.4483999917611603,0,0.811775717417173,-0.15923256076993555,2.8577415410614173
Exp05_diag,Exp05dg-all5_s1,ATM,50,0.9460427677187035,0,0.9923018472621525,-0.17045598945073995,2.4671135138546894
Exp05_diag,Exp05dg-all5_s1,OTM_K110,50,0.99,0,0.9995208491261057,-0.2164882129185948,2.589454987238511
Exp05_diag,Exp05dg-all5_s1,OTM_K125,50,0.7065942017300879,0,0.9299221214695759,-0.24074297262525554,2.621696580130016
Exp05_diag,Exp05dg-all5_s2,ATM,50,0.624744500630838,0,0.8996562406774689,-0.18476100720661962,2.423331814477834
Exp05_diag,Exp05dg-all5_s2,OTM_K110,50,0.7360901201441105,0,0.9393985037293675,-0.2571679978981856,2.584173699712861
Exp05_diag,Exp05dg-all5_s2,OTM_K125,50,0.22890734790330505,0,0.650342705722734,-0.3102213198488489,2.6494978329313845
Exp05_diag,Exp05dg-all5_s4,ATM,50,0.8570913362816156,0,0.9748485644975428,-0.35004691216185946,3.2367834636916304
Exp05_diag,Exp05dg-all5_s4,OTM_K110,50,0.7562870333352525,0,0.9458670216183969,-0.4407601764513903,3.4213659505589007
Exp05_diag,Exp05dg-all5_s4,OTM_K125,50,0.7322479340194209,0,0.9382082538852821,-0.5133823002677078,3.521648897940804
Exp05_diag,Exp05dg-all5_s8,ATM,50,0.45270154684972663,0,0.8144948211317501,0.2904926423131512,2.5687258231615857
Exp05_diag,Exp05dg-all5_s8,OTM_K110,50,0.709773844794537,0,0.9309809978905673,0.2375539495697812,2.5228609851798334
Exp05_diag,Exp05dg-all5_s8,OTM_K125,50,0.5162142280381972,0,0.8513658136569523,0.17094333401788195,2.5051124745144886
Exp05_diag,Exp05dg-all5_s16,ATM,50,0.4497632060460345,0,0.8126388601013421,-0.7005725425897451,3.497384083046361
Exp05_diag,Exp05dg-all5_s16,OTM_K110,50,0.7034794210612474,0,0.928876160776432,-0.6786221326380394,3.323076008780033
Exp05_diag,Exp05dg-all5_s16,OTM_K125,50,0.8038201138040106,0,0.9612610678013146,-0.6726689413242076,3.1955524733617495
Exp06,Exp06-G1,ATM,50,0.5183209950741345,0,0.8523814080902532,0.10766341481526731,2.036510603879031
Exp06,Exp06-G1,OTM_K110,50,0.6308118162238677,0,0.9020927425852494,0.122389518112795,2.0567458153510336
Exp06,Exp06-G1,OTM_K125,50,0.40272010070089326,0,0.7821471434842899,0.11615428682476411,2.135193554155728
Exp06,Exp06-G2,ATM,50,0.18881133529248334,0,0.6008954731501378,-0.39858250313751903,2.4182399337839886
Exp06,Exp06-G2,OTM_K110,50,0.18308738725685095,0,0.5938835593414875,-0.42445790085712365,2.4204869526346604
Exp06,Exp06-G2,OTM_K125,50,0.22501299093026697,0,0.6455263125196087,-0.39309521550848237,2.4699650063559604
Exp06,Exp06-G3,ATM,50,0.7810738776558955,0,0.9542851941080837,-0.1329370638402032,2.400372556524053
Exp06,Exp06-G3,OTM_K110,50,0.6274372438046905,0,0.9007412680135333,-0.1972349677618999,2.5164344231474187
Exp06,Exp06-G3,OTM_K125,50,0.7852606649485145,0,0.9556229254388076,-0.2528504936144645,2.5721873085388958
Exp06,Exp06-H1,ATM,50,0.4784280798108582,0,0.8304698075998113,0.10442410151778381,2.0591955540793347
Exp06,Exp06-H1,OTM_K110,50,0.5863752871423471,0,0.8835728873861103,0.1171311557936834,2.0769946545414943
Exp06,Exp06-H1,OTM_K125,50,0.3270193902641881,0,0.7306487364060157,0.10669283698829742,2.153993176942884
Exp06,Exp06-H2,ATM,50,0.8852754660305968,0,0.9805460713621346,0.0020125314777686403,2.1312610343267826
Exp06,Exp06-H2,OTM_K110,50,0.7994413776626892,0,0.9599736637315197,0.01753435583553033,2.1262979515446263
Exp06,Exp06-H2,OTM_K125,50,0.6811226903453209,0,0.921118297770225,0.021548596351935404,2.1582397182813353
Exp06,Exp06-H3,ATM,50,0.9660270389522719,0,0.996358557159623,-0.46090360054098073,3.7211065183642473
Exp06,Exp06-H3,OTM_K110,50,0.9593932968132366,0,0.9951245376254602,-0.35111421977311547,3.2820897740192487
Exp06,Exp06-H3,OTM_K125,50,0.6387015183778497,0,0.9052162217642323,-0.24358570197922888,2.6770129593548972
Exp06,Exp06-H4,ATM,50,0.17126853091503189,0,0.5794640572578982,-0.4430853546907725,2.533005963915509
Exp06,Exp06-H4,OTM_K110,50,0.16645625705436826,0,0.5736185309063546,-0.4705394253785214,2.5393146063599294
Exp06,Exp06-H4,OTM_K125,50,0.4511821733069162,0,0.8135359014593075,-0.43729690302627805,2.599353924491939
Exp06,Exp06-H5,ATM,50,0.6844909952765287,0,0.9223150517796445,-0.10041304237452274,2.4409172076869514
Exp06,Exp06-H5,OTM_K110,50,0.9204401128972094,0,0.9878415218183562,-0.16803784676245215,2.5725574275931358
Exp06,Exp06-H5,OTM_K125,50,0.9218639087611014,0,0.988129513219874,-0.221575588514181,2.6510867354130503
Exp09,Exp09-W1_luna,ATM,50,0.4180080434724528,0,0.7922074793467209,0.9970854644132476,5.523968730882939
Exp09,Exp09-W1_luna,OTM_K110,50,0.4736186931225032,0,0.8275222128349023,0.9837079355703391,5.471019874171983
Exp09,Exp09-W1_luna,OTM_K125,50,0.4239303225008643,0,0.7960673452574858,0.9987172085635206,5.5126732748443334
Exp09,Exp09-W2_ftx,ATM,50,0.4443265635389659,0,0.8091887738229468,-0.2555370834087708,3.0316014546190946
Exp09,Exp09-W2_ftx,OTM_K110,50,0.483081129446166,0,0.8333038647434929,-0.2820865571601096,3.0325070033636776
Exp09,Exp09-W2_ftx,OTM_K125,50,0.8169980706209546,0,0.9649771347880765,-0.2528294645194469,2.9596242426200865
Exp09,Exp09-W3_etf,ATM,50,0.22733798118871756,0,0.6484017031449965,-0.8563934967837707,4.661340754651141
Exp09,Exp09-W3_etf,OTM_K110,50,0.5067275933482184,0,0.8467580240570358,-0.8093016837977054,4.556540524086661
Exp09,Exp09-W3_etf,OTM_K125,50,0.9515112473972754,0,0.9932723306198685,-0.817941159256873,4.6066981639510916
Exp09,Exp09-W4_stab,ATM,50,0.4810178552710765,0,0.8320493478684724,-0.10158102050434091,2.421342032536614
Exp09,Exp09-W4_stab,OTM_K110,50,0.6306225088124275,0,0.9020171722615058,-0.13257991424115448,2.462053244770672
Exp09,Exp09-W4_stab,OTM_K125,50,0.5706193835409188,0,0.8766428824965032,-0.18987716431161575,2.5253772088564137
KouAB_stageA,KouA-A,ATM,6,0.6340013087545696,0,0.9295956548196499,0.1453992814162566,1.5796133656779816
KouAB_stageA,KouA-A,OTM_K110,6,0.47475336064916757,0,0.869852162315223,0.22048331577796407,1.5320246833682585
KouAB_stageA,KouA-A,OTM_K125,6,0.28022510711484416,0,0.7542562155041228,0.29641718600304,1.5574312074009495
KouAB_stageA,KouA-B,ATM,6,0.8100103989012734,0,0.9729189353088585,0.14346903711871145,1.7488620762209879
KouAB_stageA,KouA-B,OTM_K110,6,0.5490864345163827,0,0.9012444275215564,0.2187265455628787,1.696223275758158
KouAB_stageA,KouA-B,OTM_K125,6,0.36586741098244513,0,0.8085975612485421,0.29696218348632636,1.7095422790987973
KouAB_stageA,KouA-C,ATM,6,0.22228594963201087,0,0.7039295363595215,0.43759700674616425,1.6433106510467772
KouAB_stageA,KouA-C,OTM_K110,6,0.18670572903802662,0,0.6643334702253891,0.4521660615976609,1.6216262730190503
KouAB_stageA,KouA-C,OTM_K125,6,0.2842074673509422,0,0.756869937407608,0.49074455476994455,1.6534789473052245
KouAB_stageA,KouA-D,ATM,6,0.5815992570669184,0,0.9127241569116139,-0.5583522326633293,2.597228941668186
KouAB_stageA,KouA-D,OTM_K110,6,0.669630135347986,0,0.9399080569999472,-0.6549627565368236,2.7291882427871905
KouAB_stageA,KouA-D,OTM_K125,6,0.4266192979300066,0,0.8440598184503718,-0.7079615952591538,2.8238083586907248
KouAB_stageB,KouB-A,ATM,50,0.0019264040023574199,1,0.1186552291315528,-0.555650909802993,5.060229091467612
KouAB_stageB,KouB-A,OTM_K110,50,0.013881765869595079,1,0.2408732434712032,-0.5207606174146594,4.865612468598562
KouAB_stageB,KouB-A,OTM_K125,50,0.04722233818266827,1,0.3790314200370132,-0.50857527777051,4.560325558593605
KouAB_stageB,KouB-B,ATM,50,0.021298205363804387,1,0.28241312122083373,-0.5621672613749304,4.845099248710365
KouAB_stageB,KouB-B,OTM_K110,50,0.07615525313179727,0,0.4501676595242915,-0.5391007167559068,4.611030142843919
KouAB_stageB,KouB-B,OTM_K125,50,0.1902170960377367,0,0.602620063509898,-0.5276345400521267,4.27467572127242
KouAB_stageB,KouB-C,ATM,50,0.2521568683383653,0,0.677945129077997,-0.21521220133176389,3.2079612218835734
KouAB_stageB,KouB-C,OTM_K110,50,0.3475881814499033,0,0.7448756423994651,-0.24555196772277965,3.169023464884698
KouAB_stageB,KouB-C,OTM_K125,50,0.38490280330872473,0,0.7702597271663161,-0.2999233890524671,3.1049434613463376
KouAB_stageB,KouB-D,ATM,50,0.8464250698559632,0,0.9724294728763999,-0.04136668495516326,2.312195491441705
KouAB_stageB,KouB-D,OTM_K110,50,0.8991501715999677,0,0.9829948444213159,-0.056644084563743854,2.286452293102448
KouAB_stageB,KouB-D,OTM_K125,50,0.9534504119887087,0,0.9937700920677771,-0.07033171877649538,2.25774819380872
KouBTC,KouBTC-Luna_pre,ATM,50,0.9427384664896468,0,0.9918076076008868,0.06349584379755871,2.6218436740303614
KouBTC,KouBTC-Luna_pre,OTM_K110,50,0.9572217371692772,0,0.9946584852846322,0.06586048703286798,2.6361246206882503
KouBTC,KouBTC-Luna_pre,OTM_K125,50,0.9585856289730416,0,0.9949549569313823,0.06907406532583558,2.6529293166804604
KouBTC,KouBTC-Luna_post,ATM,50,0.013527750225339792,1,0.2390101345635648,-0.4142298762508031,2.690378881752651
KouBTC,KouBTC-Luna_post,OTM_K110,50,0.00920049388245893,1,0.21279577643144076,-0.4142750828766468,2.690590503426547
KouBTC,KouBTC-Luna_post,OTM_K125,50,0.004877406544837134,1,0.1714977691008408,-0.413777617626037,2.6913905748324494
KouBTC,KouBTC-FTX_pre,ATM,50,0.018735508691183626,1,0.26751349675926883,-0.5408217455888219,2.751991725983494
KouBTC,KouBTC-FTX_pre,OTM_K110,50,0.034227905910727406,1,0.3344251565982743,-0.5330446923275959,2.762958485314848
KouBTC,KouBTC-FTX_pre,OTM_K125,50,0.15065646045760622,0,0.5545472926228476,-0.52184172098946,2.7685368880695327
KouBTC,KouBTC-FTX_post,ATM,50,0.38547089791184463,0,0.7706412778200188,-0.1388137493613743,2.5864843172920433
KouBTC,KouBTC-FTX_post,OTM_K110,50,0.43660170107493224,0,0.8042515239304389,-0.13126687071756102,2.5883556936181034
KouBTC,KouBTC-FTX_post,OTM_K125,50,0.4419751480607077,0,0.8076901986145324,-0.11745924694694715,2.590751213597493
KouBTC,KouBTC-ETF_pre,ATM,50,0.3014887857261169,0,0.7128089878442072,0.34197398867478085,2.1223364581676893
KouBTC,KouBTC-ETF_pre,OTM_K110,50,0.45526562086966743,0,0.81610930490056,0.34709214293443447,2.142909623121773
KouBTC,KouBTC-ETF_pre,OTM_K125,50,0.4047755534831133,0,0.7835075439431626,0.35218535537708573,2.168361893553832
KouBTC,KouBTC-ETF_post,ATM,50,0.9298210892473928,0,0.9896492200229354,0.2955486913377592,3.0044385241542773
KouBTC,KouBTC-ETF_post,OTM_K110,50,0.851548144977646,0,0.9736097847422857,0.2554621988520365,2.9241750645058495
KouBTC,KouBTC-ETF_post,OTM_K125,50,0.7703703664664169,0,0.9507547165788165,0.20272589285388679,2.8338903046898896
