family,gamma1,gamma2,s,mu,sigma,E_true,m_folded,delta,delta_rel,ratio_true,W1,bound_ok,slack,C3,C4,E_edge,edge_valid,edge_capture,ratio_edge
Gaussian,0.0,0.0,0.0,0.0,1.0,0.7978845608028654,0.7978845608028654,0.0,0.0,1.0,0.0,True,,0.0,-0.7978845608028655,0.7978845608028654,True,,1.0
Gaussian,0.0,0.0,0.05,0.05,1.0,0.7988817087733653,0.7988817087733653,0.0,0.0,1.0,0.0,True,,-0.03984439140947664,-0.7948956086190542,0.7988817087733653,True,,1.0
Gaussian,0.0,0.0,0.1,0.1,1.0,0.8018706624094294,0.8018706624094294,0.0,0.0,1.0,0.0,True,,-0.07939050949540263,-0.7859660440044833,0.8018706624094294,True,,1.0
Gaussian,0.0,0.0,0.15,0.15,1.0,0.8068439695268507,0.8068439695268507,0.0,0.0,1.0,0.0,True,,-0.11834379927236649,-0.771207091924923,0.8068439695268507,True,,1.0
Gaussian,0.0,0.0,0.25,0.25,1.0,0.8226893964471603,0.8226893964471603,0.0,0.0,1.0,0.0,True,,-0.19333405840142454,-0.7250027190053427,0.8226893964471603,True,,1.0
Gaussian,0.0,0.0,0.4,0.4,1.0,0.860877673894906,0.860877673894906,0.0,0.0,1.0,0.0,True,,-0.2946161122426585,-0.6186938357095833,0.860877673894906,True,,1.0
Gaussian,0.0,0.0,0.6,0.6,1.0,0.9373454644835111,0.9373454644835111,0.0,0.0,1.0,0.0,True,,-0.39986952347015975,-0.42652749170150395,0.9373454644835111,True,,1.0
Gaussian,0.0,0.0,0.8,0.8,1.0,1.0404144677895306,1.0404144677895306,0.0,0.0,1.0,0.0,True,,-0.4635064844183726,-0.2085779179882679,1.0404144677895306,True,,1.0
Gaussian,0.0,0.0,1.0,1.0,1.0,1.1666309411753726,1.1666309411753726,0.0,0.0,1.0,0.0,True,,-0.48394144903828695,2.4399969891786277e-16,1.1666309411753726,True,,1.0
Gaussian,0.0,0.0,1.5,1.5,1.0,1.5586135875252092,1.5586135875252092,0.0,0.0,1.0,0.0,True,,-0.38855278699767537,0.3237939891647291,1.5586135875252092,True,,1.0
Gaussian,0.0,0.0,2.0,2.0,1.0,2.0169814052336594,2.0169814052336594,0.0,0.0,1.0,0.0,True,,-0.2159638660527523,0.3239457990791286,2.0169814052336594,True,,1.0
Gaussian,0.0,0.0,3.0,3.0,1.0,3.000764308634096,3.000764308634096,0.0,0.0,1.0,0.0,True,,-0.02659109047162794,0.07090957459100765,3.000764308634096,True,,1.0
Gaussian,0.0,0.0,5.0,5.0,1.0,5.00000010692331,5.00000010692331,0.0,0.0,1.0,0.0,True,,-1.4867195146263237e-05,7.136253670787438e-05,5.00000010692331,True,,1.0
t4.5,0.0,12.0,0.0,0.0,1.0,0.7236174480591234,0.7978845608028654,-0.07426711274374198,-0.10263311497385834,0.906919977660664,0.1178239510712086,True,0.6303227151061805,0.0,-0.7978845608028655,0.39894228040143265,True,-3.371721959597104,0.49999999999999994
t4.5,0.0,12.0,0.05,0.05,1.0,0.7248831986266643,0.7988817087733653,-0.073998510146701,-0.10208335672132521,0.9073723815002332,0.1178239510712086,True,0.6280430207435408,-0.03984439140947664,-0.7948956086190542,0.4014339044638382,True,-3.3710244101076148,0.5024947999876174
t4.5,0.0,12.0,0.1,0.1,1.0,0.7286735115367069,0.8018706624094294,-0.0731971508727225,-0.10045260286511072,0.9087170109793236,0.1178239510712086,True,0.6212416932825885,-0.07939050949540263,-0.7859660440044833,0.4088876404071877,True,-3.368829487442386,0.5099171968439128
t4.5,0.0,12.0,0.15,0.15,1.0,0.7349677252763254,0.8068439695268507,-0.0718762442505253,-0.09779510280332654,0.9109167980859113,0.1178239510712086,True,0.610030843449528,-0.11834379927236649,-0.771207091924923,0.4212404235643892,True,-3.364826028171935,0.5220841196984009
t4.5,0.0,12.0,0.25,0.25,1.0,0.7549196209801703,0.8226893964471603,-0.06776977546699003,-0.08977084921835693,0.9176241048448438,0.1178239510712086,True,0.5751782625761073,-0.19333405840142454,-0.7250027190053427,0.46018803694448895,True,-3.3490122551644292,0.5593703272849292
t4.5,0.0,12.0,0.4,0.4,1.0,0.8023935295669571,0.860877673894906,-0.058484144327948906,-0.07288710859808671,0.9320645126463246,0.1178239510712086,True,0.4963688944075825,-0.2946161122426585,-0.6186938357095833,0.5515307560401144,True,-3.2894151296825633,0.6406610053491107
t4.5,0.0,12.0,0.6,0.6,1.0,0.8950929400939096,0.9373454644835111,-0.042252524389601476,-0.047204622555919735,0.9549232102884467,0.1178239510712086,True,0.3586072611337363,-0.39986952347015975,-0.42652749170150395,0.724081718632759,True,-3.0473610495858834,0.7724811673695322
t4.5,0.0,12.0,0.8,0.8,1.0,1.015772261849333,1.0404144677895306,-0.024642205940197615,-0.024259577531024108,0.9763150103126185,0.1178239510712086,True,0.20914428446984215,-0.4635064844183726,-0.2085779179882679,0.9361255087953967,True,-2.2321275638725386,0.8997621022939957
t4.5,0.0,12.0,1.0,1.0,1.0,1.1581676626002668,1.1666309411753726,-0.00846327857510576,-0.007307472698818391,0.992745539076326,0.1178239510712086,True,0.07182986564413253,-0.48394144903828695,2.4399969891786277e-16,1.1666309411753728,True,-2.6201263381153694e-14,1.0000000000000002
t4.5,0.0,12.0,1.5,1.5,1.0,1.5753856363958691,1.5586135875252092,0.016772048870659972,0.01064631318400914,1.010760876849079,0.1178239510712086,True,0.14234838263506833,-0.38855278699767537,0.3237939891647291,1.7205105821075737,True,-7.652785764628764,1.103872438863713
t4.5,0.0,12.0,2.0,2.0,1.0,2.0386271591349647,2.0169814052336594,0.021645753901305298,0.010617809050719249,1.0107317567951488,0.1178239510712086,True,0.18371268069446572,-0.2159638660527523,0.3239457990791286,2.1789543047732236,True,-5.482894810598247,1.080304607231022
t4.5,0.0,12.0,3.0,3.0,1.0,3.0126495291216857,3.000764308634096,0.011885220487589887,0.003945105586528324,1.0039607310888738,0.1178239510712086,True,0.10087270355079912,-0.02659109047162794,0.07090957459100765,3.0362190959296,True,-0.9830988270284586,1.0118152522653945
t4.5,0.0,12.0,5.0,5.0,1.0,5.002546173715499,5.00000010692331,0.002546066792188384,0.0005089541812859201,1.0005092133475484,0.1178239510712086,True,0.021609076669391537,-1.4867195146263237e-05,7.136253670787438e-05,5.000035788191664,True,0.01401427034972369,1.0000071362535183
t5,0.0,6.0,0.0,0.0,1.0,0.7351051938957227,0.7978845608028654,-0.0627793669071427,-0.08540188183740159,0.9213177319235611,0.10203076384655857,True,0.6152984113845797,0.0,-0.7978845608028655,0.598413420602149,True,-1.1773359628770272,0.7499999999999999
t5,0.0,6.0,0.05,0.05,1.0,0.7363298590692375,0.7988817087733653,-0.06255184970412775,-0.08495085311791759,0.9217007361450642,0.10203076384655857,True,0.6130685231191434,-0.03984439140947664,-0.7948956086190542,0.6001578066186017,True,-1.1769468544053288,0.7512473999938087
t5,0.0,6.0,0.1,0.1,1.0,0.7399977490691447,0.8018706624094294,-0.06187291334028466,-0.08361229938620167,0.9228392853850378,0.10203076384655857,True,0.6064142912164584,-0.07939050949540263,-0.7859660440044833,0.6053791514083086,True,-1.1757274773933704,0.7549585984219563
t5,0.0,6.0,0.15,0.15,1.0,0.7460906685851811,0.8068439695268507,-0.06075330094166953,-0.08142884437474147,0.9247025407188747,0.10203076384655857,True,0.5954410086847419,-0.11834379927236649,-0.771207091924923,0.61404219654562,True,-1.173519298422049,0.7610420598492005
t5,0.0,6.0,0.25,0.25,1.0,0.7654207414743168,0.8226893964471603,-0.0572686549728435,-0.0748198368162004,0.9303884853504104,0.10203076384655857,True,0.5612881136415714,-0.19333405840142454,-0.7250027190053427,0.6414387166958246,True,-1.1649194456772873,0.7796851636424647
t5,0.0,6.0,0.4,0.4,1.0,0.8115106161593557,0.860877673894906,-0.04936705773555028,-0.06083353286145564,0.9426549680256002,0.10203076384655857,True,0.48384483144507395,-0.2946161122426585,-0.6186938357095833,0.7062042149675102,True,-1.133130999136133,0.8203305026745553
t5,0.0,6.0,0.6,0.6,1.0,0.9018631982887875,0.9373454644835111,-0.03548226619472361,-0.039343290935973815,0.96214600962061,0.10203076384655857,True,0.34776046808866856,-0.39986952347015975,-0.42652749170150395,0.8307135915581351,True,-1.0052159673282848,0.8862405836847661
t5,0.0,6.0,0.8,0.8,1.0,1.0200967676340704,1.0404144677895306,-0.020317700155460194,-0.019917424307287452,0.9804715324666454,0.10203076384655857,True,0.19913307898013444,-0.4635064844183726,-0.2085779179882679,0.9882699882924636,True,-0.5664558044505679,0.9498810511469977
t5,0.0,6.0,1.0,1.0,1.0,1.1603266764660214,1.1666309411753726,-0.006304264709351193,-0.005433180876744072,0.9945961790598493,0.10203076384655857,True,0.061787881141731074,-0.48394144903828695,2.4399969891786277e-16,1.1666309411753726,True,0.0,1.0
t5,0.0,6.0,1.5,1.5,1.0,1.574184312930321,1.5586135875252092,0.01557072540511184,0.00989129752927544,1.0099901127064055,0.10203076384655857,True,0.15260814305505202,-0.38855278699767537,0.3237939891647291,1.6395620848163914,True,-3.198762111918499,1.0519362194318564
t5,0.0,6.0,2.0,2.0,1.0,2.03639314598048,2.0169814052336594,0.019411740746820616,0.009532413122258018,1.0096241545392788,0.10203076384655857,True,0.1902538020396812,-0.2159638660527523,0.3239457990791286,2.0979678550034415,True,-2.172034379917555,1.0401523036155111
t5,0.0,6.0,3.0,3.0,1.0,3.0107696416066188,3.000764308634096,0.010005332972522929,0.0033231811674518693,1.003334261522551,0.10203076384655857,True,0.09806192363285343,-0.02659109047162794,0.07090957459100765,3.018491702281848,True,0.22820552834815977,1.0059076261326974
t5,0.0,6.0,5.0,5.0,1.0,5.001799080408031,5.00000010692331,0.0017989734847203565,0.0003596652835910398,1.00035979468925,0.10203076384655857,True,0.017631677122654753,-1.4867195146263237e-05,7.136253670787438e-05,5.000017947557487,True,0.00991711902850212,1.0000035681267592
t6,0.0,3.0,0.0,0.0,1.0,0.75,0.7978845608028654,-0.047884560802865406,-0.06384608107048721,0.9399856029866251,0.08043768250226532,True,0.5953001045438729,0.0,-0.7978845608028655,0.6981489907025072,True,-0.0828335569570473,0.875
t6,0.0,3.0,0.05,0.05,1.0,0.7511714479940848,0.7988817087733653,-0.04771026077928053,-0.06351447583196244,0.9402786917570853,0.08043768250226532,True,0.5931332094001701,-0.03984439140947664,-0.7948956086190542,0.6995197576959835,True,-0.08261177898512728,0.8756236999969044
t6,0.0,3.0,0.1,0.1,1.0,0.7546806794056891,0.8018706624094294,-0.04718998300374033,-0.06252973514692656,0.9411501315412317,0.08043768250226532,True,0.5866651243018015,-0.07939050949540263,-0.7859660440044833,0.7036249069088689,True,-0.0819197051368592,0.8774792992109781
t6,0.0,3.0,0.15,0.15,1.0,0.7605124423015924,0.8068439695268507,-0.04633152722525824,-0.06092145854319211,0.9425768438816888,0.08043768250226532,True,0.5759928156054649,-0.11834379927236649,-0.771207091924923,0.7104430830362353,True,-0.08067577876131815,0.8805210299246001
t6,0.0,3.0,0.25,0.25,1.0,0.7790335445545284,0.8226893964471603,-0.04365585189263188,-0.05603847510519644,0.9469351956143319,0.08043768250226532,True,0.5427288620778256,-0.19333405840142454,-0.7250027190053427,0.7320640565714924,True,-0.0759035947472464,0.8898425818212322
t6,0.0,3.0,0.4,0.4,1.0,0.8233106211666457,0.860877673894906,-0.03756705272826033,-0.045629257976809716,0.9563619154411404,0.08043768250226532,True,0.4670330069144191,-0.2946161122426585,-0.6186938357095833,0.783540944431208,True,-0.0586318022632728,0.9101652513372777
t6,0.0,3.0,0.6,0.6,1.0,0.9105500887579424,0.9373454644835111,-0.02679537572556867,-0.029427679000195963,0.9714135537634108,0.08043768250226532,True,0.33311968833530287,-0.39986952347015975,-0.42652749170150395,0.8840295280208231,True,0.010256060271890743,0.9431202918423831
t6,0.0,3.0,0.8,0.8,1.0,1.0254864968639605,1.0404144677895306,-0.014927970925570078,-0.014556964885662847,0.9856518999036162,0.08043768250226532,True,0.18558429906467866,-0.4635064844183726,-0.2085779179882679,1.014342228040997,True,0.25346392496822845,0.9749405255734989
t6,0.0,3.0,1.0,1.0,1.0,1.1627553482998907,1.1666309411753726,-0.0038755928754818925,-0.0033331112010351496,0.9966779615226241,0.08043768250226532,True,0.048181309492261244,-0.48394144903828695,2.4399969891786277e-16,1.1666309411753726,True,0.0,1.0
t6,0.0,3.0,1.5,1.5,1.0,1.5720000000000003,1.5586135875252092,0.01338641247479111,0.00851552956411648,1.0085886666085377,0.08043768250226532,True,0.16641966872198383,-0.38855278699767537,0.3237939891647291,1.5990878361708003,True,-1.0235321615713708,1.0259681097159281
t6,0.0,3.0,2.0,2.0,1.0,2.0329319959113246,2.0169814052336594,0.015950590677665133,0.007846101448422916,1.007908149592394,0.08043768250226532,True,0.19829749169135902,-0.2159638660527523,0.3239457990791286,2.0574746301185507,True,-0.5386661662374697,1.0200761518077557
t6,0.0,3.0,3.0,3.0,1.0,3.0081818333752812,3.000764308634096,0.0074175247411853995,0.002465783370835229,1.002471878487705,0.08043768250226532,True,0.09221455057430955,-0.02659109047162794,0.07090957459100765,3.0096280054579716,True,0.8050330624904307,1.0029538130663485
t6,0.0,3.0,5.0,5.0,1.0,5.000967555733707,5.00000010692331,0.0009674488103970091,0.00019345232689778403,1.0001934897579416,0.08043768250226532,True,0.012027308349786972,-1.4867195146263237e-05,7.136253670787438e-05,5.000009027240399,True,0.009220453829370978,1.0000017840633795
t8,0.0,1.5,0.0,0.0,1.0,0.7654655446197434,0.7978845608028654,-0.03241901618312204,-0.04235202539289561,0.9593687886998331,0.05647937949972395,True,0.5739973857765291,0.0,-0.7978845608028655,0.7480167757526863,True,0.46177364641493335,0.9375
t8,0.0,1.5,0.05,0.05,1.0,0.7665814998538156,0.7988817087733653,-0.032300208919549656,-0.04213538798641656,0.9595682207205061,0.05647937949972395,True,0.571893834628752,-0.03984439140947664,-0.7948956086190542,0.7492007332346744,True,0.4618992507933425,0.9378118499984521
t8,0.0,1.5,0.1,0.1,1.0,0.7699251889901243,0.8018706624094294,-0.03194547341930509,-0.04149165902885514,0.9601613141409656,0.05647937949972395,True,0.5656130379311485,-0.07939050949540263,-0.7859660440044833,0.7527477846591492,True,0.4622898804625447,0.9387396496054891
t8,0.0,1.5,0.15,0.15,1.0,0.77548413950262,0.8068439695268507,-0.031359830024230706,-0.04043903469688532,0.9611327205647695,0.05647937949972395,True,0.5552438837325396,-0.11834379927236649,-0.771207091924923,0.758643526281543,True,0.4629877391534072,0.9402605149623001
t8,0.0,1.5,0.25,0.25,1.0,0.7931575828872599,0.8226893964471603,-0.02953181355990042,-0.037233223506983854,0.9641033254014996,0.05647937949972395,True,0.5228777975516669,-0.19333405840142454,-0.7250027190053427,0.7773767265093264,True,0.46563199222680307,0.9449212909106162
t8,0.0,1.5,0.4,0.4,1.0,0.8355207817537958,0.860877673894906,-0.025356892141110143,-0.03034860735346987,0.970545301719364,0.05647937949972395,True,0.4489584050978123,-0.2946161122426585,-0.6186938357095833,0.822209309163057,True,0.47503532701637896,0.9550826256686388
t8,0.0,1.5,0.6,0.6,1.0,0.9194260075049566,0.9373454644835111,-0.01791945697855446,-0.01948983042929407,0.9808827613110302,0.05647937949972395,True,0.31727432449292475,-0.39986952347015975,-0.42652749170150395,0.910687496252167,True,0.5123450859449818,0.9715601459211916
t8,0.0,1.5,0.8,0.8,1.0,1.0307645706588575,1.0404144677895306,-0.009649897130673102,-0.009361882825003342,0.9907249491145819,0.05647937949972395,True,0.170856996237366,-0.4635064844183726,-0.2085779179882679,1.0273783479152638,True,0.649092348059312,0.9874702627867494
t8,0.0,1.5,1.0,1.0,1.0,1.1647476617223125,1.1666309411753726,-0.001883279453060105,-0.0016168991060907557,0.9983857110362916,0.05647937949972395,True,0.03334454928049112,-0.48394144903828695,2.4399969891786277e-16,1.1666309411753726,True,0.0,1.0
t8,0.0,1.5,1.5,1.5,1.0,1.5688568910718061,1.5586135875252092,0.010243303546596971,0.0065291510047159156,1.006572060983288,0.05647937949972395,True,0.1813635991990145,-0.38855278699767537,0.3237939891647291,1.5788507118480049,True,0.024355694358110802,1.0129840548579643
t8,0.0,1.5,2.0,2.0,1.0,2.028601118998015,2.0169814052336594,0.011619713764355666,0.005727944077096329,1.005760942433185,0.05647937949972395,True,0.20573373622867897,-0.2159638660527523,0.3239457990791286,2.037228017676105,True,0.25756358090735443,1.0100380759038776
t8,0.0,1.5,3.0,3.0,1.0,3.005435076656956,3.000764308634096,0.004670768022860372,0.0015541071105271787,1.0015565261188362,0.05647937949972395,True,0.08269864265918858,-0.02659109047162794,0.07090957459100765,3.0051961570460337,True,0.9488478961590199,1.0014769065331743
t8,0.0,1.5,5.0,5.0,1.0,5.000353647998296,5.00000010692331,0.0003535410749861967,7.070321418720525e-05,1.0000707082134852,0.05647937949972395,True,0.006259648709276713,-1.4867195146263237e-05,7.136253670787438e-05,5.000004567081854,True,0.012615672857822169,1.0000008920316896
t12,0.0,0.75,0.0,0.0,1.0,0.7782167679320615,0.7978845608028654,-0.01966779287080389,-0.025272897836764285,0.9753500771452285,0.03536542380057767,True,0.5561305579627362,0.0,-0.7978845608028655,0.7729506682777758,True,0.7322475537098505,0.9687499999999999
t12,0.0,0.75,0.05,0.05,1.0,0.779286526291922,0.7988817087733653,-0.01959518248144332,-0.02514502922908606,0.9754717347183596,0.03536542380057767,True,0.5540774116532218,-0.03984439140947664,-0.7948956086190542,0.7740412210040198,True,0.7323165888927321,0.9689059249992261
t12,0.0,0.75,0.1,0.1,1.0,0.7824923302255499,0.8018706624094294,-0.01937833218387952,-0.024764884504738603,0.9758335937548179,0.03536542380057767,True,0.547945708021262,-0.07939050949540263,-0.7859660440044833,0.7773092235342893,True,0.732530816270542,0.9693698248027446
t12,0.0,0.75,0.15,0.15,1.0,0.7878238052116774,0.8068439695268507,-0.019020164315173282,-0.0241426625970801,0.9764264652974638,0.03536542380057767,True,0.5378180796708734,-0.11834379927236649,-0.771207091924923,0.7827437479041969,True,0.7329120178300504,0.9701302574811501
t12,0.0,0.75,0.25,0.25,1.0,0.8047885235164041,0.8226893964471603,-0.017900872930756262,-0.022242952536824276,0.9782410311740222,0.03536542380057767,True,0.5061687661852328,-0.19333405840142454,-0.7250027190053427,0.8000330614782434,True,0.7343446849460553,0.9724606454553081
t12,0.0,0.75,0.4,0.4,1.0,0.8455406166104911,0.860877673894906,-0.015337057284414923,-0.018138758781211965,0.9821843941950257,0.03536542380057767,True,0.4336737874512451,-0.2946161122426585,-0.6186938357095833,0.8415434915289816,True,0.7393812250038816,0.9775413128343194
t12,0.0,0.75,0.6,0.6,1.0,0.9266019701988635,0.9373454644835111,-0.010743494284647603,-0.011594508354371272,0.988538383454421,0.03536542380057767,True,0.3037852549209976,-0.39986952347015975,-0.42652749170150395,0.9240164803678391,True,0.7593436769711873,0.9857800729605958
t12,0.0,0.75,0.8,0.8,1.0,1.0348179463025757,1.0404144677895306,-0.005596521486954886,-0.0054082184281316,0.994620873065284,0.03536542380057767,True,0.15824839307774594,-0.4635064844183726,-0.2085779179882679,1.0338964078523973,True,0.8353372800718378,0.9937351313933748
t12,0.0,0.75,1.0,1.0,1.0,1.1659032440020443,1.1666309411753726,-0.0007276971733283233,-0.0006241488537508927,0.9993762404650479,0.03536542380057767,True,0.02057651500040661,-0.48394144903828695,2.4399969891786277e-16,1.1666309411753726,True,0.0,1.0
t12,0.0,0.75,1.5,1.5,1.0,1.5654787563352133,1.5586135875252092,0.006865168810004096,0.0043853477935883725,1.0044046637761606,0.03536542380057767,True,0.1941209258148904,-0.38855278699767537,0.3237939891647291,1.568732149686607,True,0.5261014781380607,1.006492027428982
t12,0.0,0.75,2.0,2.0,1.0,2.0244320761579284,2.0169814052336594,0.007450670924268987,0.0036803758505986797,1.0036939710524528,0.03536542380057767,True,0.2106767040678666,-0.2159638660527523,0.3239457990791286,2.027104711454882,True,0.6412893115104341,1.0050190379519388
t12,0.0,0.75,3.0,3.0,1.0,3.0032911228975503,3.000764308634096,0.002526814263454469,0.0008413484274600124,1.0008420568907008,0.03536542380057767,True,0.07144872001825679,-0.02659109047162794,0.07090957459100765,3.002980232840065,True,0.8769636288738227,1.0007384532665873
t12,0.0,0.75,5.0,5.0,1.0,5.00008533938146,5.00000010692331,8.523245814995306e-05,1.7046200687546028e-05,1.0000170464912654,0.03536542380057767,True,0.002410050523657541,-1.4867195146263237e-05,7.136253670787438e-05,5.000002337002583,True,0.026164671543732032,1.000000446015845
t20,0.0,0.375,0.0,0.0,1.0,0.7868850334462727,0.7978845608028654,-0.010999527356592709,-0.013978569789818908,0.9862141368601938,0.020223338167207505,True,0.5439026567052433,0.0,-0.7978845608028655,0.7854176145403207,True,0.8665925490814369,0.984375
t20,0.0,0.375,0.05,0.05,1.0,0.787923032259963,0.7988817087733653,-0.010958676513402321,-0.013908308381302244,0.9862824791291959,0.020223338167207505,True,0.5418826715350092,-0.03984439140947664,-0.7948956086190542,0.7864614648886925,True,0.8666292075066749,0.984452962499613
t20,0.0,0.375,0.1,0.1,1.0,0.7910340052991702,0.8018706624094294,-0.010836657110259162,-0.013699356838851349,0.9864857792930126,0.020223338167207505,True,0.5358490779643388,-0.07939050949540263,-0.7859660440044833,0.7895899429718594,True,0.8667428236754153,0.9846849124013723
t20,0.0,0.375,0.15,0.15,1.0,0.7962089112532891,0.8068439695268507,-0.010635058273561593,-0.013357120377893359,0.9868189406189672,0.020223338167207505,True,0.5258804548304753,-0.11834379927236649,-0.771207091924923,0.7947938587155238,True,0.866944543098266,0.9850651287405751
t20,0.0,0.375,0.25,0.25,1.0,0.8126848400384553,0.8226893964471603,-0.010004556408705012,-0.01231049961290235,0.9878392058389104,0.020223338167207505,True,0.4947035116550429,-0.19333405840142454,-0.7250027190053427,0.8113612289627018,True,0.8676991740881348,0.986230322727654
t20,0.0,0.375,0.4,0.4,1.0,0.8523201868307337,0.860877673894906,-0.008557487064172253,-0.01004022572314332,0.9900595783539661,0.020223338167207505,True,0.4231490861409007,-0.2946161122426585,-0.6186938357095833,0.8512105827119437,True,0.8703352852923828,0.9887706564171597
t20,0.0,0.375,0.6,0.6,1.0,0.9313908006871184,0.9373454644835111,-0.005954663796392645,-0.0063933032106390664,0.9936473114534419,0.020223338167207505,True,0.294445147836584,-0.39986952347015975,-0.42652749170150395,0.930680972425675,True,0.8807945694812516,0.9928900364802978
t20,0.0,0.375,0.8,0.8,1.0,1.0373917299484179,1.0404144677895306,-0.0030227378411127326,-0.002913786329550778,0.9970946791546115,0.020223338167207505,True,0.1494677988431284,-0.4635064844183726,-0.2085779179882679,1.037155437820964,True,0.9218284416729559,0.9968675656966874
t20,0.0,0.375,1.0,1.0,1.0,1.1663956824497312,1.1666309411753726,-0.00023525872564134076,-0.0002016971849100443,0.9997983434886406,0.020223338167207505,True,0.011633031287723649,-0.48394144903828695,2.4399969891786277e-16,1.1666309411753726,True,0.0,1.0
t20,0.0,0.375,1.5,1.5,1.0,1.5627187608552116,1.5586135875252092,0.004105173330002376,0.002626943140911538,1.0026338621470128,0.020223338167207505,True,0.20299187483592526,-0.38855278699767537,0.3237939891647291,1.563672868605908,True,0.7675840521218785,1.003246013714491
t20,0.0,0.375,2.0,2.0,1.0,2.0212908198186517,2.0169814052336594,0.004309414584992233,0.002132011159769117,1.0021365663430561,0.020223338167207505,True,0.21309115979576623,-0.2159638660527523,0.3239457990791286,2.022043058344271,True,0.8254429898114628,1.0025095189759694
t20,0.0,0.375,3.0,3.0,1.0,3.002012681195941,3.000764308634096,0.00124837256184529,0.0004158451993440493,1.0004160181985147,0.020223338167207505,True,0.06172930262668247,-0.02659109047162794,0.07090957459100765,3.0018722707370804,True,0.8875251962818229,1.0003692266332935
t20,0.0,0.375,5.0,5.0,1.0,5.0000157978111295,5.00000010692331,1.569088781927519e-05,3.1381676486190767e-06,1.0000031381774968,0.020223338167207505,True,0.0007758802077847978,-1.4867195146263237e-05,7.136253670787438e-05,5.000001221962946,True,0.07106287729400274,1.0000002230079224
t50,0.0,0.13043478260869565,0.0,0.0,1.0,0.7937400141809449,0.7978845608028654,-0.004144546621920542,-0.005221541749028833,0.9948055811259838,0.007757985971062153,True,0.5342297134049997,0.0,-0.7978845608028655,0.7935482316680672,True,0.9537265398672754,0.9945652173913043
t50,0.0,0.13043478260869565,0.05,0.05,1.0,0.7947526353758783,0.7988817087733653,-0.004129073397487026,-0.005195419572952006,0.9948314332996471,0.007757985971062153,True,0.5322352235346607,-0.03984439140947664,-0.7948956086190542,0.7945616239439139,True,0.9537398797317174,0.9945923347824741
t50,0.0,0.13043478260869565,0.1,0.1,1.0,0.7977878122995556,0.8018706624094294,-0.004082850109873748,-0.005117714318178513,0.9949083433260848,0.007757985971062153,True,0.5262770679275618,-0.07939050949540263,-0.7859660440044833,0.7975991078224485,True,0.9537811891132574,0.9946730130091729
t50,0.0,0.13043478260869565,0.15,0.15,1.0,0.8028375071686538,0.8068439695268507,-0.004006462358196905,-0.004990377657275121,0.9950344025492979,0.007757985971062153,True,0.5164307299782829,-0.11834379927236649,-0.771207091924923,0.8026526266359544,True,0.9538544191433292,0.9948052621706348
t50,0.0,0.13043478260869565,0.25,0.25,1.0,0.8189219848372054,0.8226893964471603,-0.0037674116099549737,-0.004600452399264751,0.9954206148441626,0.007757985971062153,True,0.4856172238526456,-0.19333405840142454,-0.7250027190053427,0.8187491642786531,True,0.9541275081024811,0.9952105470357058
t50,0.0,0.13043478260869565,0.4,0.4,1.0,0.8576597640794442,0.860877673894906,-0.0032179098154617725,-0.0037519654649016514,0.9962620591600397,0.007757985971062153,True,0.41478675360651696,-0.2946161122426585,-0.6186938357095833,0.8575152073964843,True,0.9550774598264715,0.9960941413624903
t50,0.0,0.13043478260869565,0.6,0.6,1.0,0.9351189914327896,0.9373454644835111,-0.0022264730507214336,-0.002380951591315701,0.9976247038737759,0.007757985971062153,True,0.2869911158677444,-0.39986952347015975,-0.42652749170150395,0.9350273802894812,True,0.9588536931633719,0.9975269692105384
t50,0.0,0.13043478260869565,0.8,0.8,1.0,1.0393095441242242,1.0404144677895306,-0.0011049236653064565,-0.0010631324147393664,0.998937996635462,0.007757985971062153,True,0.14242403497865316,-0.4635064844183726,-0.2085779179882679,1.0392808921482901,True,0.9740688186580747,0.9989104576336305
t50,0.0,0.13043478260869565,1.0,1.0,1.0,1.1665966605951643,1.1666309411753726,-3.428058020826796e-05,-2.9385117724217545e-05,0.9999706157457355,0.007757985971062153,True,0.004418747383165811,-0.48394144903828695,2.4399969891786277e-16,1.1666309411753726,True,0.0,1.0
t50,0.0,0.13043478260869565,1.5,1.5,1.0,1.5602435486297965,1.5586135875252092,0.0016299611045873519,0.001044683764928098,1.0010457762704195,0.007757985971062153,True,0.21010106368678988,-0.38855278699767537,0.3237939891647291,1.5603733374663218,True,0.9203730468414365,1.0011290482485187
t50,0.0,0.13043478260869565,2.0,2.0,1.0,2.0186435094386876,2.0169814052336594,0.0016621042050282142,0.0008233767860727355,1.0008240552940724,0.007757985971062153,True,0.2142442911379297,-0.2159638660527523,0.3239457990791286,2.0187419802286546,True,0.9407553451407875,1.0008728761655545
t50,0.0,0.13043478260869565,3.0,3.0,1.0,3.001174063981818,3.000764308634096,0.0004097553477220295,0.00013653168359664724,1.0001365503270427,0.007757985971062153,True,0.05281723236551941,-0.02659109047162794,0.07090957459100765,3.001149686756873,True,0.940507854063695,1.0001284266550585
t50,0.0,0.13043478260869565,5.0,5.0,1.0,5.000001451640434,5.00000010692331,1.3447171234304278e-06,2.689433466042783e-07,1.0000002689434189,0.007757985971062153,True,0.00017333327598764934,-1.4867195146263237e-05,7.136253670787438e-05,5.000000494763183,True,0.28841744211354514,1.000000077567973
Laplace,0.0,3.0,0.0,0.0,1.0,0.7071067811865474,0.7978845608028654,-0.09077777961631806,-0.12837916709551292,0.8862269254527577,0.1454120981667768,True,0.6242794152671034,0.0,-0.7978845608028655,0.6981489907025072,True,0.9013217714522083,0.875
Laplace,0.0,3.0,0.05,0.05,1.0,0.7088336077469879,0.7988817087733653,-0.09004810102637739,-0.12703700846323202,0.8872823097118585,0.1454120981667768,True,0.6192614105815251,-0.03984439140947664,-0.7948956086190542,0.6995197576959835,True,0.8965680570179252,0.8756236999969044
Laplace,0.0,3.0,0.1,0.1,1.0,0.7138559751450712,0.8018706624094294,-0.08801468726435824,-0.12329474057630704,0.8902382997778031,0.1454120981667768,True,0.6052776101436345,-0.07939050949540263,-0.7859660440044833,0.7036249069088689,True,0.8837572619502412,0.8774792992109781
Laplace,0.0,3.0,0.15,0.15,1.0,0.7219489014991671,0.8068439695268507,-0.08489506802768354,-0.11759151908312929,0.8947813068771305,0.1454120981667768,True,0.5838239671799196,-0.11834379927236649,-0.771207091924923,0.7104430830362353,True,0.8644701190512043,0.8805210299246001
Laplace,0.0,3.0,0.25,0.25,1.0,0.7465222509592317,0.8226893964471603,-0.07616714548792858,-0.10202930373483018,0.9074168868386276,0.1454120981667768,True,0.5238019837975968,-0.19333405840142454,-0.7250027190053427,0.7320640565714924,True,0.8101780722499212,0.8898425818212322
Laplace,0.0,3.0,0.4,0.4,1.0,0.8016159419792283,0.860877673894906,-0.05926173191567774,-0.07392783602750923,0.9311612628452108,0.1454120981667768,True,0.40754333829712686,-0.2946161122426585,-0.6186938357095833,0.783540944431208,True,0.6949971429498761,0.9101652513372777
Laplace,0.0,3.0,0.6,0.6,1.0,0.9026731623701604,0.9373454644835111,-0.034672302113350706,-0.03841069343671546,0.9630101137445034,0.1454120981667768,True,0.23844166029145777,-0.39986952347015975,-0.42652749170150395,0.8840295280208231,True,0.4622902659192497,0.9431202918423831
Laplace,0.0,3.0,0.8,0.8,1.0,1.0281060925214769,1.0404144677895306,-0.012308375268053728,-0.01197189215936546,0.9881697384560557,0.1454120981667768,True,0.08464478143996618,-0.4635064844183726,-0.2085779179882679,1.014342228040997,True,-0.11825193664705824,0.9749405255734989
Laplace,0.0,3.0,1.0,1.0,1.0,1.1719094915383619,1.1666309411753726,0.005278550362989298,0.004504230404397665,1.0045246102916414,0.1454120981667768,True,0.036300627179832005,-0.48394144903828695,2.4399969891786277e-16,1.1666309411753726,True,0.0,1.0
Laplace,0.0,3.0,1.5,1.5,1.0,1.5847631880312407,1.5586135875252092,0.026149600506031545,0.016500635996295022,1.0167774750042775,0.1454120981667768,True,0.17983098267408196,-0.38855278699767537,0.3237939891647291,1.5990878361708003,True,0.4522039395494579,1.0259681097159281
Laplace,0.0,3.0,2.0,2.0,1.0,2.0417940742010536,2.0169814052336594,0.024812668967394202,0.012152385630320388,1.0123018828547503,0.1454120981667768,True,0.17063689528044582,-0.2159638660527523,0.3239457990791286,2.0574746301185507,True,0.3680423521507281,1.0200761518077557
Laplace,0.0,3.0,3.0,3.0,1.0,3.010160838838461,3.000764308634096,0.009396530204365039,0.0031216040296341454,1.0031313789547978,0.1454120981667768,True,0.06462000289403652,-0.02659109047162794,0.07090957459100765,3.0096280054579716,True,0.9432946663395239,1.0029538130663485
Laplace,0.0,3.0,5.0,5.0,1.0,5.00060056396524,5.00000010692331,0.0006004570419300137,0.00012007698560388107,1.000120091405818,0.1454120981667768,True,0.004129347210445546,-1.4867195146263237e-05,7.136253670787438e-05,5.000009027240399,True,0.014855878881648854,1.0000017840633795
ZI0.5,0.0,3.0,0.0,0.0,1.0,0.5641895835477563,0.7978845608028654,-0.23369497725510913,-0.41421356237309515,0.7071067811865475,0.3272202945918067,True,0.7141824059129145,0.0,-0.7978845608028655,0.6981489907025072,True,0.42677669529663675,0.875
ZI0.5,0.0,3.0,0.05,0.05,1.0,0.5895421653109719,0.7988817087733653,-0.20933954346239336,-0.35508833087786157,0.7379592733649871,0.3272202945918067,True,0.6397511001679632,-0.03984439140947664,-0.7948956086190542,0.6995197576959835,True,0.4746449210405944,0.8756236999969044
ZI0.5,0.0,3.0,0.1,0.1,1.0,0.6155994701028604,0.8018706624094294,-0.18627119230656897,-0.30258504328381725,0.7677041934083626,0.3272202945918067,True,0.5692531770956759,-0.07939050949540263,-0.7859660440044833,0.7036249069088689,True,0.5274339756137147,0.8774792992109781
ZI0.5,0.0,3.0,0.15,0.15,1.0,0.6423601780804671,0.8068439695268507,-0.1644837914463836,-0.25606162564108864,0.796139281374514,0.3272202945918067,True,0.5026698959842025,-0.11834379927236649,-0.771207091924923,0.7104430830362353,True,0.5860813739938563,0.8805210299246001
ZI0.5,0.0,3.0,0.25,0.25,1.0,0.6979821603984979,0.8226893964471603,-0.1247072360486624,-0.1786682283934929,0.8484151654473499,0.3272202945918067,True,0.3811109460806193,-0.19333405840142454,-0.7250027190053427,0.7320640565714924,True,0.7267047426205862,0.8898425818212322
ZI0.5,0.0,3.0,0.4,0.4,1.0,0.7866079113945272,0.860877673894906,-0.07426976250037876,-0.09441776700250905,0.9137278561722284,0.3272202945918067,True,0.22697174878174078,-0.2946161122426585,-0.6186938357095833,0.783540944431208,True,0.9587050387658966,0.9101652513372777
ZI0.5,0.0,3.0,0.6,0.6,1.0,0.9142184826472197,0.9373454644835111,-0.02312698183629136,-0.025296996588085433,0.9753271523546181,0.3272202945918067,True,0.07067710107999653,-0.39986952347015975,-0.42652749170150395,0.8840295280208231,True,-0.3053564377788125,0.9431202918423831
ZI0.5,0.0,3.0,0.8,0.8,1.0,1.0521275914383212,1.0404144677895306,0.011713123648790624,0.011132797717792084,1.0112581322265504,0.3272202945918067,True,0.03579583492338776,-0.4635064844183726,-0.2085779179882679,1.014342228040997,True,-2.22589981377218,0.9749405255734989
ZI0.5,0.0,3.0,1.0,1.0,1.0,1.1996412283742457,1.1666309411753726,0.03301028719887311,0.02751679953814914,1.028295398342183,0.3272202945918067,True,0.10088092867238578,-0.48394144903828695,2.4399969891786277e-16,1.1666309411753726,True,0.0,1.0
ZI0.5,0.0,3.0,1.5,1.5,1.0,1.6048322598377398,1.5586135875252092,0.04621867231253063,0.02879969045313413,1.0296537080662291,0.3272202945918067,True,0.14124635016965084,-0.38855278699767537,0.3237939891647291,1.5990878361708003,True,0.8757120579298403,1.0259681097159281
ZI0.5,0.0,3.0,2.0,2.0,1.0,2.050254541660012,2.0169814052336594,0.03327313642635277,0.016228783182898252,1.0164965013261975,0.3272202945918067,True,0.10168420778380993,-0.2159638660527523,0.3239457990791286,2.0574746301185507,True,0.7830054742654169,1.0200761518077557
ZI0.5,0.0,3.0,3.0,3.0,1.0,3.0086228643247805,3.000764308634096,0.007858555690684721,0.002612010891716866,1.002618851359993,0.3272202945918067,True,0.02401610114216153,-0.02659109047162794,0.07090957459100765,3.0096280054579716,True,0.8720959457750591,1.0029538130663485
ZI0.5,0.0,3.0,5.0,5.0,1.0,5.000071762071563,5.00000010692331,7.165514825313579e-05,1.4330823968704117e-05,1.0000143310293441,0.3272202945918067,True,0.00021898136954653905,-1.4867195146263237e-05,7.136253670787438e-05,5.000009027240399,True,0.1244895489858272,1.0000017840633795
ZI0.2,0.0,12.0,0.0,0.0,1.0,0.35682482323055426,0.7978845608028654,-0.44105973757231115,-1.2360679774997896,0.4472135954999579,0.598415305689188,True,0.737046217533403,0.0,-0.7978845608028655,0.39894228040143265,True,0.9045084971874738,0.49999999999999994
ZI0.2,0.0,12.0,0.05,0.05,1.0,0.39691402571962253,0.7988817087733653,-0.40196768305374275,-1.0127323727725612,0.49683704278204105,0.598415305689188,True,0.6717202572063247,-0.03984439140947664,-0.7948956086190542,0.4014339044638382,True,0.9887556165961447,0.5024947999876174
ZI0.2,0.0,12.0,0.1,0.1,1.0,0.43718158859487305,0.8018706624094294,-0.36468907381455634,-0.8341821415368569,0.5452021243441517,0.598415305689188,True,0.609424709474214,-0.07939050949540263,-0.7859660440044833,0.4088876404071877,True,0.922416243810823,0.5099171968439128
ZI0.2,0.0,12.0,0.15,0.15,1.0,0.47762737814730594,0.8068439695268507,-0.32921659137954473,-0.6892749587692405,0.5919699423760906,0.598415305689188,True,0.5501473445776756,-0.11834379927236649,-0.771207091924923,0.4212404235643892,True,0.8287238369529506,0.5220841196984009
ZI0.2,0.0,12.0,0.25,0.25,1.0,0.559052658198079,0.8226893964471603,-0.2636367382490813,-0.47157764905157046,0.6795428026815292,0.598415305689188,True,0.44055814706385876,-0.19333405840142454,-0.7250027190053427,0.46018803694448895,True,0.6249967970693682,0.5593703272849292
ZI0.2,0.0,12.0,0.4,0.4,1.0,0.6825188444560846,0.860877673894906,-0.17835882943882142,-0.2613244028169798,0.7928174526447354,0.598415305689188,True,0.29805191769519934,-0.2946161122426585,-0.6186938357095833,0.5515307560401144,True,0.26559235206855725,0.6406610053491107
ZI0.2,0.0,12.0,0.6,0.6,1.0,0.8495939940914489,0.9373454644835111,-0.08775147039206221,-0.10328635913428644,0.9063829999535824,0.598415305689188,True,0.1466397492808107,-0.39986952347015975,-0.42652749170150395,0.724081718632759,True,-0.43031535423756684,0.7724811673695322
ZI0.2,0.0,12.0,0.8,0.8,1.0,1.019421102205128,1.0404144677895306,-0.020993365584402568,-0.020593418695170663,0.9798221129806036,0.598415305689188,True,0.03508159865701421,-0.4635064844183726,-0.2085779179882679,0.9361255087953967,True,-2.9677103261431057,0.8997621022939957
ZI0.2,0.0,12.0,1.0,1.0,1.0,1.191924282539357,1.1666309411753726,0.025293341363984423,0.02122059407171214,1.021680670785657,0.598415305689188,True,0.04226720326756077,-0.48394144903828695,2.4399969891786277e-16,1.1666309411753728,True,8.770761894538737e-15,1.0000000000000002
ZI0.2,0.0,12.0,1.5,1.5,1.0,1.6342299222973948,1.5586135875252092,0.07561633477218566,0.04627031590872138,1.0485151261206767,0.598415305689188,True,0.1263609637876812,-0.38855278699767537,0.3237939891647291,1.7205105821075737,True,-0.1410320279357935,1.103872438863713
ZI0.2,0.0,12.0,2.0,2.0,1.0,2.0907494841254852,2.0169814052336594,0.0737680788918258,0.03528307884417887,1.0365735046939017,0.598415305689188,True,0.12327237988484929,-0.2159638660527523,0.3239457990791286,2.1789543047732236,True,-0.1957044560843555,1.080304607231022
ZI0.2,0.0,12.0,3.0,3.0,1.0,3.037246650040446,3.000764308634096,0.036482341406350205,0.012011649236937797,1.0121576830614052,0.598415305689188,True,0.06096492028113137,-0.02659109047162794,0.07090957459100765,3.0362190959296,True,0.97183420605051,1.0118152522653945
ZI0.2,0.0,12.0,5.0,5.0,1.0,5.003942646446385,5.00000010692331,0.003942539523074551,0.0007878866329282165,1.000788507887753,0.598415305689188,True,0.006588299940847892,-1.4867195146263237e-05,7.136253670787438e-05,5.000035788191664,True,0.00905032610208456,1.0000071362535183
ZI0.1,0.0,27.0,0.0,0.0,1.0,0.252313252202016,0.7978845608028654,-0.5455713086008493,-2.1622776601683795,0.3162277660168379,0.7144854946406489,True,0.7635862626927715,0.0,-0.7978845608028655,-0.09973557010035827,False,0.3547152924789524,-0.1250000000000001
ZI0.1,0.0,27.0,0.05,0.05,1.0,0.2973447907014919,0.7988817087733653,-0.5015369180718734,-1.6867183611613108,0.37220127515254653,0.7144854946406489,True,0.7019553536550407,-0.03984439140947664,-0.7948956086190542,-0.09537585092307066,False,0.21696563608048647,-0.11938670002786086
ZI0.1,0.0,27.0,0.1,0.1,1.0,0.3424393983161161,0.8018706624094294,-0.4594312640933133,-1.3416425398259768,0.427050663366543,0.7144854946406489,True,0.6430239207646681,-0.07939050949540263,-0.7859660440044833,-0.08234113709561441,False,0.07542092014561952,-0.10268630710119636
ZI0.1,0.0,27.0,0.15,0.15,1.0,0.38759705140038925,0.8068439695268507,-0.4192469181264614,-1.0816566240938137,0.4803866249724638,0.7144854946406489,True,0.5867815669754387,-0.11834379927236649,-0.771207091924923,-0.060764008888687715,False,-0.06944390263551936,-0.07531073067859817
ZI0.1,0.0,27.0,0.25,0.25,1.0,0.4781013207055699,0.8226893964471603,-0.34458807574159045,-0.7207427815364661,0.5811443817925486,0.7144854946406489,True,0.4822884135876003,-0.19333405840142454,-0.7250027190053427,0.007061337566149795,True,-0.36696541842224684,0.008583236391090801
ZI0.1,0.0,27.0,0.4,0.4,1.0,0.6143290711782776,0.860877673894906,-0.24654860271662837,-0.40132986421064265,0.7136078560370164,0.7144854946406489,True,0.345071529885474,-0.2946161122426585,-0.6186938357095833,0.16484710872162478,True,-0.8230967748507856,0.19148726203549907
ZI0.1,0.0,27.0,0.6,0.6,1.0,0.7968413147185103,0.9373454644835111,-0.1405041497650008,-0.17632638665909897,0.8501041984105397,0.7144854946406489,True,0.19665080791551617,-0.39986952347015975,-0.42652749170150395,0.4575020363193191,True,-1.4151548475027291,0.48808262658144763
ZI0.1,0.0,27.0,0.8,0.8,1.0,0.9803444888371122,1.0404144677895306,-0.06006997895241839,-0.06127435777567699,0.9422634144255574,0.7144854946406489,True,0.08407445553898983,-0.4635064844183726,-0.2085779179882679,0.8057643100527292,True,-1.906280005902258,0.7744647301614901
ZI0.1,0.0,27.0,1.0,1.0,1.0,1.1648248262814422,1.1666309411753726,-0.001806114893930344,-0.0015505463595724862,0.9984518541123977,0.7144854946406489,True,0.002527853829753018,-0.48394144903828695,2.4399969891786277e-16,1.1666309411753728,True,-1.2301271112846734e-13,1.0000000000000002
ZI0.1,0.0,27.0,1.5,1.5,1.0,1.6301780084084563,1.5586135875252092,0.0715644208832471,0.043899758501291214,1.0459154350096986,0.7144854946406489,True,0.1001621746278285,-0.38855278699767537,0.3237939891647291,1.9228818253355295,True,-3.090074555407935,1.2337129874433541
ZI0.1,0.0,27.0,2.0,2.0,1.0,2.1011587676138035,2.0169814052336594,0.08417736238014406,0.04006235210666194,1.0417343274269761,0.7144854946406489,True,0.11781535526131448,-0.2159638660527523,0.3239457990791286,2.381420429197679,True,-2.329418428653263,1.1806853662698
ZI0.1,0.0,27.0,3.0,3.0,1.0,3.058047519286877,3.000764308634096,0.05728321065278097,0.01873195569771236,1.0190895401174827,0.7144854946406489,True,0.0801740708278362,-0.02659109047162794,0.07090957459100765,3.0805375800489796,True,0.607388264278253,1.0265843175971376
ZI0.1,0.0,27.0,5.0,5.0,1.0,5.015365808063944,5.00000010692331,0.015365701140633625,0.003063724906352378,1.0030731401624087,0.7144854946406489,True,0.02150596653940724,-1.4867195146263237e-05,7.136253670787438e-05,5.000080389777106,True,0.005224809012048137,1.000016056570416
ZI0.05,0.0,57.0,0.0,0.0,1.0,0.17841241161527713,0.7978845608028654,-0.6194721491875883,-3.4721359549995796,0.22360679774997896,0.7792435742087149,True,0.7949660025321775,0.0,-0.7978845608028655,-1.09709127110394,False,-1.0590169943749475,-1.375
ZI0.05,0.0,57.0,0.05,0.05,1.0,0.2259235622748506,0.7988817087733653,-0.5729581464985147,-2.5360707875235877,0.2827997684685291,0.7792435742087149,True,0.7352747785958026,-0.03984439140947664,-0.7948956086190542,-1.0889953616968884,False,-1.2949650546161622,-1.3631497000588173
ZI0.05,0.0,57.0,0.1,0.1,1.0,0.2734570128598113,0.8018706624094294,-0.5284136495496181,-1.9323463092918054,0.34102384047589224,0.7792435742087149,True,0.6781110130888115,-0.07939050949540263,-0.7859660440044833,-1.0647986921012185,False,-1.532591098094576,-1.3278933149914143
ZI0.05,0.0,57.0,0.15,0.15,1.0,0.32101275918940203,0.8068439695268507,-0.48583121033744864,-1.5134327107876775,0.39786225257115115,0.7792435742087149,True,0.6234651480197155,-0.11834379927236649,-0.771207091924923,-1.0247728737948414,False,-1.7700682960435739,-1.270100431432596
ZI0.05,0.0,57.0,0.25,0.25,1.0,0.41619110843490986,0.8226893964471603,-0.40649828801225046,-0.9767106499244799,0.5058909355490168,0.7792435742087149,True,0.5216575426047373,-0.19333405840142454,-0.7250027190053427,-0.8991920611905287,False,-2.2358885840763922,-1.0929909453965863
ZI0.05,0.0,57.0,0.4,0.4,1.0,0.5591255858756488,0.860877673894906,-0.30175208801925724,-0.5396857086171117,0.6494831993330397,0.7792435742087149,True,0.3872371848887843,-0.2946161122426585,-0.6186938357095833,-0.6085201859153542,False,-2.8695532463605886,-0.706860224591724
ZI0.05,0.0,57.0,0.6,0.6,1.0,0.7500157190807215,0.9373454644835111,-0.18732974540278957,-0.24976775904429804,0.800148661831942,0.7792435742087149,True,0.24039947405792095,-0.39986952347015975,-0.42652749170150395,-0.07565732830756078,False,-3.4075917874812154,-0.08071445499472162
ZI0.05,0.0,57.0,0.8,0.8,1.0,0.9412594222280423,1.0404144677895306,-0.09915504556148835,-0.10534295139036144,0.9046965909920941,0.7792435742087149,True,0.12724525275960807,-0.4635064844183726,-0.2085779179882679,0.5450419125673943,True,-2.9959389602109985,0.5238699858964792
ZI0.05,0.0,57.0,1.0,1.0,1.0,1.1328542297893525,1.1666309411753726,-0.03377671138602012,-0.029815584827979764,0.971047646523081,0.7792435742087149,True,0.0433455116011945,-0.48394144903828695,2.4399969891786277e-16,1.1666309411753732,True,-1.9761969838327786e-14,1.0000000000000007
ZI0.05,0.0,57.0,1.5,1.5,1.0,1.6133550730115298,1.5586135875252092,0.05474148548632063,0.033930215612201706,1.0351219095768567,0.7792435742087149,True,0.07024951799173708,-0.38855278699767537,0.3237939891647291,2.327624311791441,True,-12.048042676123577,1.4933940846026363
ZI0.05,0.0,57.0,2.0,2.0,1.0,2.0959621412696783,2.0169814052336594,0.07898073603601885,0.03768232950437474,1.0391578900187577,0.7792435742087149,True,0.10135564623195008,-0.2159638660527523,0.3239457990791286,2.78635267804659,True,-7.741252252474094,1.3814468843473555
ZI0.05,0.0,57.0,3.0,3.0,1.0,3.0671149611486968,3.000764308634096,0.06635065251460093,0.02163291997693861,1.0221112508982095,0.7792435742087149,True,0.08514751319185003,-0.02659109047162794,0.07090957459100765,3.169174548287739,True,-0.5381851311346706,1.0561224482606237
ZI0.05,0.0,57.0,5.0,5.0,1.0,5.0296091629859685,5.00000010692331,0.02960905606265829,0.005886949682006711,1.0059218110858956,0.7792435742087149,True,0.03799717706074752,-1.4867195146263237e-05,7.136253670787438e-05,5.000169592947992,True,0.005724127926361788,1.0000338972042113
gamma2p,1.414213562373095,3.0,0.0,0.0,1.0,0.765571972080939,0.7978845608028654,-0.03231258872192644,-0.04220712081987014,0.9595021757415482,0.2261419391477048,True,0.1428863166368333,0.0,-0.7978845608028655,0.6981489907025072,True,-1.0865855706782273,0.875
gamma2p,1.414213562373095,3.0,0.05,0.05,1.0,0.7571407970726851,0.7988817087733653,-0.04174091170068017,-0.05512965601914734,0.9477508231290327,0.2261419391477048,True,0.18457837523634685,-0.03984439140947664,-0.7948956086190542,0.6901283445766861,True,-0.605438160444085,0.8638680007285893
gamma2p,1.414213562373095,3.0,0.1,0.1,1.0,0.7506911307992183,0.8018706624094294,-0.05117953161021105,-0.06817655026205398,0.9361748296708738,0.2261419391477048,True,0.22631596687946987,-0.07939050949540263,-0.7859660440044833,0.684912384366851,True,-0.28525495179099214,0.8541432134564609
gamma2p,1.414213562373095,3.0,0.15,0.15,1.0,0.7462901802058207,0.8068439695268507,-0.06055378932102995,-0.08113973750040461,0.9249498148241229,0.2261419391477048,True,0.26776894878167284,-0.11834379927236649,-0.771207091924923,0.6825491820439453,True,-0.05263434174116255,0.8459494125539609
gamma2p,1.414213562373095,3.0,0.25,0.25,1.0,0.7438988307933845,0.8226893964471603,-0.07879056565377585,-0.10591570035100603,0.904228052538372,0.2261419391477048,True,0.3484120015540935,-0.19333405840142454,-0.7250027190053427,0.6864947819948382,True,0.271434995773566,0.8344519632312173
gamma2p,1.414213562373095,3.0,0.4,0.4,1.0,0.757284577519364,0.860877673894906,-0.10359309637554204,-0.13679546560274844,0.8796657184674667,0.2261419391477048,True,0.4580888302539942,-0.2946161122426585,-0.6186938357095833,0.7140992608266745,True,0.5831255343875856,0.829501429158738
gamma2p,1.414213562373095,3.0,0.6,0.6,1.0,0.8091283607513982,0.9373454644835111,-0.12821710373211292,-0.15846324260966943,0.8632125415971772,0.2261419391477048,True,0.5669762283605776,-0.39986952347015975,-0.42652749170150395,0.7897793774756288,True,0.8490920266285558,0.8425702234669764
gamma2p,1.414213562373095,3.0,0.8,0.8,1.0,0.9019569018896516,1.0404144677895306,-0.138457565899879,-0.15350796208754813,0.8669207607290904,0.2261419391477048,True,0.6122595676932147,-0.4635064844183726,-0.2085779179882679,0.9050927019556078,True,0.9773519052889915,0.8699347519441669
gamma2p,1.414213562373095,3.0,1.0,1.0,1.0,1.0356533940857748,1.1666309411753726,-0.13097754708959775,-0.12646851527505343,0.887730093153848,0.2261419391477048,True,0.5791829130997663,-0.48394144903828695,2.4399969891786277e-16,1.052564847737967,True,0.870882803747855,0.9022260687493127
gamma2p,1.414213562373095,3.0,1.5,1.5,1.0,1.4999999999999354,1.5586135875252092,-0.05861358752527379,-0.03907572501685088,0.9623937658477998,0.2261419391477048,True,0.2591893734801234,-0.38855278699767537,0.3237939891647291,1.507505065992471,True,0.8719568907243667,0.967208984996795
gamma2p,1.414213562373095,3.0,2.0,2.0,1.0,1.9999999999993265,2.0169814052336594,-0.01698140523433289,-0.008490702617169305,0.9915807824552723,0.2261419391477048,True,0.07509179985956285,-0.2159638660527523,0.3239457990791286,2.0065714587261625,True,0.613020322160982,0.9948388485483876
gamma2p,1.414213562373095,3.0,3.0,3.0,1.0,2.9999999917457103,3.000764308634096,-0.0007643168883855189,-0.0002547722968294944,0.999745292595561,0.2261419391477048,True,0.003379810446775663,-0.02659109047162794,0.07090957459100765,3.0033604253274273,True,-3.3966496524959844,1.000865151816776
gamma2p,1.414213562373095,3.0,5.0,5.0,1.0,5.000000000000854,5.00000010692331,-1.0692245577814674e-07,-2.1384491155625693e-08,0.9999999786155093,0.2261419391477048,True,4.7281126261285945e-07,-1.4867195146263237e-05,7.136253670787438e-05,5.000005523008897,True,-50.65433212988143,1.0000010832170942
gamma2m,-1.414213562373095,3.0,0.0,0.0,1.0,0.765571972080939,0.7978845608028654,-0.03231258872192644,-0.04220712081987014,0.9595021757415482,0.22614193914770475,True,0.14288631663683335,0.0,-0.7978845608028655,0.6981489907025072,True,-1.0865855706782273,0.875
gamma2m,-1.414213562373095,3.0,0.05,0.05,1.0,0.7759170768911148,0.7988817087733653,-0.022964631882250508,-0.029596760486653342,0.9712540271856878,0.22614193914770475,True,0.10154963722695923,-0.03984439140947664,-0.7948956086190542,0.7089111708152809,True,-1.917787074463107,0.8873793992652195
gamma2m,-1.414213562373095,3.0,0.1,0.1,1.0,0.78810852457576,0.8018706624094294,-0.013762137833669419,-0.017462236994679886,0.9828374593574511,0.22614193914770475,True,0.06085619450128032,-0.07939050949540263,-0.7859660440044833,0.7223374294508871,True,-3.779133585187778,0.9008153849654956
gamma2m,-1.414213562373095,3.0,0.15,0.15,1.0,0.8020790362902943,0.8068439695268507,-0.004764933236556357,-0.005940727809811248,0.9940943560136533,0.22614193914770475,True,0.021070542043261323,-0.11834379927236649,-0.771207091924923,0.7383369840285252,True,-12.377323269241822,0.9150926472952393
gamma2m,-1.414213562373095,3.0,0.25,0.25,1.0,0.8350812277592261,0.8226893964471603,0.012391831312065782,0.014839073014869211,1.0150625878558552,0.22614193914770475,True,0.05479669697168401,-0.19333405840142454,-0.7250027190053427,0.7776333311481469,True,-3.635948889583643,0.9452332004112475
gamma2m,-1.414213562373095,3.0,0.4,0.4,1.0,0.8963156398249299,0.860877673894906,0.03543796593002391,0.03953737317017666,1.0411649262196456,0.22614193914770475,True,0.15670673942031416,-0.2946161122426585,-0.6186938357095833,0.8529826280357418,True,-0.22278496104301948,0.9908290735158175
gamma2m,-1.414213562373095,3.0,0.6,0.6,1.0,0.9972142922782039,0.9373454644835111,0.059868827794692825,0.06003607074054105,1.0638706112774348,0.22614193914770475,True,0.26474004786697025,-0.39986952347015975,-0.42652749170150395,0.9782796785660176,True,0.683731677908937,1.04367036021779
gamma2m,-1.414213562373095,3.0,0.8,0.8,1.0,1.1168190735528345,1.0404144677895306,0.07640460576330388,0.0684126977884116,1.0734367005926335,0.22614193914770475,True,0.3378612832774913,-0.4635064844183726,-0.2085779179882679,1.1235917541263865,True,0.9113576923028273,1.0799462992028308
gamma2m,-1.414213562373095,3.0,1.0,1.0,1.0,1.2519279020602245,1.1666309411753726,0.08529696088485195,0.06813248649900983,1.0731139196419013,0.22614193914770475,True,0.37718329119456334,-0.48394144903828695,2.4399969891786277e-16,1.2806970346127782,True,0.6627179649297117,1.0977739312506873
gamma2m,-1.414213562373095,3.0,1.5,1.5,1.0,1.6404408412498341,1.5586135875252092,0.08182725372462496,0.049881258541625714,1.0525000259073525,0.22614193914770475,True,0.361840240837324,-0.38855278699767537,0.3237939891647291,1.6906706063491297,True,0.3861487119152883,1.0847272344350614
gamma2m,-1.414213562373095,3.0,2.0,2.0,1.0,2.0772454714689745,2.0169814052336594,0.060264066235315106,0.02901152851843644,1.0298783449757851,0.22614193914770475,True,0.2664877928545293,-0.2159638660527523,0.3239457990791286,2.108377801510939,True,0.483401436597376,1.0453134550671237
gamma2m,-1.414213562373095,3.0,3.0,3.0,1.0,3.0226692401581596,3.000764308634096,0.02190493152406381,0.007246883394663997,1.0072997840786886,0.22614193914770475,True,0.09686364062597247,-0.02659109047162794,0.07090957459100765,3.015895585588516,True,0.6907703380764968,1.005042474315921
gamma2m,-1.414213562373095,3.0,5.0,5.0,1.0,5.0017996573035255,5.00000010692331,0.0017995503802152868,0.00035978057969347495,1.0003599100683465,0.22614193914770475,True,0.007957614527396042,-1.4867195146263237e-05,7.136253670787438e-05,5.0000125314719,True,0.006904251598933153,1.000002484909665
gamma8p,0.7071067811865475,0.75,0.0,0.0,1.0,0.7896206664366384,0.7978845608028654,-0.008263894366226987,-0.01046565106194584,0.9896427443615258,0.11391923204927651,True,0.07254169658247332,0.0,-0.7978845608028655,0.7729506682777758,True,-1.0172085242267639,0.9687499999999999
gamma8p,0.7071067811865475,0.75,0.05,0.05,1.0,0.7859094320140757,0.7988817087733653,-0.01297227675928958,-0.01650607084081572,0.983761955472472,0.11391923204927651,True,0.11387257907144543,-0.03984439140947664,-0.7948956086190542,0.7693455144443712,True,-0.2768705044658375,0.9630280753650685
gamma8p,0.7071067811865475,0.75,0.1,0.1,1.0,0.7842048943089921,0.8018706624094294,-0.017665768100437296,-0.02252698016632964,0.9779693048660043,0.11391923204927651,True,0.15507274568701315,-0.07939050949540263,-0.7859660440044833,0.7679529622632802,True,0.08003252656138116,0.9577017819254858
gamma8p,0.7071067811865475,0.75,0.15,0.15,1.0,0.7845359370521391,0.8068439695268507,-0.02230803247471158,-0.02843468529756977,0.9723514913449828,0.11391923204927651,True,0.19582323435135252,-0.11834379927236649,-0.771207091924923,0.7687967974080518,True,0.2944631194199151,0.9528444487958304
gamma8p,0.7071067811865475,0.75,0.25,0.25,1.0,0.7913977820521018,0.8226893964471603,-0.031291614395058565,-0.039539679166043555,0.9619642424830155,0.11391923204927651,True,0.27468245556222826,-0.19333405840142454,-0.7250027190053427,0.7772484241899161,True,0.5478226951301037,0.9447653361603005
gamma8p,0.7071067811865475,0.75,0.4,0.4,1.0,0.8174061865311065,0.860877673894906,-0.043471487363799466,-0.05318223434090091,0.9495032933458252,0.11391923204927651,True,0.3815991960426453,-0.2946161122426585,-0.6186938357095833,0.8068226497267148,True,0.7565407248244954,0.9372094017450496
gamma8p,0.7071067811865475,0.75,0.6,0.6,1.0,0.8814263538236704,0.9373454644835111,-0.055919110659840676,-0.06344161417146293,0.9403431149147846,0.11391923204927651,True,0.49086628880760447,-0.39986952347015975,-0.42652749170150395,0.8768914050952419,True,0.918901629963057,0.9355050387728924
gamma8p,0.7071067811865475,0.75,0.8,0.8,1.0,0.9777895982278866,1.0404144677895306,-0.06262486956164404,-0.06404738777661705,0.9398077674806876,0.11391923204927651,True,0.5497304400239921,-0.4635064844183726,-0.2085779179882679,0.9792716448097025,True,0.9763345362283412,0.9412322445787087
gamma8p,0.7071067811865475,0.75,1.0,1.0,1.0,1.103636563524629,1.1666309411753726,-0.06299437765074356,-0.05707891504569363,0.9460031656735616,0.11391923204927651,True,0.5529740371098616,-0.48394144903828695,2.4399969891786277e-16,1.1095978944566698,True,0.9053672541208064,0.9511130343746563
gamma8p,0.7071067811865475,0.75,1.5,1.5,1.0,1.5161697596543449,1.5586135875252092,-0.042443827870864315,-0.027994113192536318,0.9727682164389075,0.11391923204927651,True,0.37257824782829435,-0.38855278699767537,0.3237939891647291,1.5229407645974422,True,0.8404713881203603,0.9771124650694154
gamma8p,0.7071067811865475,0.75,2.0,2.0,1.0,2.0006646144097116,2.0169814052336594,-0.01631679082394788,-0.008155685219015125,0.9919102918938126,0.11391923204927651,True,0.1432312220722305,-0.2159638660527523,0.3239457990791286,2.001653125758688,True,0.9394175386788888,0.9924003863222548
gamma8p,0.7071067811865475,0.75,3.0,3.0,1.0,3.0,3.000764308634096,-0.0007643086340958227,-0.0002547695446986076,0.9997452953462901,0.11391923204927651,True,0.006709215119754459,-0.02659109047162794,0.07090957459100765,2.9998464427747926,True,0.7990900293975648,0.9996941226418009
gamma8p,0.7071067811865475,0.75,5.0,5.0,1.0,5.0,5.00000010692331,-1.0692331020578649e-07,-2.13846620411573e-08,0.9999999786153384,0.11391923204927651,True,9.385887552291093e-07,-1.4867195146263237e-05,7.136253670787438e-05,5.000000584886831,True,-4.470152675652258,1.0000000955927022
gamma8m,-0.7071067811865475,0.75,0.0,0.0,1.0,0.7896206664366384,0.7978845608028654,-0.008263894366226987,-0.01046565106194584,0.9896427443615258,0.11391923204927643,True,0.07254169658247338,0.0,-0.7978845608028655,0.7729506682777758,True,-1.0172085242267639,0.9687499999999999
gamma8m,-0.7071067811865475,0.75,0.05,0.05,1.0,0.7953056440838963,0.7988817087733653,-0.0035760646894690273,-0.004496465875818418,0.9955236618260295,0.11391923204927643,True,0.03139122890086004,-0.03984439140947664,-0.7948956086190542,0.7787369275636685,True,-3.6332261742971577,0.9747837746333836
gamma8m,-0.7071067811865475,0.75,0.1,0.1,1.0,0.8029277103785624,0.8018706624094294,0.0010570479691329737,0.0013164920770197348,1.0013182275130965,0.11391923204927643,True,0.009278924639131533,-0.07939050949540263,-0.7859660440044833,0.7866654848052984,True,-14.384567255356234,0.9810378676800033
gamma8m,-0.7071067811865475,0.75,0.15,0.15,1.0,0.8124468799737281,0.8068439695268507,0.0056029104468774404,0.006896340653137372,1.0069442304317688,0.11391923204927643,True,0.049183183085836364,-0.11834379927236649,-0.771207091924923,0.7966906984003419,True,-1.8121423183137417,0.9874160661664698
gamma8m,-0.7071067811865475,0.75,0.25,0.25,1.0,0.8370021384101931,0.8226893964471603,0.014312741963032782,0.017100006447078486,1.0173975038755128,0.11391923204927643,True,0.12563938244283215,-0.19333405840142454,-0.7250027190053427,0.8228176987665706,True,0.008964202648359176,1.0001559547503156
gamma8m,-0.7071067811865475,0.75,0.4,0.4,1.0,0.8869125013613464,0.860877673894906,0.02603482746644037,0.029354448636679263,1.030242191493537,0.11391923204927643,True,0.22853759631366594,-0.2946161122426585,-0.6186938357095833,0.8762643333312483,True,0.5910029346718799,1.0178732239235893
gamma8m,-0.7071067811865475,0.75,0.6,0.6,1.0,0.975703289877795,0.9373454644835111,0.038357825394283895,0.039313002008108576,1.040921759210111,0.11391923204927643,True,0.3367107090196324,-0.39986952347015975,-0.42652749170150395,0.9711415556404364,True,0.8810742217404637,1.0360551071482993
gamma8m,-0.7071067811865475,0.75,0.8,0.8,1.0,1.0867443554869145,1.0404144677895306,0.04632988769738389,0.042631818112021234,1.0445302224562645,0.11391923204927643,True,0.40669066025079614,-0.4635064844183726,-0.2085779179882679,1.088521170895092,True,0.961648613962046,1.0462380182080406
gamma8m,-0.7071067811865475,0.75,1.0,1.0,1.0,1.2165955701725604,1.1666309411753726,0.04996462899718779,0.041069218253113375,1.0428281363314853,0.11391923204927643,True,0.4385969611836507,-0.48394144903828695,2.4399969891786277e-16,1.2236639878940754,True,0.8585315679635519,1.0488869656253437
gamma8m,-0.7071067811865475,0.75,1.5,1.5,1.0,1.6030213538624563,1.5586135875252092,0.04440776633724708,0.02770254197191274,1.0284918383187962,0.11391923204927643,True,0.3898179924355375,-0.38855278699767537,0.3237939891647291,1.6145235347757716,True,0.7409871771986003,1.0358715897885487
gamma8m,-0.7071067811865475,0.75,2.0,2.0,1.0,2.046457783072711,2.0169814052336594,0.029476377839051437,0.01440360904723542,1.014614104900802,0.11391923204927643,True,0.25874803849012307,-0.2159638660527523,0.3239457990791286,2.0525562971510762,True,0.7931050378148626,1.0176376895816228
gamma8m,-0.7071067811865475,0.75,3.0,3.0,1.0,3.0082690486685713,3.000764308634096,0.007504740034475432,0.002494703735956381,1.0025009428474212,0.11391923204927643,True,0.06587772669700945,-0.02659109047162794,0.07090957459100765,3.0061140229053374,True,0.712844715028889,1.0017827838913735
gamma8m,-0.7071067811865475,0.75,5.0,5.0,1.0,5.000176053184435,5.00000010692331,0.0001759462611250484,3.518801323265297e-05,1.0000351892514725,0.11391923204927643,True,0.001544482507123484,-1.4867195146263237e-05,7.136253670787438e-05,5.000004089118334,True,0.022633018729966703,1.0000007964389876
