width,pair,payoff,kurt,skew,lilliefors_rej,ad_rej,ratio,sigma_delta,mu_delta
64,A,ATM_call,0.0983,-0.0445,False,False,1.0088,4.893e-05,-0.00028828
64,A,OTM_call_1.10,0.1428,-0.0702,False,False,1.0086,4.903e-05,-0.00030487
64,A,OTM_call_1.25,0.2328,-0.1214,False,False,1.0076,4.221e-05,-0.00028234
64,A,OTM_put_0.90,-0.3096,-0.4327,True,True,1.0096,7.145e-05,-0.00034778
64,B,ATM_call,0.0673,-0.0976,False,False,1.0087,0.00024435,-0.00145915
64,B,OTM_call_1.10,0.1213,-0.1222,False,False,1.0088,0.00024392,-0.00154204
64,B,OTM_call_1.25,0.2079,-0.1694,False,False,1.0082,0.00021023,-0.00142923
64,B,OTM_put_0.90,-0.2282,-0.4801,True,True,1.0111,0.00034896,-0.00174915
64,C,ATM_call,-0.2459,0.0176,False,False,0.9998,0.00050321,-0.00295577
64,C,OTM_call_1.10,-0.2063,-0.0054,False,False,0.9998,0.00049802,-0.00312026
64,C,OTM_call_1.25,-0.1545,-0.0445,False,False,1.0,0.00042848,-0.00289483
64,C,OTM_put_0.90,-0.3786,-0.4233,True,True,0.9932,0.00060009,-0.00350277
64,D,ATM_call,-0.1327,0.1739,False,False,0.9935,0.00155294,-0.00916033
64,D,OTM_call_1.10,-0.0606,0.1753,False,False,0.9946,0.00151834,-0.00962175
64,D,OTM_call_1.25,-0.0096,0.1479,False,False,0.9961,0.00130698,-0.00896175
64,D,OTM_put_0.90,-0.044,-0.4681,True,True,0.9997,0.00161363,-0.01016624
128,A,ATM_call,-0.2756,-0.23,False,False,0.9975,4.731e-05,-0.00031052
128,A,OTM_call_1.10,-0.3454,-0.1917,False,False,0.9978,4.689e-05,-0.00032435
128,A,OTM_call_1.25,-0.3762,-0.1766,False,False,0.998,4.01e-05,-0.00029843
128,A,OTM_put_0.90,0.7313,-0.6398,False,True,1.0199,5.736e-05,-0.00032495
128,B,ATM_call,-0.2224,-0.191,False,False,0.9999,0.00023027,-0.00155379
128,B,OTM_call_1.10,-0.3042,-0.147,False,False,1.0005,0.00022632,-0.00162188
128,B,OTM_call_1.25,-0.328,-0.139,False,False,1.0013,0.00019383,-0.00149412
128,B,OTM_put_0.90,0.9566,-0.6564,False,True,1.0206,0.00027386,-0.00161607
128,C,ATM_call,-0.059,-0.273,False,False,1.0043,0.00046788,-0.00312655
128,C,OTM_call_1.10,-0.1498,-0.2309,False,False,1.0048,0.00045594,-0.00326028
128,C,OTM_call_1.25,-0.1813,-0.2256,False,False,1.0055,0.00038976,-0.00300732
128,C,OTM_put_0.90,1.0909,-0.6378,False,True,1.0252,0.00051334,-0.00321731
128,D,ATM_call,0.1304,-0.3668,False,False,1.002,0.00147388,-0.00968759
128,D,OTM_call_1.10,0.074,-0.3318,False,False,1.003,0.00140709,-0.01004893
128,D,OTM_call_1.25,0.1014,-0.3324,False,False,1.0041,0.00120039,-0.00930228
128,D,OTM_put_0.90,-0.271,-0.0657,False,False,1.0266,0.00103853,-0.00937452
256,A,ATM_call,-0.4971,-0.113,False,False,1.0057,4.666e-05,-0.00034122
256,A,OTM_call_1.10,-0.4971,-0.1091,False,False,1.0029,4.547e-05,-0.00035013
256,A,OTM_call_1.25,-0.4927,-0.0973,False,False,1.0015,3.875e-05,-0.00031871
256,A,OTM_put_0.90,0.1128,-0.5815,True,True,0.9429,4.537e-05,-0.00030716
256,B,ATM_call,-0.4201,-0.0979,False,False,1.0081,0.00023411,-0.00171443
256,B,OTM_call_1.10,-0.422,-0.1019,False,False,1.0055,0.00022855,-0.00175784
256,B,OTM_call_1.25,-0.4424,-0.0966,False,False,1.0042,0.00019626,-0.00160163
256,B,OTM_put_0.90,0.346,-0.6491,True,True,0.9493,0.00022194,-0.00153065
256,C,ATM_call,-0.4889,-0.0955,False,False,0.9996,0.00045263,-0.00344698
256,C,OTM_call_1.10,-0.4837,-0.0941,False,False,0.9976,0.00044017,-0.00353094
256,C,OTM_call_1.25,-0.4868,-0.0977,False,False,0.9971,0.00038027,-0.00322145
256,C,OTM_put_0.90,0.4471,-0.5515,True,True,0.9475,0.00039032,-0.00303953
256,D,ATM_call,-0.4044,-0.1951,False,False,0.9945,0.00129198,-0.0104468
256,D,OTM_call_1.10,-0.3891,-0.187,False,False,0.9937,0.00122963,-0.01067067
256,D,OTM_call_1.25,-0.3427,-0.2112,False,False,0.994,0.00104907,-0.00978634
256,D,OTM_put_0.90,-0.3994,-0.0619,False,False,0.9703,0.00075339,-0.00886416
512,A,ATM_call,-0.2274,-0.0357,False,False,0.9778,4.451e-05,-0.00036566
512,A,OTM_call_1.10,-0.1403,-0.0547,False,False,0.979,4.26e-05,-0.00037128
512,A,OTM_call_1.25,-0.1329,-0.0677,False,False,0.9789,3.552e-05,-0.00033539
512,A,OTM_put_0.90,-0.3036,-0.3569,False,False,0.9889,2.837e-05,-0.00030441
512,B,ATM_call,-0.3257,0.0153,False,False,0.975,0.00021492,-0.0018297
512,B,OTM_call_1.10,-0.2474,0.0174,False,False,0.9768,0.00020427,-0.0018572
512,B,OTM_call_1.25,-0.2436,0.0118,False,False,0.9773,0.00017086,-0.00167991
512,B,OTM_put_0.90,-0.1478,-0.3989,False,False,0.996,0.00013925,-0.00151696
512,C,ATM_call,-0.2516,0.044,False,False,0.9643,0.00040032,-0.00365481
512,C,OTM_call_1.10,-0.1929,0.0431,False,False,0.967,0.0003832,-0.00370907
512,C,OTM_call_1.25,-0.21,0.0271,False,False,0.9685,0.00032386,-0.0033609
512,C,OTM_put_0.90,-0.1094,-0.3912,False,False,0.9977,0.00025756,-0.00301877
512,D,ATM_call,-0.0306,-0.0469,False,False,0.9724,0.00107129,-0.01067356
512,D,OTM_call_1.10,-0.0626,-0.0295,False,False,0.975,0.00102895,-0.0108492
512,D,OTM_call_1.25,-0.0935,-0.0559,False,False,0.9768,0.0008862,-0.00991462
512,D,OTM_put_0.90,0.0442,-0.1944,False,False,1.0036,0.00061417,-0.00889242
1024,A,ATM_call,-0.265,-0.2858,False,False,1.0066,3.669e-05,-0.00035346
1024,A,OTM_call_1.10,-0.264,-0.2951,False,False,1.0044,3.541e-05,-0.00035941
1024,A,OTM_call_1.25,-0.2409,-0.3019,False,False,1.0015,3.029e-05,-0.00032547
1024,A,OTM_put_0.90,1.1089,-0.5267,True,True,0.9932,1.904e-05,-0.00030545
1024,B,ATM_call,0.0974,-0.386,False,False,1.0049,0.00016542,-0.00175496
1024,B,OTM_call_1.10,0.0753,-0.3921,False,False,1.0026,0.00015935,-0.00178597
1024,B,OTM_call_1.25,0.0677,-0.3879,False,False,0.9995,0.00013642,-0.00162073
1024,B,OTM_put_0.90,1.0436,-0.5131,False,True,0.9882,8.765e-05,-0.00152981
1024,C,ATM_call,0.4218,-0.5334,False,True,1.013,0.00032695,-0.00346994
1024,C,OTM_call_1.10,0.4047,-0.5356,False,True,1.0099,0.00031378,-0.00353529
1024,C,OTM_call_1.25,0.375,-0.5278,False,True,1.006,0.00026931,-0.00321773
1024,C,OTM_put_0.90,0.9726,-0.4468,True,True,0.987,0.00015875,-0.00305035
1024,D,ATM_call,1.245,-0.8169,False,True,1.0149,0.00084075,-0.01008651
1024,D,OTM_call_1.10,1.1388,-0.7861,False,True,1.0114,0.00079388,-0.01031161
1024,D,OTM_call_1.25,1.1274,-0.7731,False,True,1.0076,0.00067574,-0.00947668
1024,D,OTM_put_0.90,0.5948,-0.1271,False,False,0.9851,0.00039361,-0.0090422
