seed,coupling,pair,payoff,kurt,kurt_nonfisher,skew,lilliefors_rej,ad_rej,ratio,sigma_delta,mu_delta,abs_s,atom
0,coupled,A,ATM_call,1.0151,4.0151,1.0822,True,True,0.9975,4.376e-05,-0.00040634,9.2864,0.0
0,coupled,A,OTM_call_1.10,1.037,4.037,1.0587,True,True,0.9981,4.148e-05,-0.00040934,9.8693,0.0
0,coupled,A,OTM_call_1.25,0.9554,3.9554,0.9916,True,True,0.9981,3.647e-05,-0.00036677,10.0562,0.0
0,coupled,A,OTM_put_0.90,0.7023,3.7023,-0.6376,True,True,0.9857,2.818e-05,-0.00029487,10.4637,0.0
0,independent,A,ATM_call,-0.64,2.36,-0.1237,False,False,1.0221,0.00467899,0.0004233,0.0905,0.0
0,independent,A,OTM_call_1.10,-0.5908,2.4092,-0.131,False,False,1.0256,0.00470898,0.00042637,0.0905,0.0
0,independent,A,OTM_call_1.25,-0.5096,2.4904,-0.1537,False,False,1.0207,0.00427558,0.00040483,0.0947,0.0
0,independent,A,OTM_put_0.90,-0.5763,2.4237,0.0153,False,False,1.0525,0.00373571,0.00017991,0.0482,0.0
0,coupled,B,ATM_call,0.6961,3.6961,1.0315,True,True,1.0011,0.00023524,-0.00204687,8.7011,0.0
0,coupled,B,OTM_call_1.10,0.7143,3.7143,1.0089,True,True,1.0014,0.00022233,-0.00206113,9.2704,0.0
0,coupled,B,OTM_call_1.25,0.6499,3.6499,0.9511,True,True,1.0012,0.00019486,-0.00184887,9.4881,0.0
0,coupled,B,OTM_put_0.90,0.6868,3.6868,-0.4353,True,True,0.985,0.00012791,-0.00147193,11.5078,0.0
0,independent,B,ATM_call,-0.6245,2.3755,-0.121,False,False,1.1434,0.00470327,-0.00120046,0.2552,0.0
0,independent,B,OTM_call_1.10,-0.5769,2.4231,-0.1293,False,False,1.146,0.00473529,-0.0012127,0.2561,0.0
0,independent,B,OTM_call_1.25,-0.4997,2.5003,-0.1517,False,False,1.1386,0.00430522,-0.00106657,0.2477,0.0
0,independent,B,OTM_put_0.90,-0.575,2.425,0.0126,False,False,1.1068,0.00372095,-0.00103495,0.2781,0.0
0,coupled,C,ATM_call,0.3001,3.3001,0.8741,True,True,1.0088,0.00050533,-0.00409042,8.0945,0.0
0,coupled,C,OTM_call_1.10,0.2994,3.2994,0.8468,True,True,1.0085,0.0004786,-0.00412038,8.6093,0.0
0,coupled,C,OTM_call_1.25,0.2661,3.2661,0.7871,True,True,1.0078,0.00041909,-0.00370235,8.8341,0.0
0,coupled,C,OTM_put_0.90,0.3244,3.3244,-0.081,False,False,0.9831,0.00022214,-0.00295592,13.3063,0.0
0,independent,C,ATM_call,-0.5995,2.4005,-0.1157,False,False,1.2037,0.00469391,-0.00326881,0.6964,0.0
0,independent,C,OTM_call_1.10,-0.5574,2.4426,-0.1235,False,False,1.2022,0.00473056,-0.00329781,0.6971,0.0
0,independent,C,OTM_call_1.25,-0.4874,2.5126,-0.1443,False,False,1.1943,0.00430927,-0.00294312,0.683,0.0
0,independent,C,OTM_put_0.90,-0.5712,2.4288,0.0043,False,False,1.1441,0.00370775,-0.00254236,0.6857,0.0
0,coupled,D,ATM_call,-0.1631,2.8369,-0.1447,False,False,1.0318,0.00152398,-0.01140316,7.4825,0.0
0,coupled,D,OTM_call_1.10,-0.1612,2.8388,-0.1562,False,False,1.0298,0.00145332,-0.01156588,7.9582,0.0
0,coupled,D,OTM_call_1.25,-0.0731,2.9269,-0.1913,False,False,1.0282,0.00126292,-0.01048556,8.3026,0.0
0,coupled,D,OTM_put_0.90,-0.0854,2.9146,0.2877,False,False,0.9814,0.00058655,-0.00925658,15.7813,0.0
0,independent,D,ATM_call,-0.2776,2.7224,-0.1704,False,False,1.101,0.0043037,-0.01097355,2.5498,0.0
0,independent,D,OTM_call_1.10,-0.2875,2.7125,-0.1764,False,False,1.1006,0.00435521,-0.01111701,2.5526,0.0
0,independent,D,OTM_call_1.25,-0.2568,2.7432,-0.206,False,False,1.1006,0.00399212,-0.0100546,2.5186,0.0
0,independent,D,OTM_put_0.90,-0.5752,2.4248,-0.009,False,False,1.0754,0.00370396,-0.00882891,2.3836,0.0
1,coupled,A,ATM_call,4.2774,7.2774,-1.7395,True,True,1.0296,5.166e-05,-0.0003262,6.3144,0.0
1,coupled,A,OTM_call_1.10,4.0076,7.0076,-1.6585,True,True,1.0289,4.874e-05,-0.00033301,6.8321,0.0
1,coupled,A,OTM_call_1.25,3.9992,6.9992,-1.6785,True,True,1.0282,4.132e-05,-0.00030085,7.2806,0.0
1,coupled,A,OTM_put_0.90,-0.0317,2.9683,0.0273,False,False,1.0167,2.297e-05,-0.00030486,13.27,0.0
1,independent,A,ATM_call,-0.0081,2.9919,-0.0352,False,False,0.9873,0.00453315,-0.00024663,0.0544,0.0
1,independent,A,OTM_call_1.10,-0.0455,2.9545,-0.0422,False,False,0.9865,0.00450306,-0.00022857,0.0508,0.0
1,independent,A,OTM_call_1.25,-0.0477,2.9523,-0.0516,False,False,0.9725,0.00410823,-0.0001864,0.0454,0.0
1,independent,A,OTM_put_0.90,0.1506,3.1506,-0.2471,False,False,0.9429,0.00393578,-0.00015153,0.0385,0.0
1,coupled,B,ATM_call,5.6857,8.6857,-1.7198,True,True,1.0315,0.00023927,-0.00161655,6.7563,0.0
1,coupled,B,OTM_call_1.10,5.3278,8.3278,-1.6317,True,True,1.0306,0.00022601,-0.00165218,7.3101,0.0
1,coupled,B,OTM_call_1.25,5.3933,8.3933,-1.6658,True,True,1.0297,0.00019176,-0.00149638,7.8035,0.0
1,coupled,B,OTM_put_0.90,0.1257,3.1257,0.1296,False,False,1.0142,0.00011037,-0.00153336,13.8927,0.0
1,independent,B,ATM_call,0.0687,3.0687,-0.0336,False,False,0.9695,0.00454028,-0.00155387,0.3422,0.0
1,independent,B,OTM_call_1.10,0.0274,3.0274,-0.0394,False,False,0.9711,0.00451619,-0.00156458,0.3464,0.0
1,independent,B,OTM_call_1.25,0.0185,3.0185,-0.0485,False,False,0.9575,0.00413126,-0.0013967,0.3381,0.0
1,independent,B,OTM_put_0.90,0.1607,3.1607,-0.2406,False,False,0.9145,0.00392975,-0.00138532,0.3525,0.0
1,coupled,C,ATM_call,2.9445,5.9445,-1.1159,True,True,1.0259,0.00040051,-0.00319774,7.9842,0.0
1,coupled,C,OTM_call_1.10,2.5939,5.5939,-1.0324,True,True,1.0254,0.00038059,-0.00327266,8.5989,0.0
1,coupled,C,OTM_call_1.25,2.5423,5.5423,-1.0492,True,True,1.0248,0.00032401,-0.00297452,9.1803,0.0
1,coupled,C,OTM_put_0.90,0.3234,3.3234,0.2804,False,False,1.0132,0.00021495,-0.00307123,14.288,0.0
1,independent,C,ATM_call,0.1356,3.1356,-0.0154,False,False,0.9499,0.00453657,-0.00314514,0.6933,0.0
1,independent,C,OTM_call_1.10,0.0961,3.0961,-0.0224,False,False,0.9425,0.00451946,-0.00319534,0.707,0.0
1,independent,C,OTM_call_1.25,0.0828,3.0828,-0.0345,False,False,0.9567,0.00414827,-0.00288415,0.6953,0.0
1,independent,C,OTM_put_0.90,0.1698,3.1698,-0.2332,False,False,0.9222,0.003923,-0.00292168,0.7448,0.0
1,coupled,D,ATM_call,0.077,3.077,-0.3524,False,False,1.0121,0.00069601,-0.00933707,13.4151,0.0
1,coupled,D,OTM_call_1.10,0.0455,3.0455,-0.3261,False,False,1.0126,0.00067247,-0.00957641,14.2406,0.0
1,coupled,D,OTM_call_1.25,-0.0266,2.9734,-0.2959,False,False,1.0126,0.0005899,-0.00879732,14.9132,0.0
1,coupled,D,OTM_put_0.90,0.1877,3.1877,0.1188,False,False,1.0122,0.00052704,-0.00916576,17.3912,0.0
1,independent,D,ATM_call,0.2756,3.2756,-0.0126,False,False,0.9707,0.00460026,-0.0092023,2.0004,0.0
1,independent,D,OTM_call_1.10,0.2461,3.2461,-0.0236,False,False,0.9759,0.00459667,-0.00942118,2.0496,0.0
1,independent,D,OTM_call_1.25,0.235,3.235,-0.0434,False,False,0.9816,0.00425508,-0.00864204,2.031,0.0
1,independent,D,OTM_put_0.90,0.1768,3.1768,-0.1893,False,False,0.9878,0.00386657,-0.00899737,2.327,0.0
2,coupled,A,ATM_call,-0.001,2.999,-0.1497,False,False,0.9857,4.952e-05,-0.0003744,7.56,0.0
2,coupled,A,OTM_call_1.10,-0.043,2.957,-0.1306,False,False,0.9876,4.676e-05,-0.00037845,8.0933,0.0
2,coupled,A,OTM_call_1.25,0.0034,3.0034,-0.1556,False,False,0.991,3.945e-05,-0.00034138,8.6531,0.0
2,coupled,A,OTM_put_0.90,-0.0984,2.9016,-0.5278,True,True,0.9978,2.534e-05,-0.00029636,11.6975,0.0
2,independent,A,ATM_call,0.2416,3.2416,-0.2329,False,False,0.9915,0.00485986,-0.00068772,0.1415,0.0
2,independent,A,OTM_call_1.10,0.3156,3.3156,-0.2604,False,False,1.006,0.0049017,-0.00065826,0.1343,0.0
2,independent,A,OTM_call_1.25,0.3856,3.3856,-0.2846,False,False,1.0245,0.00448269,-0.00056009,0.1249,0.0
2,independent,A,OTM_put_0.90,0.1162,3.1162,-0.3547,False,False,1.0847,0.00427348,-0.00010722,0.0251,0.0
2,coupled,B,ATM_call,-0.5693,2.4307,-0.0274,False,False,0.9707,0.00024022,-0.00187554,7.8075,0.0
2,coupled,B,OTM_call_1.10,-0.5838,2.4162,-0.0053,False,False,0.9741,0.00022657,-0.00189502,8.3639,0.0
2,coupled,B,OTM_call_1.25,-0.5307,2.4693,-0.0284,False,False,0.9788,0.00019127,-0.00171145,8.948,0.0
2,coupled,B,OTM_put_0.90,0.3125,3.3125,-0.6436,True,True,1.0014,0.00012312,-0.00147088,11.9468,0.0
2,independent,B,ATM_call,0.2177,3.2177,-0.2128,False,False,0.9313,0.00484485,-0.00216554,0.447,0.0
2,independent,B,OTM_call_1.10,0.2956,3.2956,-0.2413,False,False,0.9355,0.00488513,-0.00215262,0.4406,0.0
2,independent,B,OTM_call_1.25,0.369,3.369,-0.2667,False,False,0.9434,0.00447334,-0.00191139,0.4273,0.0
2,independent,B,OTM_put_0.90,0.138,3.138,-0.3516,False,False,0.9981,0.00425765,-0.00128302,0.3013,0.0
2,coupled,C,ATM_call,-0.5554,2.4446,-0.0611,False,False,0.9687,0.00048194,-0.00374705,7.775,0.0
2,coupled,C,OTM_call_1.10,-0.5456,2.4544,-0.0367,False,False,0.9724,0.0004542,-0.00378675,8.3372,0.0
2,coupled,C,OTM_call_1.25,-0.5061,2.4939,-0.0346,False,False,0.9774,0.00038402,-0.00342691,8.9237,0.0
2,coupled,C,OTM_put_0.90,0.3204,3.3204,-0.5761,True,True,1.0052,0.00022433,-0.00292985,13.0604,0.0
2,independent,C,ATM_call,0.2194,3.2194,-0.1851,False,False,0.8642,0.00485399,-0.00399697,0.8234,0.0
2,independent,C,OTM_call_1.10,0.2983,3.2983,-0.214,False,False,0.8647,0.00489066,-0.00400634,0.8192,0.0
2,independent,C,OTM_call_1.25,0.3722,3.3722,-0.2403,False,False,0.8687,0.00448208,-0.00359469,0.802,0.0
2,independent,C,OTM_put_0.90,0.1636,3.1636,-0.3454,False,False,0.9091,0.00424802,-0.00274699,0.6467,0.0
2,coupled,D,ATM_call,-0.4474,2.5526,-0.1567,True,False,0.9784,0.00117003,-0.01065775,9.1089,0.0
2,coupled,D,OTM_call_1.10,-0.4044,2.5956,-0.1193,False,False,0.9817,0.00111346,-0.01081492,9.7129,0.0
2,coupled,D,OTM_call_1.25,-0.334,2.666,-0.0934,False,False,0.9861,0.00094926,-0.00988788,10.4164,0.0
2,coupled,D,OTM_put_0.90,0.4438,3.4438,-0.4325,False,False,1.01,0.00052037,-0.00852619,16.3848,0.0
2,independent,D,ATM_call,0.1814,3.1814,-0.1857,False,False,0.8969,0.00484156,-0.01076668,2.2238,0.0
2,independent,D,OTM_call_1.10,0.2637,3.2637,-0.2084,False,False,0.9004,0.0048937,-0.01090213,2.2278,0.0
2,independent,D,OTM_call_1.25,0.3439,3.3439,-0.2281,False,False,0.9087,0.00451864,-0.00994209,2.2002,0.0
2,independent,D,OTM_put_0.90,0.1945,3.1945,-0.3374,False,False,0.8997,0.00426612,-0.00836505,1.9608,0.0
3,coupled,A,ATM_call,-1.1842,1.8158,-0.5413,True,True,1.0243,8.495e-05,-0.00039381,4.6357,0.0
3,coupled,A,OTM_call_1.10,-1.1578,1.8422,-0.5377,True,True,1.0222,7.93e-05,-0.00040078,5.0538,0.0
3,coupled,A,OTM_call_1.25,-1.1162,1.8838,-0.5559,True,True,1.0187,6.711e-05,-0.00036224,5.3974,0.0
3,coupled,A,OTM_put_0.90,0.2744,3.2744,0.3641,False,False,1.006,3.12e-05,-0.00033487,10.7323,0.0
3,independent,A,ATM_call,-0.3406,2.6594,-0.0219,False,False,1.0744,0.00439256,0.00029046,0.0661,0.0
3,independent,A,OTM_call_1.10,-0.2879,2.7121,-0.025,False,False,1.0615,0.00442331,0.00029681,0.0671,0.0
3,independent,A,OTM_call_1.25,-0.2272,2.7728,-0.0304,False,False,1.0569,0.00402861,0.00026118,0.0648,0.0
3,independent,A,OTM_put_0.90,-0.4173,2.5827,-0.0323,False,False,1.0816,0.00394959,0.00032385,0.082,0.0
3,coupled,B,ATM_call,-0.9168,2.0832,-0.719,True,True,1.0264,0.00042257,-0.00193351,4.5757,0.0
3,coupled,B,OTM_call_1.10,-0.8937,2.1063,-0.7139,True,True,1.0242,0.00039553,-0.00197123,4.9838,0.0
3,coupled,B,OTM_call_1.25,-0.8476,2.1524,-0.73,True,True,1.0204,0.00033483,-0.0017873,5.338,0.0
3,coupled,B,OTM_put_0.90,-0.252,2.748,0.1997,False,False,1.0105,0.00014705,-0.00167904,11.4185,0.0
3,independent,B,ATM_call,-0.3315,2.6685,-0.0224,False,False,1.1528,0.00434242,-0.00127377,0.2933,0.0
3,independent,B,OTM_call_1.10,-0.285,2.715,-0.0269,False,False,1.141,0.00437976,-0.00129673,0.2961,0.0
3,independent,B,OTM_call_1.25,-0.2296,2.7704,-0.034,False,False,1.1238,0.0040007,-0.00118094,0.2952,0.0
3,independent,B,OTM_put_0.90,-0.4183,2.5817,-0.0233,False,False,1.1368,0.00395914,-0.00102013,0.2577,0.0
3,coupled,C,ATM_call,-0.4148,2.5852,-0.8179,True,True,1.0343,0.00076016,-0.00374791,4.9304,0.0
3,coupled,C,OTM_call_1.10,-0.4233,2.5767,-0.7918,True,True,1.0312,0.000714,-0.00383394,5.3697,0.0
3,coupled,C,OTM_call_1.25,-0.3839,2.6161,-0.7975,True,True,1.0268,0.00060473,-0.0034916,5.7738,0.0
3,coupled,C,OTM_put_0.90,-0.085,2.915,0.2674,False,False,1.0075,0.00027966,-0.00338831,12.1157,0.0
3,independent,C,ATM_call,-0.3314,2.6686,-0.0481,False,False,1.2013,0.00429877,-0.00311537,0.7247,0.0
3,independent,C,OTM_call_1.10,-0.2969,2.7031,-0.052,False,False,1.1987,0.00434328,-0.00318526,0.7334,0.0
3,independent,C,OTM_call_1.25,-0.2527,2.7473,-0.0589,False,False,1.1844,0.0039796,-0.00290399,0.7297,0.0
3,independent,C,OTM_put_0.90,-0.4245,2.5755,-0.0155,False,False,1.1648,0.00397264,-0.00273145,0.6876,0.0
3,coupled,D,ATM_call,0.6306,3.6306,-0.6228,True,True,1.0213,0.00132558,-0.01039299,7.8403,0.0
3,coupled,D,OTM_call_1.10,0.4947,3.4947,-0.5601,True,True,1.0193,0.0012747,-0.01070744,8.4,0.0
3,coupled,D,OTM_call_1.25,0.3668,3.3668,-0.5327,True,True,1.0159,0.00109246,-0.00988207,9.0457,0.0
3,coupled,D,OTM_put_0.90,-0.1068,2.8932,0.1904,False,False,1.0067,0.00066723,-0.01002586,15.0261,0.0
3,independent,D,ATM_call,-0.3416,2.6584,-0.1493,False,False,1.1326,0.00434286,-0.00983814,2.2654,0.0
3,independent,D,OTM_call_1.10,-0.338,2.662,-0.1463,False,False,1.1267,0.00440218,-0.01013484,2.3022,0.0
3,independent,D,OTM_call_1.25,-0.328,2.672,-0.1466,False,False,1.1206,0.00407053,-0.00935018,2.297,0.0
3,independent,D,OTM_put_0.90,-0.4799,2.5201,0.0224,False,False,1.1069,0.00397082,-0.00941486,2.371,0.0
4,coupled,A,ATM_call,0.0301,3.0301,-0.0683,False,False,1.0115,4.961e-05,-0.00033744,6.8019,0.0
4,coupled,A,OTM_call_1.10,0.0219,3.0219,-0.1038,False,False,1.0111,4.703e-05,-0.00034005,7.2307,0.0
4,coupled,A,OTM_call_1.25,0.0522,3.0522,-0.081,False,False,1.0074,3.977e-05,-0.00030573,7.6877,0.0
4,coupled,A,OTM_put_0.90,0.2242,3.2242,0.1429,False,False,1.022,1.951e-05,-0.00027887,14.2966,0.0
4,independent,A,ATM_call,-0.151,2.849,0.0109,False,False,1.0875,0.00497145,7.367e-05,0.0148,0.0
4,independent,A,OTM_call_1.10,-0.1578,2.8422,-0.0597,False,False,1.0838,0.0050559,7.271e-05,0.0144,0.0
4,independent,A,OTM_call_1.25,-0.1229,2.8771,-0.1332,False,False,1.0732,0.00464275,7.174e-05,0.0155,0.0
4,independent,A,OTM_put_0.90,-0.0383,2.9617,-0.0614,False,False,1.0568,0.00475818,0.00010058,0.0211,0.0
4,coupled,B,ATM_call,0.0705,3.0705,-0.032,False,True,1.0129,0.00024848,-0.00170783,6.8731,0.0
4,coupled,B,OTM_call_1.10,0.0666,3.0666,-0.0617,False,True,1.0125,0.00023527,-0.0017215,7.3171,0.0
4,coupled,B,OTM_call_1.25,0.064,3.064,-0.0411,True,True,1.0087,0.00019911,-0.00155031,7.7862,0.0
4,coupled,B,OTM_put_0.90,0.4125,3.4125,0.08,False,False,1.0232,9.798e-05,-0.00140182,14.3077,0.0
4,independent,B,ATM_call,-0.1774,2.8226,0.0237,False,False,1.1254,0.00497679,-0.00130111,0.2614,0.0
4,independent,B,OTM_call_1.10,-0.1752,2.8248,-0.0472,False,False,1.1175,0.00506343,-0.00131242,0.2592,0.0
4,independent,B,OTM_call_1.25,-0.1318,2.8682,-0.1219,False,False,1.1019,0.00465647,-0.00117377,0.2521,0.0
4,independent,B,OTM_put_0.90,-0.0415,2.9585,-0.067,False,False,1.0904,0.00476344,-0.00103499,0.2173,0.0
4,coupled,C,ATM_call,0.1542,3.1542,0.1732,True,True,1.0128,0.00047693,-0.00346256,7.2601,0.0
4,coupled,C,OTM_call_1.10,0.196,3.196,0.1439,True,True,1.0122,0.00045208,-0.00349445,7.7297,0.0
4,coupled,C,OTM_call_1.25,0.1538,3.1538,0.1613,True,True,1.0088,0.00038601,-0.00315538,8.1744,0.0
4,coupled,C,OTM_put_0.90,0.4048,3.4048,0.0543,False,False,1.0209,0.00020353,-0.00284505,13.9783,0.0
4,independent,C,ATM_call,-0.1818,2.8182,0.039,False,False,1.1227,0.00495865,-0.00306948,0.619,0.0
4,independent,C,OTM_call_1.10,-0.172,2.828,-0.034,False,False,1.1159,0.00504721,-0.00309676,0.6136,0.0
4,independent,C,OTM_call_1.25,-0.1219,2.8781,-0.112,False,False,1.0962,0.00465005,-0.00278562,0.5991,0.0
4,independent,C,OTM_put_0.90,-0.053,2.947,-0.0708,False,False,1.1231,0.00475558,-0.00248692,0.5229,0.0
4,coupled,D,ATM_call,-0.3804,2.6196,0.0576,False,False,1.0118,0.00118486,-0.01016302,8.5774,0.0
4,coupled,D,OTM_call_1.10,-0.3268,2.6732,0.0558,False,False,1.0111,0.00112669,-0.01031402,9.1543,0.0
4,coupled,D,OTM_call_1.25,-0.2869,2.7131,0.0539,False,False,1.0082,0.00096638,-0.00940331,9.7304,0.0
4,coupled,D,OTM_put_0.90,0.7336,3.7336,0.1409,False,False,1.0161,0.00056101,-0.00883297,15.7448,0.0
4,independent,D,ATM_call,-0.0916,2.9084,0.0527,False,False,1.0959,0.0048231,-0.0098957,2.0517,0.0
4,independent,D,OTM_call_1.10,-0.0769,2.9231,-0.0212,False,False,1.0971,0.00490583,-0.01002453,2.0434,0.0
4,independent,D,OTM_call_1.25,-0.0128,2.9872,-0.1045,False,False,1.0965,0.00454996,-0.00911248,2.0028,0.0
4,independent,D,OTM_put_0.90,-0.0911,2.9089,-0.0941,False,False,1.1017,0.00470422,-0.00843511,1.7931,0.0
5,coupled,A,ATM_call,0.3104,3.3104,0.0538,False,False,0.9934,3.454e-05,-0.00039521,11.4422,0.0
5,coupled,A,OTM_call_1.10,0.2519,3.2519,0.0877,False,False,0.9938,3.286e-05,-0.00040143,12.2157,0.0
5,coupled,A,OTM_call_1.25,0.1994,3.1994,0.0113,False,False,0.9934,2.878e-05,-0.00036329,12.6236,0.0
5,coupled,A,OTM_put_0.90,-0.7872,2.2128,-0.1501,False,True,0.9901,3.647e-05,-0.00033956,9.3103,0.0
5,independent,A,ATM_call,-0.0626,2.9374,-0.1286,False,False,1.0237,0.00578446,-0.00026802,0.0463,0.0
5,independent,A,OTM_call_1.10,-0.0564,2.9436,-0.142,False,False,1.0161,0.0057084,-0.00020941,0.0367,0.0
5,independent,A,OTM_call_1.25,-0.0446,2.9554,-0.1426,False,False,1.0099,0.0050734,-0.00011635,0.0229,0.0
5,independent,A,OTM_put_0.90,-0.2133,2.7867,-0.0483,False,False,1.0141,0.00457282,1.917e-05,0.0042,0.0
5,coupled,B,ATM_call,0.3727,3.3727,0.1011,False,False,0.9965,0.00017128,-0.00199584,11.6524,0.0
5,coupled,B,OTM_call_1.10,0.3435,3.3435,0.1282,False,False,0.9965,0.00016401,-0.00202495,12.3462,0.0
5,coupled,B,OTM_call_1.25,0.3275,3.3275,0.0532,False,False,0.9958,0.0001442,-0.00183366,12.7163,0.0
5,coupled,B,OTM_put_0.90,-0.5337,2.4663,-0.3223,False,True,0.9875,0.00016523,-0.00168026,10.1693,0.0
5,independent,B,ATM_call,-0.1015,2.8985,-0.124,False,False,1.0217,0.00578584,-0.00188894,0.3265,0.0
5,independent,B,OTM_call_1.10,-0.0918,2.9082,-0.1359,False,False,1.0215,0.00571026,-0.00185327,0.3246,0.0
5,independent,B,OTM_call_1.25,-0.0742,2.9258,-0.1369,False,False,1.0164,0.00508343,-0.00160451,0.3156,0.0
5,independent,B,OTM_put_0.90,-0.2156,2.7844,-0.0485,False,False,1.007,0.00450915,-0.00132502,0.2939,0.0
5,coupled,C,ATM_call,0.2705,3.2705,0.0594,False,False,0.9975,0.00033499,-0.00395013,11.7918,0.0
5,coupled,C,OTM_call_1.10,0.2375,3.2375,0.0867,False,False,0.9975,0.00032014,-0.00400148,12.4992,0.0
5,coupled,C,OTM_call_1.25,0.2444,3.2444,0.0246,False,False,0.9969,0.00028079,-0.0036269,12.917,0.0
5,coupled,C,OTM_put_0.90,-0.2967,2.7033,-0.4815,True,True,0.9891,0.00030227,-0.00322088,10.6557,0.0
5,independent,C,ATM_call,-0.1149,2.8851,-0.1274,False,False,1.0083,0.00577003,-0.00386236,0.6694,0.0
5,independent,C,OTM_call_1.10,-0.1049,2.8951,-0.1377,False,False,1.0151,0.00569523,-0.00384966,0.6759,0.0
5,independent,C,OTM_call_1.25,-0.0846,2.9154,-0.1392,False,False,1.0206,0.00508127,-0.00341595,0.6723,0.0
5,independent,C,OTM_put_0.90,-0.2097,2.7903,-0.0545,False,False,0.9947,0.00444818,-0.00287301,0.6459,0.0
5,coupled,D,ATM_call,-0.4886,2.5114,-0.0909,False,False,1.006,0.0011012,-0.01166632,10.5942,0.0
5,coupled,D,OTM_call_1.10,-0.501,2.499,-0.065,False,False,1.0056,0.00104578,-0.01180694,11.2901,0.0
5,coupled,D,OTM_call_1.25,-0.4909,2.5091,-0.0807,False,False,1.0052,0.0009179,-0.01075989,11.7222,0.0
5,coupled,D,OTM_put_0.90,0.5405,3.5405,-0.5557,False,False,0.9886,0.0005788,-0.00920226,15.8989,0.0
5,independent,D,ATM_call,-0.1623,2.8377,-0.1262,False,False,1.0156,0.0056466,-0.01159713,2.0538,0.0
5,independent,D,OTM_call_1.10,-0.1552,2.8448,-0.1267,False,False,1.0202,0.00557438,-0.01167801,2.0949,0.0
5,independent,D,OTM_call_1.25,-0.1359,2.8641,-0.1217,False,False,1.0265,0.00499913,-0.01057479,2.1153,0.0
5,independent,D,OTM_put_0.90,-0.1607,2.8393,-0.051,False,False,0.9963,0.00432105,-0.00884723,2.0475,0.0
6,coupled,A,ATM_call,0.246,3.246,0.2919,True,True,1.0154,4.066e-05,-0.00033679,8.2837,0.0
6,coupled,A,OTM_call_1.10,0.2375,3.2375,0.2898,True,True,1.0158,3.873e-05,-0.00034224,8.8362,0.0
6,coupled,A,OTM_call_1.25,0.0819,3.0819,0.2744,False,True,1.0155,3.344e-05,-0.0003099,9.2685,0.0
6,coupled,A,OTM_put_0.90,2.8536,5.8536,-0.6712,False,False,1.0071,1.918e-05,-0.00028893,15.0632,0.0
6,independent,A,ATM_call,-0.2502,2.7498,0.0764,False,False,1.0569,0.0046655,0.00022416,0.048,0.0
6,independent,A,OTM_call_1.10,-0.2143,2.7857,0.1108,False,False,1.0665,0.00466889,0.00013545,0.029,0.0
6,independent,A,OTM_call_1.25,-0.1672,2.8328,0.1456,False,False,1.0673,0.0042525,4.302e-05,0.0101,0.0
6,independent,A,OTM_put_0.90,-0.4771,2.5229,0.2322,True,True,1.0635,0.00378995,-0.00021595,0.057,0.0
6,coupled,B,ATM_call,-0.1666,2.8334,0.3312,False,True,1.0077,0.00020669,-0.00169345,8.1931,0.0
6,coupled,B,OTM_call_1.10,-0.1574,2.8426,0.3381,False,False,1.0088,0.00019732,-0.00172115,8.7227,0.0
6,coupled,B,OTM_call_1.25,-0.1931,2.8069,0.305,False,False,1.0084,0.00016984,-0.00156106,9.1914,0.0
6,coupled,B,OTM_put_0.90,0.0514,3.0514,0.0107,False,False,1.0142,9.364e-05,-0.00145143,15.5001,0.0
6,independent,B,ATM_call,-0.2779,2.7221,0.0789,False,False,1.0917,0.0046406,-0.00114066,0.2458,0.0
6,independent,B,OTM_call_1.10,-0.2455,2.7545,0.1112,False,False,1.0911,0.00464928,-0.00125101,0.2691,0.0
6,independent,B,OTM_call_1.25,-0.203,2.797,0.1429,False,False,1.1013,0.00424305,-0.00121404,0.2861,0.0
6,independent,B,OTM_put_0.90,-0.4923,2.5077,0.2354,True,True,1.1072,0.00379153,-0.00139059,0.3668,0.0
6,coupled,C,ATM_call,-0.4177,2.5823,0.2502,False,False,1.006,0.00045452,-0.00346838,7.6308,0.0
6,coupled,C,OTM_call_1.10,-0.4079,2.5921,0.2605,False,False,1.0074,0.00043214,-0.00352719,8.1622,0.0
6,coupled,C,OTM_call_1.25,-0.4007,2.5993,0.2333,False,False,1.007,0.00036992,-0.0032054,8.665,0.0
6,coupled,C,OTM_put_0.90,-0.0758,2.9242,0.1723,False,False,1.0202,0.00019206,-0.00298114,15.5217,0.0
6,independent,C,ATM_call,-0.2922,2.7078,0.0679,False,False,1.1117,0.00459477,-0.00291683,0.6348,0.0
6,independent,C,OTM_call_1.10,-0.2667,2.7333,0.0983,False,False,1.1222,0.0046102,-0.00305889,0.6635,0.0
6,independent,C,OTM_call_1.25,-0.2312,2.7688,0.1268,False,False,1.1289,0.00421774,-0.00285962,0.678,0.0
6,independent,C,OTM_put_0.90,-0.5133,2.4867,0.2426,True,True,1.1357,0.00380975,-0.00294389,0.7727,0.0
6,coupled,D,ATM_call,-0.4897,2.5103,-0.2083,False,False,1.0028,0.00129723,-0.00993003,7.6548,0.0
6,coupled,D,OTM_call_1.10,-0.4675,2.5325,-0.1872,False,False,1.0043,0.0012329,-0.01015348,8.2354,0.0
6,coupled,D,OTM_call_1.25,-0.4584,2.5416,-0.1802,False,False,1.0047,0.00106198,-0.00931862,8.7747,0.0
6,coupled,D,OTM_put_0.90,-0.2914,2.7086,0.0594,False,False,1.0168,0.00055862,-0.00917568,16.4258,0.0
6,independent,D,ATM_call,-0.246,2.754,0.1032,False,False,1.0888,0.00446863,-0.00939071,2.1015,0.0
6,independent,D,OTM_call_1.10,-0.2351,2.7649,0.1284,False,False,1.0871,0.00449474,-0.0096983,2.1577,0.0
6,independent,D,OTM_call_1.25,-0.2113,2.7887,0.1474,False,False,1.0884,0.00414029,-0.00898436,2.17,0.0
6,independent,D,OTM_put_0.90,-0.5207,2.4793,0.249,False,True,1.0724,0.00384779,-0.00920428,2.3921,0.0
7,coupled,A,ATM_call,-0.4079,2.5921,-0.449,True,True,1.0045,5.248e-05,-0.00033205,6.3275,0.0
7,coupled,A,OTM_call_1.10,-0.415,2.585,-0.4338,True,True,1.0049,4.988e-05,-0.00033986,6.814,0.0
7,coupled,A,OTM_call_1.25,-0.3981,2.6019,-0.4303,True,True,1.0037,4.192e-05,-0.00030858,7.3616,0.0
7,coupled,A,OTM_put_0.90,0.1422,3.1422,0.1166,False,False,1.0152,2.071e-05,-0.00032098,15.5012,0.0
7,independent,A,ATM_call,0.2091,3.2091,0.0126,False,False,1.0542,0.00480138,0.00049368,0.1028,0.0
7,independent,A,OTM_call_1.10,0.3967,3.3967,0.0238,False,False,1.045,0.0049217,0.00049524,0.1006,0.0
7,independent,A,OTM_call_1.25,0.603,3.603,0.048,False,False,1.0389,0.00455592,0.00043878,0.0963,0.0
7,independent,A,OTM_put_0.90,0.8404,3.8404,0.1752,False,False,0.971,0.00485026,0.00041284,0.0851,0.0
7,coupled,B,ATM_call,-0.2191,2.7809,-0.5462,True,True,1.0023,0.00024182,-0.00164115,6.7867,0.0
7,coupled,B,OTM_call_1.10,-0.203,2.797,-0.5369,True,True,1.003,0.00022998,-0.00168361,7.3208,0.0
7,coupled,B,OTM_call_1.25,-0.1495,2.8505,-0.5396,True,True,1.0022,0.00019277,-0.00153411,7.9582,0.0
7,coupled,B,OTM_put_0.90,0.1333,3.1333,-0.0607,False,False,1.0144,0.00010406,-0.00161972,15.5656,0.0
7,independent,B,ATM_call,0.2145,3.2145,0.0177,False,False,1.1148,0.00473129,-0.00087987,0.186,0.0
7,independent,B,OTM_call_1.10,0.4073,3.4073,0.031,False,False,1.106,0.0048547,-0.00091158,0.1878,0.0
7,independent,B,OTM_call_1.25,0.6186,3.6186,0.0559,False,False,1.1016,0.00450701,-0.00083912,0.1862,0.0
7,independent,B,OTM_put_0.90,0.8457,3.8457,0.1906,False,False,1.0121,0.00482274,-0.00092572,0.1919,0.0
7,coupled,C,ATM_call,0.4339,3.4339,-0.7406,True,True,1.0,0.00043411,-0.00323069,7.4421,0.0
7,coupled,C,OTM_call_1.10,0.408,3.408,-0.7165,True,True,1.0007,0.00041375,-0.00332087,8.0263,0.0
7,coupled,C,OTM_call_1.25,0.5091,3.5091,-0.7141,True,True,1.0,0.00034911,-0.00303704,8.6994,0.0
7,coupled,C,OTM_put_0.90,-0.0624,2.9376,-0.0074,False,False,1.0094,0.00020923,-0.00324358,15.5025,0.0
7,independent,C,ATM_call,0.2175,3.2175,0.023,True,False,1.1491,0.00467068,-0.00253673,0.5431,0.0
7,independent,C,OTM_call_1.10,0.4162,3.4162,0.0398,False,False,1.1496,0.00479465,-0.00261535,0.5455,0.0
7,independent,C,OTM_call_1.25,0.6374,3.6374,0.0672,False,False,1.1526,0.00446411,-0.00239813,0.5372,0.0
7,independent,C,OTM_put_0.90,0.8203,3.8203,0.2016,False,False,1.072,0.00478551,-0.00259625,0.5425,0.0
7,coupled,D,ATM_call,-0.1472,2.8528,-0.2567,False,False,0.9928,0.00084182,-0.00966095,11.4762,0.0
7,coupled,D,OTM_call_1.10,-0.1638,2.8362,-0.2345,False,False,0.9937,0.00081855,-0.00995834,12.1658,0.0
7,coupled,D,OTM_call_1.25,-0.124,2.876,-0.2139,False,False,0.9937,0.00072271,-0.00920384,12.7352,0.0
7,coupled,D,OTM_put_0.90,-0.2336,2.7664,-0.102,False,False,0.9996,0.0006089,-0.00974305,16.0011,0.0
7,independent,D,ATM_call,0.1518,3.1518,0.0014,False,False,1.1584,0.00462532,-0.0090813,1.9634,0.0
7,independent,D,OTM_call_1.10,0.3394,3.3394,0.0258,False,False,1.1587,0.00474407,-0.00937285,1.9757,0.0
7,independent,D,OTM_call_1.25,0.5497,3.5497,0.0561,False,False,1.164,0.00445366,-0.0086693,1.9466,0.0
7,independent,D,OTM_put_0.90,0.6931,3.6931,0.2376,False,False,1.1325,0.00460834,-0.00925592,2.0085,0.0
8,coupled,A,ATM_call,0.2731,3.2731,-0.5991,True,True,0.9788,5.092e-05,-0.00036547,7.1778,0.0
8,coupled,A,OTM_call_1.10,0.1902,3.1902,-0.5696,True,True,0.9819,4.883e-05,-0.00037186,7.6151,0.0
8,coupled,A,OTM_call_1.25,0.2713,3.2713,-0.5635,True,True,0.9838,4.096e-05,-0.00033544,8.1884,0.0
8,coupled,A,OTM_put_0.90,-0.3363,2.6637,0.0994,False,False,1.0054,2.291e-05,-0.00031046,13.5524,0.0
8,independent,A,ATM_call,-0.0565,2.9435,0.1263,False,False,1.0097,0.00502785,6.273e-05,0.0125,0.0
8,independent,A,OTM_call_1.10,-0.0526,2.9474,0.1462,False,False,1.0087,0.00507414,7.122e-05,0.014,0.0
8,independent,A,OTM_call_1.25,-0.0501,2.9499,0.1786,False,False,1.0007,0.00461621,6.319e-05,0.0137,0.0
8,independent,A,OTM_put_0.90,0.4492,3.4492,0.0953,False,False,1.0079,0.00419616,9.428e-05,0.0225,0.0
8,coupled,B,ATM_call,1.0699,4.0699,-0.739,True,True,0.9956,0.00024207,-0.00179663,7.4218,0.0
8,coupled,B,OTM_call_1.10,0.9473,3.9473,-0.7085,True,True,0.9976,0.00023259,-0.00182815,7.8598,0.0
8,coupled,B,OTM_call_1.25,1.0425,4.0425,-0.6986,True,True,0.9983,0.0001954,-0.00165089,8.4487,0.0
8,coupled,B,OTM_put_0.90,-0.2757,2.7243,0.1029,False,False,1.0115,0.00011453,-0.001548,13.516,0.0
8,independent,B,ATM_call,-0.0214,2.9786,0.1566,False,False,0.9917,0.00499463,-0.00143646,0.2876,0.0
8,independent,B,OTM_call_1.10,-0.0139,2.9861,0.1735,False,False,0.9941,0.00504204,-0.00145095,0.2878,0.0
8,independent,B,OTM_call_1.25,-0.0071,2.9929,0.2018,False,False,1.0107,0.00459602,-0.00130688,0.2843,0.0
8,independent,B,OTM_put_0.90,0.4463,3.4463,0.1055,False,False,1.0268,0.00417181,-0.00117944,0.2827,0.0
8,coupled,C,ATM_call,1.4264,4.4264,-0.7767,True,True,0.9933,0.0004264,-0.00355228,8.3308,0.0
8,coupled,C,OTM_call_1.10,1.2572,4.2572,-0.7395,True,True,0.9954,0.00041111,-0.00361592,8.7955,0.0
8,coupled,C,OTM_call_1.25,1.3145,4.3145,-0.7234,True,True,0.9962,0.0003478,-0.00327247,9.4092,0.0
8,coupled,C,OTM_put_0.90,-0.2298,2.7702,0.1989,False,False,1.012,0.00022107,-0.00306939,13.8841,0.0
8,independent,C,ATM_call,0.024,3.024,0.1876,False,False,0.97,0.00496949,-0.00324885,0.6538,0.0
8,independent,C,OTM_call_1.10,0.0314,3.0314,0.201,False,False,0.9987,0.00501663,-0.00329344,0.6565,0.0
8,independent,C,OTM_call_1.25,0.0394,3.0394,0.2244,False,False,1.0382,0.00458088,-0.00297402,0.6492,0.0
8,independent,C,OTM_put_0.90,0.4391,3.4391,0.1115,False,False,1.0962,0.00415192,-0.00273172,0.6579,0.0
8,coupled,D,ATM_call,0.9335,3.9335,-0.4577,False,False,0.9839,0.0008545,-0.0100335,11.7419,0.0
8,coupled,D,OTM_call_1.10,0.7942,3.7942,-0.4202,False,False,0.9866,0.00082781,-0.01023999,12.3699,0.0
8,coupled,D,OTM_call_1.25,0.8478,3.8478,-0.4091,False,False,0.9884,0.00070888,-0.00935077,13.1909,0.0
8,coupled,D,OTM_put_0.90,-0.1048,2.8952,0.4323,False,True,1.0077,0.00058565,-0.00890928,15.2126,0.0
8,independent,D,ATM_call,0.086,3.086,0.2736,False,False,0.978,0.004997,-0.00987978,1.9771,0.0
8,independent,D,OTM_call_1.10,0.1004,3.1004,0.2768,False,False,0.9977,0.00504143,-0.01006316,1.9961,0.0
8,independent,D,OTM_call_1.25,0.1196,3.1196,0.2856,False,False,1.0198,0.00462576,-0.00917636,1.9838,0.0
8,independent,D,OTM_put_0.90,0.3826,3.3826,0.1396,False,False,1.0838,0.0041285,-0.00864671,2.0944,0.0
9,coupled,A,ATM_call,-0.7282,2.2718,0.4827,True,True,0.9577,5.825e-05,-0.00041205,7.0734,0.0
9,coupled,A,OTM_call_1.10,-0.7137,2.2863,0.4882,True,True,0.9607,5.524e-05,-0.00041512,7.5149,0.0
9,coupled,A,OTM_call_1.25,-0.7144,2.2856,0.457,True,True,0.9622,4.692e-05,-0.0003725,7.9393,0.0
9,coupled,A,OTM_put_0.90,0.2134,3.2134,0.311,False,True,1.0054,2.832e-05,-0.00033187,11.7177,0.0
9,independent,A,ATM_call,0.3282,3.3282,-0.4148,False,False,1.0436,0.00387895,0.00021978,0.0567,0.0
9,independent,A,OTM_call_1.10,0.2886,3.2886,-0.3636,False,False,1.0345,0.00395272,0.00025281,0.064,0.0
9,independent,A,OTM_call_1.25,0.3222,3.3222,-0.3039,False,False,1.025,0.00367296,0.00027973,0.0762,0.0
9,independent,A,OTM_put_0.90,0.1163,3.1163,-0.0698,False,False,1.0276,0.00393987,0.00014867,0.0377,0.0
9,coupled,B,ATM_call,-0.9276,2.0724,0.3494,True,True,0.9652,0.00028662,-0.00202472,7.0642,0.0
9,coupled,B,OTM_call_1.10,-0.908,2.092,0.3547,True,True,0.9682,0.00027284,-0.00203986,7.4763,0.0
9,coupled,B,OTM_call_1.25,-0.8934,2.1066,0.3268,True,True,0.9693,0.00023198,-0.00183315,7.9021,0.0
9,coupled,B,OTM_put_0.90,0.043,3.043,0.1744,False,False,1.0138,0.00013316,-0.0016249,12.2027,0.0
9,independent,B,ATM_call,0.364,3.364,-0.3955,False,False,1.1659,0.00389867,-0.00136312,0.3496,0.0
9,independent,B,OTM_call_1.10,0.3359,3.3359,-0.3464,False,False,1.1674,0.00397323,-0.0013442,0.3383,0.0
9,independent,B,OTM_call_1.25,0.3765,3.3765,-0.29,False,False,1.1557,0.00369686,-0.00115551,0.3126,0.0
9,independent,B,OTM_put_0.90,0.1151,3.1151,-0.0798,False,False,1.1334,0.00393802,-0.00114643,0.2911,0.0
9,coupled,C,ATM_call,-0.9492,2.0508,0.1775,True,True,0.9795,0.00059659,-0.00398423,6.6783,0.0
9,coupled,C,OTM_call_1.10,-0.92,2.08,0.1839,True,True,0.9816,0.00056747,-0.00401868,7.0818,0.0
9,coupled,C,OTM_call_1.25,-0.8887,2.1113,0.1626,True,True,0.9821,0.00048295,-0.00362058,7.4967,0.0
9,coupled,C,OTM_put_0.90,-0.1836,2.8164,0.2595,False,False,1.0132,0.00026474,-0.00324432,12.2547,0.0
9,independent,C,ATM_call,0.4419,3.4419,-0.3795,False,False,1.2156,0.00396173,-0.00332032,0.8381,0.0
9,independent,C,OTM_call_1.10,0.4294,3.4294,-0.3313,False,False,1.2107,0.00403477,-0.00332083,0.8231,0.0
9,independent,C,OTM_call_1.25,0.4824,3.4824,-0.2785,False,False,1.2133,0.00375524,-0.00293879,0.7826,0.0
9,independent,C,OTM_put_0.90,0.1295,3.1295,-0.0815,False,False,1.192,0.00393963,-0.00276327,0.7014,0.0
9,coupled,D,ATM_call,-0.117,2.883,-0.4001,False,False,0.9873,0.00127865,-0.01117182,8.7372,0.0
9,coupled,D,OTM_call_1.10,-0.0865,2.9135,-0.3807,False,False,0.9887,0.00122662,-0.01134936,9.2525,0.0
9,coupled,D,OTM_call_1.25,-0.0402,2.9598,-0.3769,True,False,0.9885,0.00105536,-0.01036094,9.8175,0.0
9,coupled,D,OTM_put_0.90,-0.2601,2.7399,0.1278,False,False,1.0097,0.00077644,-0.0096999,12.4928,0.0
9,independent,D,ATM_call,0.7314,3.7314,-0.3253,False,False,1.1485,0.00392968,-0.01045574,2.6607,0.0
9,independent,D,OTM_call_1.10,0.7303,3.7303,-0.2846,False,False,1.1487,0.00402485,-0.01060422,2.6347,0.0
9,independent,D,OTM_call_1.25,0.7822,3.7822,-0.2471,False,False,1.1546,0.00378621,-0.00962918,2.5432,0.0
9,independent,D,OTM_put_0.90,0.1705,3.1705,-0.0776,False,False,1.1391,0.00397375,-0.00924622,2.3268,0.0
10,coupled,A,ATM_call,-0.4584,2.5416,-0.4394,True,True,1.0001,7.005e-05,-0.00034418,4.9131,0.0
10,coupled,A,OTM_call_1.10,-0.4511,2.5489,-0.4375,True,True,0.9992,6.69e-05,-0.00035327,5.2808,0.0
10,coupled,A,OTM_call_1.25,-0.438,2.562,-0.4439,True,True,0.997,5.725e-05,-0.00032249,5.6329,0.0
10,coupled,A,OTM_put_0.90,0.1084,3.1084,-0.204,False,False,1.0032,2.486e-05,-0.00032962,13.2601,0.0
10,independent,A,ATM_call,-0.2172,2.7828,-0.0024,False,False,1.0654,0.00387708,0.00030069,0.0776,0.0
10,independent,A,OTM_call_1.10,-0.2816,2.7184,-0.0216,False,False,1.0551,0.00393264,0.00031321,0.0796,0.0
10,independent,A,OTM_call_1.25,-0.3481,2.6519,-0.0415,False,False,1.0435,0.003668,0.00029999,0.0818,0.0
10,independent,A,OTM_put_0.90,-0.1589,2.8411,-0.0581,False,False,0.9904,0.00417509,0.00031201,0.0747,0.0
10,coupled,B,ATM_call,-0.3648,2.6352,-0.5451,True,True,1.0174,0.00033442,-0.00166208,4.97,0.0
10,coupled,B,OTM_call_1.10,-0.3409,2.6591,-0.5473,True,True,1.0151,0.00031991,-0.00171046,5.3467,0.0
10,coupled,B,OTM_call_1.25,-0.3231,2.6769,-0.5534,True,True,1.0122,0.00027487,-0.00156681,5.7002,0.0
10,coupled,B,OTM_put_0.90,0.291,3.291,-0.2442,False,False,1.0012,0.00011906,-0.00163842,13.7613,0.0
10,independent,B,ATM_call,-0.2301,2.7699,0.0063,False,False,1.1207,0.00383028,-0.00099459,0.2597,0.0
10,independent,B,OTM_call_1.10,-0.2916,2.7084,-0.0123,False,False,1.1097,0.00389291,-0.00102204,0.2625,0.0
10,independent,B,OTM_call_1.25,-0.3571,2.6429,-0.0301,False,False,1.0925,0.00364432,-0.00092417,0.2536,0.0
10,independent,B,OTM_put_0.90,-0.1648,2.8352,-0.0507,False,False,1.0485,0.00417255,-0.00098831,0.2369,0.0
10,coupled,C,ATM_call,-0.2779,2.7221,-0.5451,True,True,1.0096,0.00054753,-0.00321835,5.8779,0.0
10,coupled,C,OTM_call_1.10,-0.2664,2.7336,-0.5392,True,True,1.0077,0.00052364,-0.00332176,6.3435,0.0
10,coupled,C,OTM_call_1.25,-0.2501,2.7499,-0.5471,True,True,1.0053,0.00045154,-0.00305513,6.7661,0.0
10,coupled,C,OTM_put_0.90,0.2553,3.2553,-0.2084,False,False,0.9937,0.00021655,-0.00328407,15.1656,0.0
10,independent,C,ATM_call,-0.2599,2.7401,0.0208,False,False,1.1268,0.00379875,-0.00253489,0.6673,0.0
10,independent,C,OTM_call_1.10,-0.3179,2.6821,0.0033,False,False,1.1211,0.00386709,-0.00261724,0.6768,0.0
10,independent,C,OTM_call_1.25,-0.3819,2.6181,-0.0128,False,False,1.1111,0.00363228,-0.00239762,0.6601,0.0
10,independent,C,OTM_put_0.90,-0.1847,2.8153,-0.0466,False,False,1.0759,0.00417632,-0.00261022,0.625,0.0
10,coupled,D,ATM_call,0.8317,3.8317,-0.4,False,False,1.0109,0.00105233,-0.00910387,8.6511,0.0
10,coupled,D,OTM_call_1.10,0.7586,3.7586,-0.3704,False,False,1.009,0.00100865,-0.00944594,9.365,0.0
10,coupled,D,OTM_call_1.25,0.7782,3.7782,-0.38,False,False,1.0066,0.00088256,-0.00880084,9.9719,0.0
10,coupled,D,OTM_put_0.90,0.0132,3.0132,0.0316,False,False,0.9897,0.00053743,-0.00968624,18.0231,0.0
10,independent,D,ATM_call,-0.2157,2.7843,0.0709,False,False,1.0701,0.00388673,-0.00834876,2.148,0.0
10,independent,D,OTM_call_1.10,-0.2668,2.7332,0.0551,False,False,1.0616,0.00396286,-0.00867313,2.1886,0.0
10,independent,D,OTM_call_1.25,-0.3359,2.6641,0.0385,False,False,1.0511,0.00375115,-0.00807965,2.1539,0.0
10,independent,D,OTM_put_0.90,-0.2131,2.7869,-0.0128,False,False,1.0207,0.00416848,-0.00896926,2.1517,0.0
11,coupled,A,ATM_call,4.5789,7.5789,-1.9263,True,True,1.0025,3.928e-05,-0.00029373,7.4773,0.0
11,coupled,A,OTM_call_1.10,4.2581,7.2581,-1.8471,True,True,1.0026,3.774e-05,-0.00030366,8.0453,0.0
11,coupled,A,OTM_call_1.25,3.9155,6.9155,-1.754,True,True,0.9993,3.243e-05,-0.00027742,8.5545,0.0
11,coupled,A,OTM_put_0.90,0.3894,3.3894,-0.1021,False,False,1.0096,1.933e-05,-0.00031599,16.3476,0.0
11,independent,A,ATM_call,-0.194,2.806,-0.1869,False,False,1.0379,0.0040199,7.925e-05,0.0197,0.0
11,independent,A,OTM_call_1.10,-0.2345,2.7655,-0.1826,False,False,1.026,0.00410512,8.292e-05,0.0202,0.0
11,independent,A,OTM_call_1.25,-0.2483,2.7517,-0.1801,False,False,1.0133,0.00379661,8.16e-05,0.0215,0.0
11,independent,A,OTM_put_0.90,-0.2324,2.7676,-0.1025,False,False,1.0687,0.00423545,-0.00027053,0.0639,0.0
11,coupled,B,ATM_call,6.7687,9.7687,-2.0995,True,True,0.9956,0.00016103,-0.00145668,9.0458,0.0
11,coupled,B,OTM_call_1.10,6.2638,9.2638,-1.9969,True,True,0.9962,0.0001557,-0.00150686,9.6781,0.0
11,coupled,B,OTM_call_1.25,5.6661,8.6661,-1.8731,True,True,0.9933,0.00013511,-0.00137961,10.2111,0.0
11,coupled,B,OTM_put_0.90,0.4503,3.4503,-0.2547,False,False,1.0098,9.673e-05,-0.0015731,16.2621,0.0
11,independent,B,ATM_call,-0.1843,2.8157,-0.2012,False,False,1.1151,0.00403444,-0.00106621,0.2643,0.0
11,independent,B,OTM_call_1.10,-0.2255,2.7745,-0.1956,False,False,1.1098,0.00411796,-0.00110451,0.2682,0.0
11,independent,B,OTM_call_1.25,-0.2404,2.7596,-0.1923,False,False,1.1077,0.00381395,-0.00100705,0.264,0.0
11,independent,B,OTM_put_0.90,-0.2284,2.7716,-0.1087,False,False,1.1579,0.00422759,-0.00152702,0.3612,0.0
11,coupled,C,ATM_call,4.9376,7.9376,-1.5405,True,True,0.996,0.00026117,-0.00294915,11.2921,0.0
11,coupled,C,OTM_call_1.10,4.5208,7.5208,-1.4665,True,True,0.9964,0.0002545,-0.0030535,11.9982,0.0
11,coupled,C,OTM_call_1.25,3.9575,6.9575,-1.3603,True,True,0.9934,0.00022536,-0.00280326,12.4391,0.0
11,coupled,C,OTM_put_0.90,0.33,3.33,-0.4279,False,False,1.0106,0.00019181,-0.00318483,16.6039,0.0
11,independent,C,ATM_call,-0.1659,2.8341,-0.2175,False,False,1.1942,0.00406084,-0.00254851,0.6276,0.0
11,independent,C,OTM_call_1.10,-0.2097,2.7903,-0.2112,False,False,1.2019,0.00414293,-0.00264225,0.6378,0.0
11,independent,C,OTM_call_1.25,-0.227,2.773,-0.2077,False,False,1.189,0.00384354,-0.00242281,0.6304,0.0
11,independent,C,OTM_put_0.90,-0.2256,2.7744,-0.1115,False,False,1.1954,0.00420963,-0.00313887,0.7456,0.0
11,coupled,D,ATM_call,0.2158,3.2158,-0.3985,False,False,1.0012,0.00073998,-0.00915053,12.366,0.0
11,coupled,D,OTM_call_1.10,0.2417,3.2417,-0.404,False,False,1.0013,0.0007258,-0.00947093,13.049,0.0
11,coupled,D,OTM_call_1.25,0.2542,3.2542,-0.4387,False,False,0.9984,0.00065832,-0.00875985,13.3063,0.0
11,coupled,D,OTM_put_0.90,-0.0499,2.9501,-0.1369,False,False,1.0142,0.00055279,-0.00960021,17.3667,0.0
11,independent,D,ATM_call,-0.0678,2.9322,-0.2832,False,False,1.1182,0.00417951,-0.00876699,2.0976,0.0
11,independent,D,OTM_call_1.10,-0.1224,2.8776,-0.2749,False,False,1.1158,0.00426207,-0.00908015,2.1305,0.0
11,independent,D,OTM_call_1.25,-0.1516,2.8484,-0.2708,False,False,1.1122,0.00398155,-0.00839496,2.1085,0.0
11,independent,D,OTM_put_0.90,-0.2029,2.7971,-0.1191,False,False,1.1041,0.00414347,-0.0095901,2.3145,0.0
12,coupled,A,ATM_call,0.5751,3.5751,0.0883,False,False,0.9898,2.493e-05,-0.00036814,14.7694,0.0
12,coupled,A,OTM_call_1.10,0.5338,3.5338,0.1112,False,False,0.9894,2.422e-05,-0.00037543,15.4978,0.0
12,coupled,A,OTM_call_1.25,0.4581,3.4581,0.05,False,False,0.9886,2.088e-05,-0.00033917,16.2434,0.0
12,coupled,A,OTM_put_0.90,0.159,3.159,-0.1547,False,False,0.9913,2.567e-05,-0.00030899,12.038,0.0
12,independent,A,ATM_call,0.3347,3.3347,0.1064,False,False,0.9959,0.00384973,0.00051201,0.133,0.0
12,independent,A,OTM_call_1.10,0.2961,3.2961,0.1044,False,False,0.9966,0.00394688,0.00045372,0.115,0.0
12,independent,A,OTM_call_1.25,0.2108,3.2108,0.0899,True,False,0.99,0.00369061,0.00033119,0.0897,0.0
12,independent,A,OTM_put_0.90,-0.3385,2.6615,0.1384,False,False,1.0602,0.00370991,0.00034024,0.0917,0.0
12,coupled,B,ATM_call,0.4587,3.4587,0.0686,False,False,0.9887,0.00012784,-0.00184084,14.3992,0.0
12,coupled,B,OTM_call_1.10,0.42,3.42,0.0852,False,False,0.9883,0.00012488,-0.00187557,15.0193,0.0
12,coupled,B,OTM_call_1.25,0.3602,3.3602,0.0357,False,False,0.9876,0.00010837,-0.00169554,15.6466,0.0
12,coupled,B,OTM_put_0.90,0.1441,3.1441,-0.1829,False,False,0.991,0.00012914,-0.00153381,11.8769,0.0
12,independent,B,ATM_call,0.301,3.301,0.1066,False,False,1.0207,0.00384936,-0.00095545,0.2482,0.0
12,independent,B,OTM_call_1.10,0.2631,3.2631,0.1051,False,False,1.0127,0.00394856,-0.00104204,0.2639,0.0
12,independent,B,OTM_call_1.25,0.1803,3.1803,0.0908,False,False,0.994,0.00369765,-0.00101843,0.2754,0.0
12,independent,B,OTM_put_0.90,-0.3335,2.6665,0.136,False,False,1.165,0.00370041,-0.00090855,0.2455,0.0
12,coupled,C,ATM_call,0.3133,3.3133,0.2263,False,False,0.9871,0.00026822,-0.00373451,13.9232,0.0
12,coupled,C,OTM_call_1.10,0.2897,3.2897,0.2307,False,False,0.9867,0.00026207,-0.00380278,14.5103,0.0
12,coupled,C,OTM_call_1.25,0.2511,3.2511,0.1827,False,False,0.986,0.00022821,-0.00344241,15.0845,0.0
12,coupled,C,OTM_put_0.90,-0.2688,2.7312,-0.0725,False,False,0.9905,0.00023464,-0.00309037,13.1704,0.0
12,independent,C,ATM_call,0.2631,3.2631,0.0997,False,False,1.0779,0.00385101,-0.00285103,0.7403,0.0
12,independent,C,OTM_call_1.10,0.2244,3.2244,0.0992,False,False,1.0698,0.00395179,-0.0029713,0.7519,0.0
12,independent,C,OTM_call_1.25,0.1435,3.1435,0.0856,False,False,1.0675,0.00370709,-0.00276295,0.7453,0.0
12,independent,C,OTM_put_0.90,-0.3314,2.6686,0.1333,False,False,1.2105,0.00369053,-0.00249496,0.676,0.0
12,coupled,D,ATM_call,0.1769,3.1769,0.1316,False,False,0.9807,0.00092825,-0.01150714,12.3966,0.0
12,coupled,D,OTM_call_1.10,0.1911,3.1911,0.1529,False,False,0.9808,0.0009002,-0.01172629,13.0262,0.0
12,coupled,D,OTM_call_1.25,0.1771,3.1771,0.1539,False,False,0.9801,0.0007882,-0.01070754,13.5848,0.0
12,coupled,D,OTM_put_0.90,0.2989,3.2989,0.0069,True,True,0.9908,0.00063778,-0.00945291,14.8216,0.0
12,independent,D,ATM_call,0.1285,3.1285,0.0171,False,False,1.065,0.00393829,-0.01058924,2.6888,0.0
12,independent,D,OTM_call_1.10,0.0923,3.0923,0.0282,False,False,1.062,0.00403693,-0.010859,2.6899,0.0
12,independent,D,OTM_call_1.25,0.0282,3.0282,0.0239,False,False,1.0577,0.00379699,-0.00997984,2.6284,0.0
12,independent,D,OTM_put_0.90,-0.2833,2.7167,0.1551,False,False,1.1016,0.00365695,-0.00892099,2.4395,0.0
13,coupled,A,ATM_call,-0.1374,2.8626,-0.2475,False,False,1.0195,6.082e-05,-0.00037048,6.0912,0.0
13,coupled,A,OTM_call_1.10,-0.1366,2.8634,-0.2343,False,False,1.0175,5.815e-05,-0.00037859,6.5111,0.0
13,coupled,A,OTM_call_1.25,-0.1486,2.8514,-0.2272,False,False,1.0147,4.883e-05,-0.00034453,7.0563,0.0
13,coupled,A,OTM_put_0.90,0.0804,3.0804,-0.0105,False,False,0.9885,2.041e-05,-0.00032753,16.0504,0.0
13,independent,A,ATM_call,0.8264,3.8264,0.2808,False,False,0.9897,0.0056185,-0.00043974,0.0783,0.0
13,independent,A,OTM_call_1.10,0.7485,3.7485,0.2333,False,False,0.9942,0.0056248,-0.00042118,0.0749,0.0
13,independent,A,OTM_call_1.25,0.5943,3.5943,0.1784,False,False,0.994,0.00505479,-0.00036623,0.0725,0.0
13,independent,A,OTM_put_0.90,0.0871,3.0871,-0.0206,False,False,1.0138,0.00483275,-2.129e-05,0.0044,0.0
13,coupled,B,ATM_call,-0.2015,2.7985,-0.2154,False,False,1.0202,0.00028413,-0.00182472,6.4222,0.0
13,coupled,B,OTM_call_1.10,-0.1695,2.8305,-0.2078,False,False,1.0181,0.00027243,-0.0018678,6.8561,0.0
13,coupled,B,OTM_call_1.25,-0.1435,2.8565,-0.2094,False,False,1.0153,0.00022888,-0.00170439,7.4468,0.0
13,coupled,B,OTM_put_0.90,-0.2639,2.7361,0.0024,False,False,0.9889,0.00010305,-0.00165052,16.0166,0.0
13,independent,B,ATM_call,0.8494,3.8494,0.2927,False,False,1.021,0.00553526,-0.00189612,0.3426,0.0
13,independent,B,OTM_call_1.10,0.7686,3.7686,0.2447,False,False,1.0131,0.00555056,-0.00191069,0.3442,0.0
13,independent,B,OTM_call_1.25,0.6112,3.6112,0.1888,False,False,1.0029,0.00500271,-0.00172411,0.3446,0.0
13,independent,B,OTM_put_0.90,0.116,3.116,-0.0166,False,False,1.0118,0.00483888,-0.00133072,0.275,0.0
13,coupled,C,ATM_call,0.1567,3.1567,-0.3211,False,False,1.0213,0.00052145,-0.00359276,6.8899,0.0
13,coupled,C,OTM_call_1.10,0.1661,3.1661,-0.3083,False,False,1.0191,0.00050154,-0.00368414,7.3457,0.0
13,coupled,C,OTM_call_1.25,0.2115,3.2115,-0.3178,False,False,1.016,0.00042212,-0.00337283,7.9902,0.0
13,coupled,C,OTM_put_0.90,-0.2746,2.7254,0.024,False,False,0.9906,0.00020523,-0.00332205,16.1872,0.0
13,independent,C,ATM_call,0.9364,3.9364,0.3048,False,False,1.0375,0.0054547,-0.00366315,0.6716,0.0
13,independent,C,OTM_call_1.10,0.8496,3.8496,0.2584,False,False,1.0371,0.00547947,-0.00372368,0.6796,0.0
13,independent,C,OTM_call_1.25,0.6827,3.6827,0.2034,False,False,1.0329,0.00495558,-0.00338724,0.6835,0.0
13,independent,C,OTM_put_0.90,0.15,3.15,-0.0151,False,False,1.0411,0.00483635,-0.00298147,0.6165,0.0
13,coupled,D,ATM_call,0.1781,3.1781,-0.2309,False,False,1.0047,0.00107434,-0.01022122,9.5139,0.0
13,coupled,D,OTM_call_1.10,0.1778,3.1778,-0.2238,False,False,1.0039,0.00104,-0.0105344,10.1292,0.0
13,coupled,D,OTM_call_1.25,0.1214,3.1214,-0.2019,False,False,1.0023,0.00088893,-0.00975879,10.9781,0.0
13,coupled,D,OTM_put_0.90,-0.0157,2.9843,0.0335,False,False,0.9937,0.00053631,-0.00985122,18.3683,0.0
13,independent,D,ATM_call,1.0567,4.0567,0.2604,False,False,1.0448,0.00539664,-0.01023175,1.8959,0.0
13,independent,D,OTM_call_1.10,0.9705,3.9705,0.2257,False,False,1.0484,0.00544617,-0.0105101,1.9298,0.0
13,independent,D,OTM_call_1.25,0.8048,3.8048,0.1822,False,False,1.0522,0.00497878,-0.00970736,1.9497,0.0
13,independent,D,OTM_put_0.90,0.2712,3.2712,0.0054,False,False,1.0704,0.00475166,-0.00945806,1.9905,0.0
14,coupled,A,ATM_call,1.1436,4.1436,-0.3194,True,True,1.034,4.987e-05,-0.00037421,7.5044,0.0
14,coupled,A,OTM_call_1.10,1.244,4.244,-0.4136,True,True,1.0322,4.77e-05,-0.00038141,7.9954,0.0
14,coupled,A,OTM_call_1.25,1.1638,4.1638,-0.4356,True,True,1.0285,4.088e-05,-0.00034774,8.5065,0.0
14,coupled,A,OTM_put_0.90,0.1045,3.1045,-0.261,False,False,1.0168,3.274e-05,-0.00032923,10.0572,0.0
14,independent,A,ATM_call,-0.1742,2.8258,0.0773,False,False,0.9914,0.00434601,-0.00034416,0.0792,0.0
14,independent,A,OTM_call_1.10,-0.1156,2.8844,0.056,False,False,0.9792,0.0044421,-0.00030088,0.0677,0.0
14,independent,A,OTM_call_1.25,-0.0389,2.9611,0.0337,False,False,0.9726,0.00413848,-0.00021651,0.0523,0.0
14,independent,A,OTM_put_0.90,-0.1856,2.8144,-0.0543,False,False,0.9921,0.00474862,3.861e-05,0.0081,0.0
14,coupled,B,ATM_call,1.7177,4.7177,-0.2776,True,True,1.0176,0.00022031,-0.0018836,8.5498,0.0
14,coupled,B,OTM_call_1.10,1.9305,4.9305,-0.3652,True,True,1.0167,0.00020969,-0.00191892,9.1512,0.0
14,coupled,B,OTM_call_1.25,1.8867,4.8867,-0.4171,True,True,1.0138,0.00018078,-0.00175169,9.6898,0.0
14,coupled,B,OTM_put_0.90,0.2368,3.2368,-0.2331,False,False,1.014,0.00016021,-0.00163949,10.2336,0.0
14,independent,B,ATM_call,-0.1861,2.8139,0.0971,False,False,1.0507,0.00432926,-0.00181762,0.4198,0.0
14,independent,B,OTM_call_1.10,-0.1271,2.8729,0.0748,False,False,1.0511,0.00443285,-0.00180245,0.4066,0.0
14,independent,B,OTM_call_1.25,-0.0511,2.9489,0.0513,False,False,1.0406,0.00414241,-0.00158688,0.3831,0.0
14,independent,B,OTM_put_0.90,-0.165,2.835,-0.049,False,False,1.0377,0.00471847,-0.00125815,0.2666,0.0
14,coupled,C,ATM_call,1.7303,4.7303,-0.3215,True,True,1.0147,0.00042712,-0.00378668,8.8656,0.0
14,coupled,C,OTM_call_1.10,1.9062,4.9062,-0.3865,True,True,1.0139,0.00040623,-0.00385495,9.4896,0.0
14,coupled,C,OTM_call_1.25,1.824,4.824,-0.4315,True,True,1.0115,0.00035297,-0.0035225,9.9795,0.0
14,coupled,C,OTM_put_0.90,0.171,3.171,-0.1796,False,False,1.0127,0.00031371,-0.0032649,10.4075,0.0
14,independent,C,ATM_call,-0.2147,2.7853,0.1214,False,False,1.0725,0.00430841,-0.00365553,0.8485,0.0
14,independent,C,OTM_call_1.10,-0.1559,2.8441,0.0978,False,False,1.0796,0.00441779,-0.00367496,0.8319,0.0
14,independent,C,OTM_call_1.25,-0.0805,2.9195,0.0724,False,False,1.0843,0.00413894,-0.0033003,0.7974,0.0
14,independent,C,OTM_put_0.90,-0.1345,2.8655,-0.0438,False,False,1.0589,0.00469496,-0.00287159,0.6116,0.0
14,coupled,D,ATM_call,0.8355,3.8355,-0.3423,False,False,1.0124,0.00105908,-0.01105906,10.4422,0.0
14,coupled,D,OTM_call_1.10,0.9265,3.9265,-0.3688,False,False,1.0119,0.00101777,-0.01128357,11.0866,0.0
14,coupled,D,OTM_call_1.25,0.9543,3.9543,-0.4092,False,False,1.0102,0.00089843,-0.01038121,11.5548,0.0
14,coupled,D,OTM_put_0.90,0.5364,3.5364,0.1783,False,False,1.0118,0.00079631,-0.00990912,12.4438,0.0
14,independent,D,ATM_call,-0.3111,2.6889,0.1654,False,False,1.0498,0.00414142,-0.01073389,2.5918,0.0
14,independent,D,OTM_call_1.10,-0.2432,2.7568,0.1346,False,False,1.0528,0.00427211,-0.01091763,2.5556,0.0
14,independent,D,OTM_call_1.25,-0.1623,2.8377,0.0975,False,False,1.0567,0.00404559,-0.00999175,2.4698,0.0
14,independent,D,OTM_put_0.90,-0.0309,2.9691,-0.0436,False,False,1.0383,0.00461677,-0.00949417,2.0565,0.0
15,coupled,A,ATM_call,0.0234,3.0234,-0.5469,False,True,1.0029,4.531e-05,-0.00034236,7.5558,0.0
15,coupled,A,OTM_call_1.10,0.0959,3.0959,-0.5537,False,True,1.0044,4.28e-05,-0.00034944,8.1637,0.0
15,coupled,A,OTM_call_1.25,0.037,3.037,-0.5192,False,True,1.0038,3.559e-05,-0.00031783,8.9298,0.0
15,coupled,A,OTM_put_0.90,0.3389,3.3389,-0.0098,False,False,1.0245,2.737e-05,-0.00030968,11.3158,0.0
15,independent,A,ATM_call,1.4693,4.4693,-0.2511,False,False,0.8391,0.00527001,-4.713e-05,0.0089,0.0
15,independent,A,OTM_call_1.10,1.468,4.468,-0.2429,False,False,0.8508,0.00524916,7.89e-06,0.0015,0.0
15,independent,A,OTM_call_1.25,1.4556,4.4556,-0.2278,False,False,0.8647,0.00476187,5.37e-05,0.0113,0.0
15,independent,A,OTM_put_0.90,0.6404,3.6404,-0.1032,False,False,0.9744,0.00422609,0.00030102,0.0712,0.0
15,coupled,B,ATM_call,0.2281,3.2281,-0.655,True,True,1.0093,0.00021283,-0.00170092,7.992,0.0
15,coupled,B,OTM_call_1.10,0.2645,3.2645,-0.6532,True,True,1.01,0.00020126,-0.00173862,8.6387,0.0
15,coupled,B,OTM_call_1.25,0.1863,3.1863,-0.6146,True,True,1.0091,0.00016961,-0.0015854,9.3475,0.0
15,coupled,B,OTM_put_0.90,0.1814,3.1814,0.0859,False,False,1.0195,0.00014034,-0.00156808,11.1735,0.0
15,independent,B,ATM_call,1.3674,4.3674,-0.2409,False,False,0.8879,0.00520105,-0.00140527,0.2702,0.0
15,independent,B,OTM_call_1.10,1.3718,4.3718,-0.2318,False,False,0.8879,0.00518795,-0.00138184,0.2664,0.0
15,independent,B,OTM_call_1.25,1.3654,4.3654,-0.216,False,False,0.8865,0.00472005,-0.00121312,0.257,0.0
15,independent,B,OTM_put_0.90,0.6114,3.6114,-0.0828,False,False,0.9937,0.00421227,-0.00096824,0.2299,0.0
15,coupled,C,ATM_call,0.7277,3.7277,-0.8027,True,True,1.0026,0.0003675,-0.00339029,9.2252,0.0
15,coupled,C,OTM_call_1.10,0.7657,3.7657,-0.7936,True,True,1.0036,0.00034878,-0.0034699,9.9486,0.0
15,coupled,C,OTM_call_1.25,0.6721,3.6721,-0.7498,True,True,1.0032,0.00029923,-0.00317333,10.6049,0.0
15,coupled,C,OTM_put_0.90,0.1322,3.1322,0.3218,False,False,1.0121,0.00026286,-0.00317378,12.0739,0.0
15,independent,C,ATM_call,1.2569,4.2569,-0.2258,True,False,0.9644,0.00514755,-0.00309486,0.6012,0.0
15,independent,C,OTM_call_1.10,1.2643,4.2643,-0.2157,False,False,0.9703,0.00514145,-0.00311416,0.6057,0.0
15,independent,C,OTM_call_1.25,1.2611,4.2611,-0.1997,True,False,0.9773,0.00469055,-0.00280039,0.597,0.0
15,independent,C,OTM_put_0.90,0.5841,3.5841,-0.0521,False,False,1.0023,0.00420189,-0.00257768,0.6135,0.0
15,coupled,D,ATM_call,1.9178,4.9178,-0.9094,True,True,0.9984,0.00091778,-0.01007069,10.9728,0.0
15,coupled,D,OTM_call_1.10,1.9214,4.9214,-0.8893,True,True,0.9997,0.00088508,-0.01032063,11.6607,0.0
15,coupled,D,OTM_call_1.25,1.9133,4.9133,-0.8765,False,True,1.0,0.00078393,-0.009503,12.1222,0.0
15,coupled,D,OTM_put_0.90,-0.049,2.951,0.2081,False,False,1.0077,0.0007604,-0.0095126,12.51,0.0
15,independent,D,ATM_call,1.1124,4.1124,-0.1475,True,True,1.0186,0.00514552,-0.00971177,1.8874,0.0
15,independent,D,OTM_call_1.10,1.116,4.116,-0.1393,True,True,1.0211,0.00514766,-0.00991096,1.9253,0.0
15,independent,D,OTM_call_1.25,1.1059,4.1059,-0.1266,True,True,1.0244,0.004723,-0.0090812,1.9228,0.0
15,independent,D,OTM_put_0.90,0.5472,3.5472,0.0345,False,False,1.0159,0.00422042,-0.00894382,2.1192,0.0
16,coupled,A,ATM_call,-0.419,2.581,-0.0014,False,False,0.9875,4.236e-05,-0.00035614,8.4075,0.0
16,coupled,A,OTM_call_1.10,-0.4153,2.5847,0.0028,False,False,0.988,3.997e-05,-0.0003641,9.1086,0.0
16,coupled,A,OTM_call_1.25,-0.3514,2.6486,-0.0454,False,False,0.9881,3.385e-05,-0.00033246,9.8225,0.0
16,coupled,A,OTM_put_0.90,0.1809,3.1809,-0.0071,False,False,0.997,2.039e-05,-0.00031029,15.221,0.0
16,independent,A,ATM_call,0.3685,3.3685,-0.0628,False,False,1.0249,0.00501537,-0.00069265,0.1381,0.0
16,independent,A,OTM_call_1.10,0.4824,3.4824,-0.0678,False,False,1.034,0.00509817,-0.00065093,0.1277,0.0
16,independent,A,OTM_call_1.25,0.6018,3.6018,-0.069,False,False,1.035,0.00473035,-0.00055326,0.117,0.0
16,independent,A,OTM_put_0.90,0.7733,3.7733,-0.2302,False,False,0.9691,0.00445287,-0.00014354,0.0322,0.0
16,coupled,B,ATM_call,-0.4068,2.5932,-0.0447,False,False,0.9775,0.00021844,-0.00178031,8.1502,0.0
16,coupled,B,OTM_call_1.10,-0.4157,2.5843,-0.0409,False,False,0.979,0.000206,-0.00182073,8.8384,0.0
16,coupled,B,OTM_call_1.25,-0.3229,2.6771,-0.0827,False,False,0.9798,0.00017463,-0.00166518,9.5352,0.0
16,coupled,B,OTM_put_0.90,0.0456,3.0456,0.1541,False,False,1.0006,9.868e-05,-0.00155251,15.733,0.0
16,independent,B,ATM_call,0.3624,3.3624,-0.0615,False,False,1.0129,0.00503083,-0.00210919,0.4193,0.0
16,independent,B,OTM_call_1.10,0.4761,3.4761,-0.0649,False,False,1.0153,0.0051176,-0.00210085,0.4105,0.0
16,independent,B,OTM_call_1.25,0.5954,3.5954,-0.0657,False,False,1.0175,0.00475768,-0.00188101,0.3954,0.0
16,independent,B,OTM_put_0.90,0.7542,3.7542,-0.2218,False,False,0.9945,0.00445849,-0.00138102,0.3098,0.0
16,coupled,C,ATM_call,-0.0073,2.9927,-0.3784,False,False,0.9801,0.00042012,-0.00353991,8.4259,0.0
16,coupled,C,OTM_call_1.10,-0.0272,2.9728,-0.3666,False,False,0.9813,0.00039745,-0.00362519,9.1211,0.0
16,coupled,C,OTM_call_1.25,0.0999,3.0999,-0.3951,False,False,0.982,0.00033871,-0.00332434,9.8147,0.0
16,coupled,C,OTM_put_0.90,0.0835,3.0835,0.2046,False,False,0.9997,0.0001889,-0.00313488,16.5959,0.0
16,independent,C,ATM_call,0.352,3.352,-0.065,False,False,0.9858,0.00504504,-0.00387328,0.7677,0.0
16,independent,C,OTM_call_1.10,0.4651,3.4651,-0.0665,False,False,0.9933,0.00513823,-0.00391028,0.761,0.0
16,independent,C,OTM_call_1.25,0.5838,3.5838,-0.0673,False,False,0.999,0.00478992,-0.0035453,0.7402,0.0
16,independent,C,OTM_put_0.90,0.7349,3.7349,-0.2115,False,False,1.0235,0.00445869,-0.00296131,0.6642,0.0
16,coupled,D,ATM_call,0.9083,3.9083,-0.6521,False,True,0.9722,0.00086513,-0.01029997,11.9057,0.0
16,coupled,D,OTM_call_1.10,0.8922,3.8922,-0.6234,True,True,0.9739,0.00082269,-0.01056039,12.8364,0.0
16,coupled,D,OTM_call_1.25,0.9963,3.9963,-0.6212,True,True,0.975,0.00071885,-0.0097453,13.5568,0.0
16,coupled,D,OTM_put_0.90,0.3142,3.3142,0.3791,False,False,0.9975,0.00054646,-0.00931853,17.0525,0.0
16,independent,D,ATM_call,0.2851,3.2851,-0.1343,False,False,0.9827,0.0051892,-0.01057999,2.0388,0.0
16,independent,D,OTM_call_1.10,0.3956,3.3956,-0.1278,False,False,0.9845,0.00529213,-0.01079871,2.0405,0.0
16,independent,D,OTM_call_1.25,0.5132,3.5132,-0.1252,False,False,0.9857,0.00496667,-0.00992822,1.999,0.0
16,independent,D,OTM_put_0.90,0.6047,3.6047,-0.178,False,False,0.9925,0.00441276,-0.00917162,2.0784,0.0
17,coupled,A,ATM_call,0.0783,3.0783,-0.1721,False,False,0.9968,3.803e-05,-0.00033861,8.904,0.0
17,coupled,A,OTM_call_1.10,0.079,3.079,-0.1862,False,False,0.999,3.695e-05,-0.00034868,9.4365,0.0
17,coupled,A,OTM_call_1.25,0.1902,3.1902,-0.2449,False,False,1.0004,3.138e-05,-0.00031623,10.0762,0.0
17,coupled,A,OTM_put_0.90,-0.3104,2.6896,-0.0598,False,False,1.0116,2.254e-05,-0.00031238,13.8618,0.0
17,independent,A,ATM_call,-0.1034,2.8966,0.0368,False,False,1.0077,0.00393859,-0.0002486,0.0631,0.0
17,independent,A,OTM_call_1.10,-0.0048,2.9952,0.0942,False,False,1.0045,0.00383977,-0.00026121,0.068,0.0
17,independent,A,OTM_call_1.25,0.0814,3.0814,0.1596,False,False,0.9951,0.00339009,-0.00024069,0.071,0.0
17,independent,A,OTM_put_0.90,0.4244,3.4244,0.2703,True,True,0.9335,0.00329303,-0.00023639,0.0718,0.0
17,coupled,B,ATM_call,-0.2854,2.7146,-0.0734,False,False,1.0006,0.00018538,-0.00168454,9.0867,0.0
17,coupled,B,OTM_call_1.10,-0.2734,2.7266,-0.0957,False,False,1.0025,0.00018044,-0.00173407,9.61,0.0
17,coupled,B,OTM_call_1.25,-0.1561,2.8439,-0.151,False,False,1.0036,0.00015361,-0.00157487,10.2524,0.0
17,coupled,B,OTM_put_0.90,-0.3492,2.6508,-0.1001,False,False,1.0115,0.00011031,-0.00155617,14.1074,0.0
17,independent,B,ATM_call,-0.0981,2.9019,0.0453,False,False,0.9826,0.00394757,-0.00157534,0.3991,0.0
17,independent,B,OTM_call_1.10,0.0028,3.0028,0.1011,False,False,0.9835,0.00385035,-0.00162909,0.4231,0.0
17,independent,B,OTM_call_1.25,0.0923,3.0923,0.1637,False,False,0.9964,0.0034041,-0.001484,0.4359,0.0
17,independent,B,OTM_put_0.90,0.4162,3.4162,0.271,False,True,0.9896,0.00329226,-0.00148546,0.4512,0.0
17,coupled,C,ATM_call,-0.5328,2.4672,-0.0211,False,False,0.9942,0.00036827,-0.00334209,9.0752,0.0
17,coupled,C,OTM_call_1.10,-0.5144,2.4856,-0.0481,False,False,0.9966,0.00035843,-0.00343844,9.5931,0.0
17,coupled,C,OTM_call_1.25,-0.4425,2.5575,-0.0966,False,False,0.9979,0.00030667,-0.00312731,10.1977,0.0
17,coupled,C,OTM_put_0.90,-0.1993,2.8007,-0.1817,False,False,1.0144,0.00020966,-0.00308637,14.7211,0.0
17,independent,C,ATM_call,-0.0848,2.9152,0.0503,False,False,0.9718,0.00395324,-0.00320138,0.8098,0.0
17,independent,C,OTM_call_1.10,0.0172,3.0172,0.1045,False,False,0.985,0.00385688,-0.00330507,0.8569,0.0
17,independent,C,OTM_call_1.25,0.1084,3.1084,0.1638,False,False,1.012,0.00341443,-0.00301289,0.8824,0.0
17,independent,C,OTM_put_0.90,0.4141,3.4141,0.2679,True,True,1.0632,0.00329702,-0.00302924,0.9188,0.0
17,coupled,D,ATM_call,-0.0787,2.9213,-0.0072,False,False,0.9861,0.00094573,-0.00989112,10.4587,0.0
17,coupled,D,OTM_call_1.10,-0.1171,2.8829,-0.0367,False,False,0.9881,0.00090886,-0.01017642,11.1969,0.0
17,coupled,D,OTM_call_1.25,-0.0813,2.9187,-0.085,False,False,0.989,0.00078606,-0.00932451,11.8623,0.0
17,coupled,D,OTM_put_0.90,0.3866,3.3866,-0.3583,False,False,1.005,0.00053557,-0.00916099,17.1051,0.0
17,independent,D,ATM_call,-0.0888,2.9112,0.0341,False,False,0.9765,0.00397439,-0.00965336,2.4289,0.0
17,independent,D,OTM_call_1.10,0.0047,3.0047,0.0824,False,False,0.9844,0.00388674,-0.00995702,2.5618,0.0
17,independent,D,OTM_call_1.25,0.0953,3.0953,0.133,False,False,0.995,0.00346357,-0.00913895,2.6386,0.0
17,independent,D,OTM_put_0.90,0.4402,3.4402,0.2145,True,True,1.0181,0.00326283,-0.00915833,2.8069,0.0
18,coupled,A,ATM_call,-1.6384,1.3616,-0.0966,True,True,0.9685,8.813e-05,-0.00038081,4.3211,0.0
18,coupled,A,OTM_call_1.10,-1.6249,1.3751,-0.095,True,True,0.971,8.28e-05,-0.00038573,4.6589,0.0
18,coupled,A,OTM_call_1.25,-1.5926,1.4074,-0.1005,True,True,0.9709,7.059e-05,-0.00034773,4.9259,0.0
18,coupled,A,OTM_put_0.90,-0.1884,2.8116,-0.0469,False,False,1.0034,2.422e-05,-0.00029575,12.2115,0.0
18,independent,A,ATM_call,-0.3692,2.6308,-0.0012,False,False,1.025,0.00412806,-0.0002325,0.0563,0.0
18,independent,A,OTM_call_1.10,-0.2844,2.7156,-0.0144,False,False,1.0218,0.00402607,-0.00024834,0.0617,0.0
18,independent,A,OTM_call_1.25,-0.1318,2.8682,-0.041,False,False,1.0196,0.00354095,-0.00022503,0.0636,0.0
18,independent,A,OTM_put_0.90,-0.2529,2.7471,-0.0517,False,False,1.0156,0.00349788,-5.73e-06,0.0016,0.0
18,coupled,B,ATM_call,-1.2754,1.7246,-0.4765,True,True,0.9807,0.00039653,-0.0018257,4.6042,0.0
18,coupled,B,OTM_call_1.10,-1.2652,1.7348,-0.4686,True,True,0.9823,0.00037363,-0.00185733,4.971,0.0
18,coupled,B,OTM_call_1.25,-1.2369,1.7631,-0.4656,True,True,0.9816,0.00031915,-0.00168063,5.266,0.0
18,coupled,B,OTM_put_0.90,-0.1412,2.8588,0.1847,False,False,1.0021,0.00011082,-0.00151045,13.6292,0.0
18,independent,B,ATM_call,-0.3425,2.6575,0.0096,False,False,1.0901,0.00397364,-0.00169541,0.4267,0.0
18,independent,B,OTM_call_1.10,-0.2557,2.7443,-0.0043,False,False,1.1117,0.00388201,-0.00173483,0.4469,0.0
18,independent,B,OTM_call_1.25,-0.0996,2.9004,-0.0322,False,False,1.1332,0.00342479,-0.00156914,0.4582,0.0
18,independent,B,OTM_put_0.90,-0.2587,2.7413,-0.0444,False,False,1.1029,0.00352004,-0.0012109,0.344,0.0
18,coupled,C,ATM_call,-0.4878,2.5122,-0.8327,True,True,0.9883,0.00073946,-0.00352867,4.7719,0.0
18,coupled,C,OTM_call_1.10,-0.4746,2.5254,-0.825,True,True,0.9894,0.00070047,-0.00360491,5.1464,0.0
18,coupled,C,OTM_call_1.25,-0.4749,2.5251,-0.8105,True,True,0.9884,0.00060049,-0.00327545,5.4546,0.0
18,coupled,C,OTM_put_0.90,-0.0895,2.9105,0.3011,True,True,1.0009,0.00019982,-0.00308418,15.4351,0.0
18,independent,C,ATM_call,-0.3287,2.6713,0.0164,False,False,1.1575,0.0038953,-0.00341408,0.8765,0.0
18,independent,C,OTM_call_1.10,-0.2315,2.7685,0.0025,False,False,1.1742,0.00380459,-0.00349413,0.9184,0.0
18,independent,C,OTM_call_1.25,-0.0636,2.9364,-0.0261,False,False,1.1907,0.003362,-0.0031718,0.9434,0.0
18,independent,C,OTM_put_0.90,-0.2743,2.7257,-0.0326,False,False,1.1274,0.00352806,-0.00276788,0.7845,0.0
18,coupled,D,ATM_call,0.4568,3.4568,-0.7656,True,True,0.994,0.00123051,-0.00996365,8.0972,0.0
18,coupled,D,OTM_call_1.10,0.4103,3.4103,-0.7154,True,True,0.9947,0.00118539,-0.01025399,8.6503,0.0
18,coupled,D,OTM_call_1.25,0.2767,3.2767,-0.6405,True,True,0.9935,0.00103288,-0.00942178,9.1219,0.0
18,coupled,D,OTM_put_0.90,-0.0315,2.9685,0.3719,False,False,0.9995,0.00051009,-0.00955261,18.7274,0.0
18,independent,D,ATM_call,-0.2354,2.7646,0.0131,False,False,1.0798,0.00395877,-0.00978611,2.472,0.0
18,independent,D,OTM_call_1.10,-0.1316,2.8684,0.0018,False,False,1.0787,0.00385909,-0.01007418,2.6105,0.0
18,independent,D,OTM_call_1.25,0.0394,3.0394,-0.0286,False,False,1.0778,0.00343304,-0.00924914,2.6942,0.0
18,independent,D,OTM_put_0.90,-0.3595,2.6405,0.0135,False,False,1.0754,0.00346495,-0.00921688,2.66,0.0
19,coupled,A,ATM_call,0.599,3.599,-0.0343,False,False,1.0155,3.612e-05,-0.00037295,10.324,0.0
19,coupled,A,OTM_call_1.10,0.5709,3.5709,0.0182,False,False,1.0145,3.519e-05,-0.00038126,10.8341,0.0
19,coupled,A,OTM_call_1.25,0.5464,3.5464,0.0605,False,False,1.0144,3.051e-05,-0.00034762,11.394,0.0
19,coupled,A,OTM_put_0.90,-0.2761,2.7239,0.5244,True,True,0.9938,2.394e-05,-0.00032576,13.6096,0.0
19,independent,A,ATM_call,-0.1187,2.8813,0.0668,False,False,1.045,0.00461471,-1.261e-05,0.0027,0.0
19,independent,A,OTM_call_1.10,-0.1803,2.8197,0.0589,False,False,1.0582,0.00464678,4.146e-05,0.0089,0.0
19,independent,A,OTM_call_1.25,-0.2154,2.7846,0.0605,False,False,1.0657,0.00424552,0.00012353,0.0291,0.0
19,independent,A,OTM_put_0.90,-0.3675,2.6325,-0.0729,False,False,1.0207,0.00441076,-0.00012395,0.0281,0.0
19,coupled,B,ATM_call,-0.0592,2.9408,0.1353,False,False,1.0251,0.00020508,-0.00183542,8.9499,0.0
19,coupled,B,OTM_call_1.10,-0.1101,2.8899,0.1757,False,False,1.0233,0.00019883,-0.0018783,9.4468,0.0
19,coupled,B,OTM_call_1.25,-0.1791,2.8209,0.2072,False,False,1.0223,0.00017144,-0.00171718,10.0163,0.0
19,coupled,B,OTM_put_0.90,-0.2948,2.7052,0.4372,False,True,0.9937,0.00012192,-0.00162681,13.3428,0.0
19,independent,B,ATM_call,-0.1032,2.8968,0.0516,False,False,1.0904,0.00459996,-0.00149254,0.3245,0.0
19,independent,B,OTM_call_1.10,-0.1693,2.8307,0.0465,False,False,1.1002,0.00463229,-0.0014724,0.3179,0.0
19,independent,B,OTM_call_1.25,-0.2077,2.7923,0.0512,False,False,1.1265,0.00423982,-0.00125949,0.2971,0.0
19,independent,B,OTM_put_0.90,-0.3616,2.6384,-0.0718,False,False,1.0615,0.00440903,-0.00141374,0.3206,0.0
19,coupled,C,ATM_call,-0.1705,2.8295,0.1401,False,True,1.0235,0.00040615,-0.00362868,8.9343,0.0
19,coupled,C,OTM_call_1.10,-0.2414,2.7586,0.1699,False,True,1.0218,0.00039576,-0.00371676,9.3914,0.0
19,coupled,C,OTM_call_1.25,-0.326,2.674,0.1991,False,False,1.0207,0.00034198,-0.00340726,9.9634,0.0
19,coupled,C,OTM_put_0.90,-0.4224,2.5776,0.2021,False,False,0.9926,0.00025452,-0.00325604,12.7931,0.0
19,independent,C,ATM_call,-0.0846,2.9154,0.0308,False,False,1.1049,0.00455621,-0.00328278,0.7205,0.0
19,independent,C,OTM_call_1.10,-0.1575,2.8425,0.0284,False,False,1.1112,0.00459029,-0.00330798,0.7206,0.0
19,independent,C,OTM_call_1.25,-0.2009,2.7991,0.036,False,False,1.1276,0.00421249,-0.00294634,0.6994,0.0
19,independent,C,OTM_put_0.90,-0.3618,2.6382,-0.0676,False,False,1.1195,0.00439947,-0.00302584,0.6878,0.0
19,coupled,D,ATM_call,0.162,3.162,-0.1781,False,False,0.995,0.00089525,-0.01030489,11.5107,0.0
19,coupled,D,OTM_call_1.10,0.0698,3.0698,-0.1482,False,False,0.995,0.00088064,-0.0105974,12.0338,0.0
19,coupled,D,OTM_call_1.25,-0.0183,2.9817,-0.1168,False,False,0.9957,0.0007895,-0.00981454,12.4313,0.0
19,coupled,D,OTM_put_0.90,-0.5959,2.4041,-0.112,False,False,0.9877,0.00066253,-0.00965861,14.5784,0.0
19,independent,D,ATM_call,0.021,3.021,-0.0388,False,False,1.1205,0.00447953,-0.00978464,2.1843,0.0
19,independent,D,OTM_call_1.10,-0.0992,2.9008,-0.0298,False,False,1.1178,0.00452816,-0.01002063,2.213,0.0
19,independent,D,OTM_call_1.25,-0.1738,2.8262,-0.0134,False,False,1.1187,0.0041973,-0.00920847,2.1939,0.0
19,independent,D,OTM_put_0.90,-0.3958,2.6042,-0.0574,False,False,1.0975,0.00441961,-0.00933047,2.1112,0.0
