cell_id,pair,config_id,block,family,knob,s_cal,bin,ratio_V1,V2_median,V2_q10,V2_q90,err_folded,err_naive,lillie_p,ex_kurt,se_floor_eval,se_floor_sigma,se_floor_pred,theta,k,s_target,bisect,anchor,y0,width,strike,instrument,mu_hat,sigma_hat,theory_mr,empirical_mr,n_cal,n_eval
P1-I-bfly_w0.25,P1,Exp01-C,Exp01,I,bfly_w0.25,1.7285517849031655,OUT,1.0192850626877534,1.0410504758293402,0.9548798559322003,1.1092415681778083,0.01892018572007779,0.03790337965126474,0.7791833944192061,0.3267689309293802,0.10684533932698201,0.05773502691896257,0.12144653090653211,,,,,,0.367638565172712,0.25,,butterfly,0.00032112462069671944,0.00018577668514264907,0.0003274607524550402,0.00033377585359391454,150,50
P1-I-dig_K+0.368,P1,Exp01-C,Exp01,I,dig_K+0.368,8.545766169997385,OUT,0.9800801942468942,0.9910511763957612,0.9746055848170669,1.0139780566635115,0.020324669215882323,0.020324669215882323,0.7856253635539038,0.3890450393101763,0.10684533932698201,0.05773502691896257,0.12144653090653211,,,,,,0.367638565172712,,0.367638565172712,digital,-0.004917674464270176,0.0005754515588707806,0.004917674464270176,0.004819715344184905,150,50
P1-I-bfly_w0.50,P1,Exp01-C,Exp01,I,bfly_w0.50,9.161726387149901,OUT,1.0097669644717695,0.9966962838353609,0.9804615229045266,1.0172232533546095,0.009672493570710865,0.009672493570710865,0.47703875356521075,0.5624627590070137,0.10684533932698201,0.05773502691896257,0.12144653090653211,,,,,,0.367638565172712,0.5,,butterfly,0.0018126605993325766,0.00019785142261779251,0.0018126605993325766,0.0018303647910056342,150,50
P1-I-dig_K-0.361,P1,Exp01-C,Exp01,I,dig_K-0.361,9.24392605214475,OUT,1.0089193899805926,0.9912401139367165,0.9778028953706024,1.015996834794418,0.008840537776525546,0.008840537776525546,0.07610576318939366,0.3146399590092379,0.10684533932698201,0.05773502691896257,0.12144653090653211,,,,,,0.367638565172712,,-0.3611883806275491,digital,0.006866962039751567,0.0007428620697542592,0.006866962039751567,0.006928211152166037,150,50
P1-I-bfly_w1.00,P1,Exp01-C,Exp01,I,bfly_w1.00,10.15829088153558,OUT,1.0087874398793135,0.9923481978715052,0.9815353674054208,1.0132994678434666,0.008710893427028368,0.008710893427028368,0.019993873244351215,0.5310190665871652,0.10684533932698201,0.05773502691896257,0.12144653090653211,,,,,,0.367638565172712,1.0,,butterfly,0.00408444944705592,0.0004020803789424952,0.00408444944705592,0.004120341301012019,150,50
P1-R-th0.05_k2,P1,Exp01-C,Exp01,R,th0.05_k2,0.05000000000000062,B1,0.8992951555554273,1.026737725698391,0.8516391352342196,1.1488654580168212,0.11198197146116601,0.9304038408158974,0.7108626033893327,0.5819551510873877,0.10684533932698201,0.05773502691896257,0.12144653090653211,1.5686608904853563,2.0,0.05,,,,,,,7.182691175265993e-06,0.00014365382350531807,0.00011476241199375593,0.00010320528114584078,150,50
P1-R-th0.05_k1,P1,Exp01-C,Exp01,R,th0.05_k1,0.05000000000000121,B1,0.9561958609141485,0.9972139015681882,0.8655275404123912,1.2018668878417533,0.04581084365286165,0.9345453255364511,0.919049886647279,-0.10069938805850365,0.10684533932698201,0.05773502691896257,0.12144653090653211,1.5690202751173332,1.0,0.05,,,,,,,5.973876927647436e-06,0.00011947753855294583,9.5448420159213e-05,9.126738428703404e-05,150,50
P1-R-th0.15_k1,P1,Exp01-C,Exp01,R,th0.15_k1,0.14999999999999852,B1,0.9512766120614465,1.005554058695002,0.8613301382196353,1.1983967238099174,0.05121894864309592,0.8045683573876977,0.9001098973379043,-0.0952605688173378,0.10684533932698201,0.05773502691896257,0.12144653090653211,1.565502460306678,1.0,0.15,,,,,,,1.7806225000622197e-05,0.00011870816667081582,9.577896841193601e-05,9.11122925776468e-05,150,50
P1-R-th0.15_k2,P1,Exp01-C,Exp01,R,th0.15_k2,0.1500000000000381,B1,0.8645017437021603,1.0240336867172695,0.8362167855718887,1.1321192106637845,0.15673566569985065,0.7849517919099394,0.6920545454533604,0.5683860196008625,0.10684533932698201,0.05773502691896257,0.12144653090653211,1.5643869599092222,2.0,0.15,,,,,,,2.155822796282415e-05,0.0001437215197521245,0.00011596084150323646,0.00010024834968071775,150,50
P1-R-th0.2000_k1_bisect,P1,Exp01-C,Exp01,R,th0.2000_k1_bisect,0.19999999999999554,B1,0.9519836289489321,1.0191942053288319,0.8587348591327931,1.195940183970127,0.05043823190959902,0.7418402359419303,0.9181966407599956,-0.09248531777634694,0.10684533932698201,0.05773502691896257,0.12144653090653211,1.5637603440618468,1.0,0.2,True,,,,,,2.3665848658110174e-05,0.0001183292432905535,9.629506872137355e-05,9.167132897125999e-05,150,50
P1-R-th0.2000_k2_bisect,P1,Exp01-C,Exp01,R,th0.2000_k2_bisect,0.20000000000000123,B1,0.8483460887577875,1.0195858714145105,0.8378882086503147,1.1365341968455986,0.1787642016058277,0.7103023491315035,0.6829111442952189,0.5615419738628264,0.10684533932698201,0.05773502691896257,0.12144653090653211,1.5622481755522828,2.0,0.2,True,,,,,,2.8751983444172512e-05,0.00014375991722086168,0.0001169902783386346,9.924824505126557e-05,150,50
P1-R-th0.25_k1,P1,Exp01-C,Exp01,R,th0.25_k1,0.24999999999998,B1,0.9528716080476064,1.0253716914042281,0.8544000506635298,1.2006547478362497,0.04945933067410595,0.6810888364411319,0.9362658698466216,-0.08967411980394902,0.10684533932698201,0.05773502691896257,0.12144653090653211,1.5620291914319486,1.0,0.25,,,,,,,2.9488524986623424e-05,0.00011795409994650314,9.703958729345623e-05,9.246626758859171e-05,150,50
P1-R-th0.25_k2,P1,Exp01-C,Exp01,R,th0.25_k2,0.25000000000000083,B2,0.8355763549279529,1.0139615699977438,0.8406822419216616,1.1438554047295917,0.19677871938612296,0.6363212153473423,0.6739412201164676,0.5546617295122203,0.10684533932698201,0.05773502691896257,0.12144653090653211,1.5601079845284398,2.0,0.25,,,,,,,3.5950338559609255e-05,0.00014380135423843653,0.00011830384932670366,9.88518991943528e-05,150,50
P1-R-th0.3250_k2_bisect,P1,Exp01-C,Exp01,R,th0.3250_k2_bisect,0.3249999999999989,B2,0.8214293823767952,1.0093547501595541,0.8362089892594177,1.1493275633490294,0.21739010249001942,0.5287928982639728,0.6608112035651648,0.5442792067054527,0.10684533932698201,0.05773502691896257,0.12144653090653211,1.5568947410796374,2.0,0.325,True,,,,,,4.675749701086239e-05,0.00014386922157188476,0.00012080062857396964,9.922918572024452e-05,150,50
P1-R-th0.3250_k1_bisect,P1,Exp01-C,Exp01,R,th0.3250_k1_bisect,0.3249999999999998,B2,0.9507196813600869,1.0275094643436753,0.8490274312405132,1.212265187109801,0.05183475172136269,0.5928733083585082,0.9380138945148853,-0.08539203015119945,0.10684533932698201,0.05773502691896257,0.12144653090653211,1.5594526497187142,1.0,0.325,True,,,,,,3.815447146789868e-05,0.00011739837374738062,9.857422725512846e-05,9.371645792631252e-05,150,50
P1-R-th0.40_k2,P1,Exp01-C,Exp01,R,th0.40_k2,0.40000000000000036,B2,0.8119693810674576,1.0094677927634423,0.8411210872448491,1.1535144290892747,0.23157353382629703,0.4277591015902472,0.701139411850262,0.5338299933567394,0.10684533932698201,0.05773502691896257,0.12144653090653211,1.5536775095167887,2.0,0.4,,,,,,,5.757758504350505e-05,0.0001439439626087625,0.0001239181437018468,0.00010061773844461682,150,50
P1-R-th0.40_k1,P1,Exp01-C,Exp01,R,th0.40_k1,0.4000000000000012,B2,0.9503763451779058,1.0313069263639607,0.8527998257422043,1.2054962841534596,0.05221474111164335,0.5110967455568614,0.9004044362861888,-0.08103448769211319,0.10684533932698201,0.05773502691896257,0.12144653090653211,1.5568998362585718,1.0,0.4,,,,,,,4.6740360658211036e-05,0.00011685090164552724,0.00010059433240112395,9.560247397299158e-05,150,50
P1-R-th0.60_k1,P1,Exp01-C,Exp01,R,th0.60_k1,0.5999999999999971,B3,0.9442280693322707,1.0611969524610898,0.9053731742000475,1.1851822561729288,0.05906616471078805,0.32208590866057496,0.740355574360875,-0.06907038682318634,0.10684533932698201,0.05773502691896257,0.12144653090653211,1.5502042275925898,1.0,0.6,,,,,,,6.925814095250576e-05,0.00011543023492084349,0.00010819800716731868,0.00010216359541319651,150,50
P1-R-th0.60_k2,P1,Exp01-C,Exp01,R,th0.60_k2,0.6000000000000065,B3,0.795210666589125,0.97988312013422,0.8457611755974254,1.1345256383201172,0.2575284034974935,0.1950491353641421,0.801216416113669,0.5057076935956442,0.10684533932698201,0.05773502691896257,0.12144653090653211,1.545074936138806,2.0,0.6,,,,,,,8.650624446205652e-05,0.00014417707410342595,0.0001351437264933498,0.00010746773283011509,150,50
P1-R-th0.80_k2,P1,Exp01-C,Exp01,R,th0.80_k2,0.8000000000000008,B3,0.8082433535976012,0.9622071789161257,0.8317421354482473,1.1083770956313226,0.2372511268405286,0.0486475033595421,0.7861967944183869,0.477347241839742,0.10684533932698201,0.05773502691896257,0.12144653090653211,1.536430906850367,2.0,0.8,,,,,,,0.0001155678598531124,0.00014445982481639037,0.0001502980917533137,0.00012147743371801825,150,50
P1-R-th0.80_k1,P1,Exp01-C,Exp01,R,th0.80_k1,0.8000000000000019,B3,0.9383039611306051,1.0734577920266632,0.8951408684128862,1.1725271251126768,0.06575272131970383,0.18051680032169634,0.5172296580609577,-0.05665529858802065,0.10684533932698201,0.05773502691896257,0.12144653090653211,1.5436636086255235,1.0,0.8,,,,,,,9.125169009557588e-05,0.00011406461261946958,0.00011867447323210458,0.0001113527283187717,150,50
P1-R-th1.00_k2,P1,Exp01-C,Exp01,R,th1.00_k2,1.000000000000001,OUT,0.8365049749155942,0.9709373201653115,0.840558808742057,1.1019146341259447,0.195450152703399,0.024702937759384223,0.6104495350261078,0.4489239663793638,0.10684533932698201,0.05773502691896257,0.12144653090653211,1.5277356633056112,2.0,1.0,,,,,,,0.00014479294356980617,0.000144792943569806,0.0001689199280323955,0.00014130236016148296,150,50
P1-R-th1.00_k1,P1,Exp01-C,Exp01,R,th1.00_k1,1.0000000000000018,OUT,0.9504820395990147,1.0716426280836306,0.9245953184952844,1.180154368219707,0.05209773392654083,0.09817432677847522,0.3253348125846167,-0.043851835063215105,0.10684533932698201,0.05773502691896257,0.12144653090653211,1.5372686771212878,1.0,1.0,,,,,,,0.0001127515816623357,0.00011275158166233552,0.0001315394838337425,0.0001250259168820972,150,50
P1-R-theta0,P1,Exp01-C,Exp01,R,theta0,9.888944309666082,OUT,0.9970041084004649,0.9924211068813279,0.9776389234258174,1.0133598874799719,0.0030048939360354755,0.0030048939360354755,0.4739527032975291,0.8630492764041588,0.10684533932698201,0.05773502691896257,0.12144653090653211,0.0,0.0,,,theta0,,,,,0.0033635733372762793,0.0003401347233787644,0.0033635733372762793,0.0033534964361707133,150,50
P2-I-bfly_w0.25,P2,Exp05ax-kappa4,Exp05_axis,I,bfly_w0.25,1.1850000510193643,OUT,0.9692414947122331,1.0722458199388283,0.9268225323048037,1.2091892763641507,0.03173461459870652,0.060041020078923084,0.6239003446226364,-0.33588573790766896,0.10684533932698201,0.05773502691896257,0.12144653090653211,,,,,,0.402638524109685,0.25,,butterfly,0.0006094060194034255,0.0005142666608994661,0.0006689071523271338,0.0006483325681452545,150,50
P2-I-dig_K+0.403,P2,Exp05ax-kappa4,Exp05_axis,I,dig_K+0.403,4.9779355483056476,OUT,0.9628434578000049,0.9925322735209846,0.944047473738732,1.0303381501477549,0.03859042910764937,0.03859040400338403,0.21027501568185067,0.42803199904017974,0.10684533932698201,0.05773502691896257,0.12144653090653211,,,,,,0.402638524109685,,0.402638524109685,digital,-0.007426721283337114,0.0014919279711978124,0.007426721462851946,0.007150770173409878,150,50
P2-I-bfly_w0.50,P2,Exp05ax-kappa4,Exp05_axis,I,bfly_w0.50,5.2306980296977015,OUT,0.9995799171351506,1.0048898823366579,0.9668618541634143,1.0353729554413789,0.0004202594086257363,0.0004202536195291693,0.8111844299444964,0.09364325608753443,0.10684533932698201,0.05773502691896257,0.12144653090653211,,,,,,0.402638524109685,0.5,,butterfly,0.00303126602526008,0.0005795146284587311,0.003031266042801,0.0030299926598776196,150,50
P2-I-dig_K-0.266,P2,Exp05ax-kappa4,Exp05_axis,I,dig_K-0.266,5.582319595446761,OUT,1.0062238604510787,0.9937315801842785,0.9657713563018933,1.0261972413994827,0.006185363611123792,0.006185364325796532,0.18285251679411565,1.4422377965487687,0.10684533932698201,0.05773502691896257,0.12144653090653211,,,,,,0.402638524109685,,-0.2659341807007947,digital,0.00957204644518448,0.0017147077091379636,0.009572046452067938,0.00963162153341685,150,50
P2-I-bfly_w1.00,P2,Exp05ax-kappa4,Exp05_axis,I,bfly_w1.00,6.201705108984661,OUT,1.0027089984035396,0.9931417994103544,0.967412308740787,1.0228196701988796,0.0027016795579302235,0.002701679571742924,0.9655022972702987,1.2955661970580916,0.10684533932698201,0.05773502691896257,0.12144653090653211,,,,,,0.402638524109685,1.0,,butterfly,0.00580814239851235,0.0009365395961987711,0.005808142398592794,0.005823876647078112,150,50
P2-R-th0.05_k2,P2,Exp05ax-kappa4,Exp05_axis,R,th0.05_k2,0.049999999999999344,B1,0.992721178971454,0.9610856748635137,0.8578840116451157,1.1671483359031571,0.007332190732636107,0.936953607795119,0.371574086757954,0.19090187861904973,0.10684533932698201,0.05773502691896257,0.12144653090653211,1.5668715791902512,2.0,0.05,,,,,,,1.9863610712862476e-05,0.00039727221425725473,0.00031737350537401415,0.0003150634004291944,150,50
P2-R-th0.05_k1,P2,Exp05ax-kappa4,Exp05_axis,R,th0.05_k1,0.050000000000001515,B1,1.0220329215181987,1.0171011271706876,0.9411114983212298,1.1619388684332181,0.021557937180212833,0.9387617683522786,0.9346588554559494,-0.1207143427493933,0.10684533932698201,0.05773502691896257,0.12144653090653211,1.567090795217338,1.0,0.05,,,,,,,1.8754137762492996e-05,0.00037508275524984855,0.00029964675244542095,0.00030624884582523403,150,50
P2-R-th0.15_k2,P2,Exp05ax-kappa4,Exp05_axis,R,th0.15_k2,0.15000000000000188,B1,0.9866751973523543,0.9646044825612599,0.8477046651432628,1.1454629872659303,0.013504750786683933,0.8115797869727459,0.4659404153861245,0.19164316983133345,0.10684533932698201,0.05773502691896257,0.12144653090653211,1.5589472806930424,2.0,0.15,,,,,,,5.996817108595278e-05,0.00039978780723968013,0.000322566381361699,0.0003182682479892891,150,50
P2-R-th0.15_k1,P2,Exp05ax-kappa4,Exp05_axis,R,th0.15_k1,0.15000000000000557,B1,1.004625273651078,0.9936865448706281,0.9279727012094685,1.1165850097980596,0.004603978988372827,0.8149463727921181,0.9665022348624132,-0.1076234247422776,0.10684533932698201,0.05773502691896257,0.12144653090653211,1.5595801004313161,1.0,0.15,,,,,,,5.676560053986863e-05,0.00037843733693244345,0.00030533988314774315,0.0003067521636638896,150,50
P2-R-th0.2000_k1_bisect,P2,Exp05ax-kappa4,Exp05_axis,R,th0.2000_k1_bisect,0.19999999999999946,B1,0.9947524640034843,0.997113438824846,0.9105363786459406,1.0919728765055021,0.005275217892295,0.7529396730041725,0.9318543882449564,-0.10077265872058438,0.10684533932698201,0.05773502691896257,0.12144653090653211,1.555773026478202,1.0,0.2,True,,,,,,7.603203058135547e-05,0.00038016015290677843,0.0003093702539734622,0.00030774682242948526,150,50
P2-R-th0.2000_k2_bisect,P2,Exp05ax-kappa4,Exp05_axis,R,th0.2000_k2_bisect,0.200000000000011,B1,0.9839273052897587,0.9658849964473948,0.840593757910874,1.12066062346092,0.016335246134375783,0.7502215176717307,0.4950172697600004,0.1922397704422134,0.10684533932698201,0.05773502691896257,0.12144653090653211,1.5549459849234548,2.0,0.2,True,,,,,,8.021729738574826e-05,0.00040108648692871923,0.00032639988009708473,0.0003211537544708249,150,50
P2-R-th0.25_k1,P2,Exp05ax-kappa4,Exp05_axis,R,th0.25_k1,0.25000000000000033,B2,0.9829802213336586,0.997731548235158,0.8929854089819566,1.0935222746693485,0.017314467063487604,0.6908570623807629,0.9512703489943124,-0.09371808973119578,0.10684533932698201,0.05773502691896257,0.12144653090653211,1.5519301525041476,1.0,0.25,,,,,,,9.547851504208084e-05,0.0003819140601683228,0.00031419664765456196,0.00030884909025377487,150,50
P2-R-th0.25_k2,P2,Exp05ax-kappa4,Exp05_axis,R,th0.25_k2,0.25000000000000117,B2,0.9805908714518354,0.9681504580057303,0.8323825594175391,1.0947004261740367,0.019793299237456624,0.6901037914061166,0.541143964217779,0.1929938339580044,0.10684533932698201,0.05773502691896257,0.12144653090653211,1.5509173973729575,2.0,0.25,,,,,,,0.00010060323940314714,0.00040241295761258666,0.00033106087322081574,0.0003246352701752053,150,50
P2-R-th0.3250_k1_bisect,P2,Exp05ax-kappa4,Exp05_axis,R,th0.3250_k1_bisect,0.32500000000000007,B2,0.9625755552803859,0.9849623276304003,0.8800854551319272,1.088511264590859,0.038879487967791726,0.5978878162578738,0.9321076440111422,-0.08275405446893913,0.10684533932698201,0.05773502691896257,0.12144653090653211,1.546096478419356,1.0,0.325,True,,,,,,0.00012499645732959473,0.0003846044840910606,0.00032293539176031,0.00031084971404336933,150,50
P2-R-th0.3250_k2_bisect,P2,Exp05ax-kappa4,Exp05_axis,R,th0.3250_k2_bisect,0.3250000000000001,B2,0.9717610709098552,0.96738282293193,0.8230322517402631,1.059907497498943,0.0290595393615684,0.6016887585461925,0.6761127898969481,0.19443103272497364,0.10684533932698201,0.05773502691896257,0.12144653090653211,1.5448213256569179,2.0,0.325,True,,,,,,0.00013144810056482176,0.00040445569404560524,0.0003396035756446903,0.00033001353435330025,150,50
P2-R-th0.40_k1,P2,Exp05ax-kappa4,Exp05_axis,R,th0.40_k1,0.3999999999999998,B2,0.9532721427805569,0.9721513824795389,0.8847218270206849,1.071615544353881,0.04901838113421064,0.5125819089311069,0.9073869252994985,-0.07133181484905737,0.10684533932698201,0.05773502691896257,0.12144653090653211,1.5401763941152675,1.0,0.4,,,,,,,0.00015494727479517796,0.0003873681869879451,0.0003334766237550691,0.0003178939756942203,150,50
P2-R-th0.40_k2,P2,Exp05ax-kappa4,Exp05_axis,R,th0.40_k2,0.40000000000000047,B2,0.9700421467760896,0.9672521459546646,0.8201529513640232,1.0822242174050725,0.030883042889914177,0.521008350361395,0.574310391083996,0.19625000951372096,0.10684533932698201,0.05773502691896257,0.12144653090653211,1.5386585786592497,2.0,0.4,,,,,,,0.00016262535529914949,0.0004065633882478732,0.00035000134396566076,0.0003395160550749661,150,50
P2-R-th0.60_k2,P2,Exp05ax-kappa4,Exp05_axis,R,th0.60_k2,0.6000000000000005,B3,0.9932633211076072,0.9576726075915907,0.8292199520219669,1.0791768129885404,0.006782369538100542,0.3555530542245591,0.6731117810150957,0.20308438902233572,0.10684533932698201,0.05773502691896257,0.12144653090653211,1.5218730885618075,2.0,0.6,,,,,,,0.00024750815487020175,0.0004125135914503359,0.0003866677439837765,0.00038406288755451183,150,50
P2-R-th0.60_k1,P2,Exp05ax-kappa4,Exp05_axis,R,th0.60_k1,0.600000000000001,B3,0.953369671033075,0.9384290908037511,0.8986580023549221,1.108171704790256,0.04891106816561111,0.32858624195067154,0.5132343607447934,-0.03864266941789918,0.10684533932698201,0.05773502691896257,0.12144653090653211,1.5239383434220997,1.0,0.6,,,,,,,0.00023706761555946707,0.00039511269259911113,0.00037035709036764466,0.00035308721740856823,150,50
P2-R-th0.80_k1,P2,Exp05ax-kappa4,Exp05_axis,R,th0.80_k1,0.800000000000001,B3,0.9590541241891896,0.9333196015227587,0.8741156308540391,1.106694046426302,0.042694019845258696,0.19824719695751883,0.7103541095137479,-0.002749046325961846,0.10684533932698201,0.05773502691896257,0.12144653090653211,1.506982739937783,1.0,0.8,,,,,,,0.0003227497687015015,0.0004034372108768763,0.00041974191104095823,0.0004025552108788829,150,50
P2-R-th0.80_k2,P2,Exp05ax-kappa4,Exp05_axis,R,th0.80_k2,0.8000000000000094,B3,1.0176203044369412,0.9563476782230951,0.842314186315949,1.1137293169575788,0.017315205249064467,0.24438975029729565,0.6617383845376374,0.21301738153910987,0.10684533932698201,0.05773502691896257,0.12144653090653211,1.5045223722006709,2.0,0.8,,,,,,,0.0003351756774363924,0.0004189695967954856,0.0004359020300699717,0.00044358275654448524,150,50
P2-R-th1.00_k1,P2,Exp05ax-kappa4,Exp05_axis,R,th1.00_k1,0.9999999999999999,B3,0.9757236303531344,0.9389491387510539,0.863700815939303,1.1164707072174311,0.02488037482302192,0.12150420612840764,0.8479547591647977,0.03627021322691526,0.10684533932698201,0.05773502691896257,0.12144653090653211,1.4892239577312663,1.0,1.0,,,,,,,0.00041239074439167005,0.0004123907443916701,0.00048110780226166654,0.00046942825141397116,150,50
P2-R-th1.00_k2,P2,Exp05ax-kappa4,Exp05_axis,R,th1.00_k2,1.0000000000000004,OUT,1.0218702060623095,0.9442039111333509,0.8341555158580268,1.12591473843233,0.021402136917744567,0.16117614530579397,0.5169918211268879,0.2262872660641686,0.10684533932698201,0.05773502691896257,0.12144653090653211,1.4865319497045222,2.0,1.0,,,,,,,0.00042596853466529585,0.00042596853466529564,0.0004969480725076684,0.0005078164292556785,150,50
P2-R-theta0,P2,Exp05ax-kappa4,Exp05_axis,R,theta0,5.878429234068025,OUT,0.987958021180664,0.9904141990055917,0.9660880457003074,1.023571275797577,0.01218875555557022,0.01218875544042978,0.10412026941873831,0.8789712481828191,0.10684533932698201,0.05773502691896257,0.12144653090653211,0.0,0.0,,,theta0,,,,,0.005061130984518026,0.0008609665580707505,0.005061130985093749,0.005000184952969365,150,50
P3-I-bfly_w0.25,P3,Exp05dg-all5_s4,Exp05_diag,I,bfly_w0.25,1.0198373382785306,OUT,1.0558875487984274,1.0301850595745554,0.9205175724859809,1.217790274091077,0.052929451495119906,0.18166239964010536,0.99,-0.14031628408945762,0.10684533932698201,0.05773502691896257,0.12144653090653211,,,,,,0.39521108268106186,0.25,,butterfly,0.00031824781740735314,0.00031205742863322735,0.00036831148276690395,0.00038889550873306045,150,50
P3-I-bfly_w0.50,P3,Exp05dg-all5_s4,Exp05_diag,I,bfly_w0.50,5.533335540575691,OUT,1.058608238109022,0.9954658092362576,0.9715290902670467,1.0488939804782664,0.05536348197489302,0.05536348288936418,0.6411613195920286,0.5637646828144445,0.10684533932698201,0.05773502691896257,0.12144653090653211,,,,,,0.39521108268106186,0.5,,butterfly,0.0017422136739781288,0.00031485776729109544,0.0017422136756647078,0.0018443217496048596,150,50
P3-I-dig_K+0.395,P3,Exp05dg-all5_s4,Exp05_diag,I,dig_K+0.395,6.945554444278587,OUT,0.9896430717990723,0.9917825369746075,0.9629674568536447,1.011907092770758,0.010465316734951527,0.010465316734875486,0.5176615183881791,0.1290148262834312,0.10684533932698201,0.05773502691896257,0.12144653090653211,,,,,,0.39521108268106186,,0.39521108268106186,digital,-0.005347902560344492,0.0007699748959206326,0.0053479025603448945,0.005292514717501845,150,50
P3-I-dig_K-0.344,P3,Exp05dg-all5_s4,Exp05_diag,I,dig_K-0.344,7.6327967703000645,OUT,1.039597424823571,0.9876199771214603,0.9718381777405823,1.0200480464915618,0.038089190948401117,0.03808919094840149,0.9869352271746132,-0.07234173604998739,0.10684533932698201,0.05773502691896257,0.12144653090653211,,,,,,0.39521108268106186,,-0.3442809383829135,digital,0.006732463172880957,0.000882044075780664,0.00673246317288096,0.006999051377246574,150,50
P3-I-bfly_w1.00,P3,Exp05dg-all5_s4,Exp05_diag,I,bfly_w1.00,8.561945747560285,OUT,1.0428567731356595,0.9895576218954871,0.9692878147548187,1.0283418026122393,0.041095550453009784,0.041095550453009784,0.9791817145923548,0.015526737537482571,0.10684533932698201,0.05773502691896257,0.12144653090653211,,,,,,0.39521108268106186,1.0,,butterfly,0.004003777913363111,0.0004676247702812158,0.004003777913363111,0.004175366915081678,150,50
P3-R-th0.05_k2,P3,Exp05dg-all5_s4,Exp05_diag,R,th0.05_k2,0.04999999999999743,B1,0.9872525951648523,0.9609478237800295,0.8431818336886509,1.0713318954366902,0.012911999317681312,0.9366043815878015,0.3816295416280213,0.719910420279334,0.10684533932698201,0.05773502691896257,0.12144653090653211,1.567650248244145,2.0,0.05,,,,,,,1.0787175843171015e-05,0.00021574351686343138,0.00017235354940863337,0.0001701564889395469,150,50
P3-R-th0.05_k1,P3,Exp05dg-all5_s4,Exp05_diag,R,th0.05_k1,0.05000000000000206,B1,0.993096105163229,1.004564838185254,0.9129656753663535,1.2093712583677292,0.00695188995392974,0.9369774098658432,0.8660205985868177,-0.36778079153189935,0.10684533932698201,0.05773502691896257,0.12144653090653211,1.5681068513745091,1.0,0.05,,,,,,,9.221593390443123e-06,0.00018443186780885487,0.0001473392457074014,0.00014632203104970835,150,50
P3-R-th0.15_k2,P3,Exp05dg-all5_s4,Exp05_diag,R,th0.15_k2,0.14999999999999952,B1,1.0297470233883737,0.9598170769844518,0.8709070532858754,1.0813327687384398,0.02888770029214678,0.8194609485132553,0.39916819835399847,0.7089352895951686,0.10684533932698201,0.05773502691896257,0.12144653090653211,1.5613382848314672,2.0,0.15,,,,,,,3.2429008795109474e-05,0.00021619339196739717,0.00017443433456044906,0.00017962323679035413,150,50
P3-R-th0.15_k1,P3,Exp05dg-all5_s4,Exp05_diag,R,th0.15_k1,0.1499999999999997,B1,0.9999428105434084,1.025153356017848,0.9156775036189914,1.237178583420879,5.719272741264667e-05,0.8140798164518976,0.8891894146734011,-0.3680552135123163,0.10684533932698201,0.05773502691896257,0.12144653090653211,1.5627879245021017,1.0,0.15,,,,,,,2.745871136491429e-05,0.00018305807576609565,0.00014769930450506358,0.00014769085766209997,150,50
P3-R-th0.2000_k1_bisect,P3,Exp05dg-all5_s4,Exp05_diag,R,th0.2000_k1_bisect,0.19999999999999699,B1,0.9997359578516286,1.0371973783084223,0.9195734130172698,1.2458710959985773,0.00026411188504091754,0.7541712218046708,0.8600474096377052,-0.36810373751066106,0.10684533932698201,0.05773502691896257,0.12144653090653211,1.5601577585899478,1.0,0.2,True,,,,,,3.647656238542422e-05,0.00018238281192712384,0.0001484211756936149,0.00014838198624752096,150,50
P3-R-th0.2000_k2_bisect,P3,Exp05dg-all5_s4,Exp05_diag,R,th0.2000_k2_bisect,0.1999999999999996,B1,1.0468042841610339,0.9587406195442008,0.863534335398529,1.083578092511521,0.044711590188556916,0.7652246243589129,0.4246814363242466,0.7031526324754243,0.10684533932698201,0.05773502691896257,0.12144653090653211,1.5581718133490385,2.0,0.2,True,,,,,,4.32854588722323e-05,0.00021642729436116196,0.00017612621025991828,0.0001843696714531295,150,50
P3-R-th0.25_k1,P3,Exp05dg-all5_s4,Exp05_diag,R,th0.25_k1,0.24999999999998135,B1,0.9995665945198473,1.0471023676830575,0.9160605435911244,1.2519719663694806,0.0004335934019092047,0.6959868457882529,0.831047387936739,-0.3680942399273124,0.10684533932698201,0.05773502691896257,0.12144653090653211,1.557546659148414,1.0,0.25,,,,,,,4.54287921894467e-05,0.00018171516875780034,0.00014949514251064798,0.00014943035049662766,150,50
P3-R-th0.25_k2,P3,Exp05dg-all5_s4,Exp05_diag,R,th0.25_k2,0.25000000000000133,B2,1.0610127089809023,0.9559721262473898,0.859585978033012,1.0869222016896145,0.057504220698265475,0.7135930694585433,0.5613820846624764,0.6971754410818938,0.10684533932698201,0.05773502691896257,0.12144653090653211,1.5549979537473158,2.0,0.25,,,,,,,5.4166803980892714e-05,0.0002166672159235697,0.00017824982109804818,0.0001891253255586013,150,50
P3-R-th0.3250_k2_bisect,P3,Exp05dg-all5_s4,Exp05_diag,R,th0.3250_k2_bisect,0.32500000000000095,B2,1.0773587980417965,0.9640059952910744,0.8585187527716044,1.088232209484205,0.07180411779474344,0.6407293844408086,0.5735405761690594,0.6878487215398028,0.10684533932698201,0.05773502691896257,0.12144653090653211,1.55022265619139,2.0,0.325,True,,,,,,7.053749897655665e-05,0.00021703845838940444,0.0001822376037884192,0.0001963352857755084,150,50
P3-R-th0.3250_k1_bisect,P3,Exp05dg-all5_s4,Exp05_diag,R,th0.3250_k1_bisect,0.32500000000000184,B2,0.9986874911099918,1.050779293013011,0.9122229832247037,1.2585718384324858,0.001314233833598389,0.6124279496878589,0.7609277616686175,-0.3679730682459117,0.10684533932698201,0.05773502691896257,0.12144653090653211,1.5536650157295901,1.0,0.325,True,,,,,,5.873652793713019e-05,0.00018072777826809186,0.00015174913005735612,0.00015154995797510482,150,50
P3-R-th0.40_k1,P3,Exp05dg-all5_s4,Exp05_diag,R,th0.40_k1,0.39999999999999836,B2,0.9936060528159981,1.04575031221112,0.8995805543867765,1.2606941091442145,0.006435092827666079,0.5323678969281641,0.6645127087484466,-0.36772621231327074,0.10684533932698201,0.05773502691896257,0.12144653090653211,1.5498243822651967,1.0,0.4,,,,,,,7.190279579300356e-05,0.00017975698948250965,0.0001547487789720539,0.0001537593234525178,150,50
P3-R-th0.40_k2,P3,Exp05dg-all5_s4,Exp05_diag,R,th0.40_k2,0.40000000000000535,B2,1.0935779691074452,0.9592209267241687,0.844225941562862,1.0890967112250292,0.08557045930965633,0.5751175487903357,0.7053639003431849,0.6780943947344977,0.10684533932698201,0.05773502691896257,0.12144653090653211,1.545429039910417,2.0,0.4,,,,,,,8.696937605782735e-05,0.00021742344014456547,0.00018717498540188218,0.00020469044040350603,150,50
P3-R-th0.60_k2,P3,Exp05dg-all5_s4,Exp05_diag,R,th0.60_k2,0.5999999999999988,B3,1.1210719834308747,0.9452862763737796,0.8156292900854787,1.0723043785204267,0.10799661861172537,0.42902371738911976,0.6173426402251492,0.650043215657532,0.10684533932698201,0.05773502691896257,0.12144653090653211,1.5325485774334395,2.0,0.6,,,,,,,0.00013111093211376764,0.00021851822018961316,0.00020482706260174297,0.00022962588133125593,150,50
P3-R-th0.60_k1,P3,Exp05dg-all5_s4,Exp05_diag,R,th0.60_k1,0.599999999999999,B3,0.9892664397472825,1.0168289174966798,0.877485739882039,1.243815674741607,0.010850019591748758,0.35294932899766784,0.74293292461178,-0.3664768586640257,0.10684533932698201,0.05773502691896257,0.12144653090653211,1.5397749604791537,1.0,0.6,,,,,,,0.00010634820825787358,0.00017724701376312294,0.00016614168444410967,0.00016435839266364083,150,50
P3-R-th0.80_k2,P3,Exp05dg-all5_s4,Exp05_diag,R,th0.80_k2,0.8000000000000014,B3,1.1271390826519612,0.9404060161459433,0.82806282980306,1.1021937787014748,0.11279804294677206,0.3178088275237602,0.46092791729024707,0.6191357792327983,0.10684533932698201,0.05773502691896257,0.12144653090653211,1.5195102086895214,2.0,0.8,,,,,,,0.0001757714516062279,0.0002197143145077845,0.00022859395159435838,0.0002576571768998519,150,50
P3-R-th0.80_k1,P3,Exp05dg-all5_s4,Exp05_diag,R,th0.80_k1,0.8000000000000016,B3,0.9917159011292171,1.0163477608753129,0.8835880849697517,1.2468605613553632,0.008353298420797847,0.22465261325083188,0.6205305763071223,-0.3644163595102321,0.10684533932698201,0.05773502691896257,0.12144653090653211,1.5299897371566478,1.0,0.8,,,,,,,0.00013987776269301183,0.00017484720336626445,0.00018191356003480002,0.00018040657011753565,150,50
P3-R-th1.00_k2,P3,Exp05dg-all5_s4,Exp05_diag,R,th1.00_k2,0.9999999999999983,B3,1.1215073696183362,0.9451435593924422,0.8588756803421292,1.1000060414800992,0.10834290786665698,0.23569908814950172,0.26535102556313583,0.585527093779457,0.10684533932698201,0.05773502691896257,0.12144653090653211,1.5062927711450984,2.0,1.0,,,,,,,0.0002210148037354895,0.00022101480373548987,0.00025784270849562457,0.00028917249778019535,150,50
P3-R-th1.00_k1,P3,Exp05dg-all5_s4,Exp05_diag,R,th1.00_k1,0.9999999999999984,B3,0.9927184675480234,1.010402629908079,0.8938658204909835,1.2126372725936867,0.007334942070697755,0.13654360902187787,0.7121413735259369,-0.36160975266009654,0.10684533932698201,0.05773502691896257,0.12144653090653211,1.520450289848282,1.0,1.0,,,,,,,0.00017255228636069945,0.00017255228636069972,0.00020130483623894533,0.0001998390285411316,150,50
P3-R-theta0,P3,Exp05dg-all5_s4,Exp05_diag,R,theta0,8.30259453981292,OUT,1.014855143071612,0.9894996107166412,0.9704365526343504,1.0086733266934582,0.014637697973969547,0.014637697973969547,0.741658297616491,0.2753198273834636,0.10684533932698201,0.05773502691896257,0.12144653090653211,0.0,0.0,,,theta0,,,,,0.0034287744136314185,0.0004129762566616529,0.0034287744136314185,0.0034797093481061954,150,50
P1-I2-spr_K-0.619_-0.184,P1,Exp01-C,Exp01,I2,spread_K1-0.6187_K2-0.1839_starg0.05,0.05743144761018354,B1,0.9885958352036622,0.9523900270076808,0.8546121279105908,1.0762519255284189,0.011535720048818877,0.9273098643315846,0.004337773327118388,0.8261720103489667,0.10684533932698201,0.05773502691896257,0.12144653090653211,,,0.05,,,,0.43478262424468994,-0.6187291145324707,digital_spread,1.393692881805464e-05,0.00024267068649656313,0.0001939424269552663,0.00019173067555726674,150,50
P1-I2-spr_K-0.819_-0.084,P1,Exp01-C,Exp01,I2,spread_K1-0.8194_K2-0.0836_starg0.15,0.1381020142096502,B1,0.9156025385030275,0.949823211861297,0.8129394665368926,1.0706881537262327,0.09217696319951102,0.8127431883029747,0.2197711453468915,0.7289660585243674,0.10684533932698201,0.05773502691896257,0.12144653090653211,,,0.15,,,,0.7357859462499619,-0.8193979859352112,digital_spread,3.4641778935196044e-05,0.0002508419528378998,0.00020204847329392093,0.00018499609504857517,150,50
P1-I2-spr_K+0.050_+1.154,P1,Exp01-C,Exp01,I2,spread_K1+0.0502_K2+1.1538_starg0.30,0.2977062751293179,B2,1.1956753798412274,1.0069475789952675,0.8952806720357117,1.2392832271872858,0.1636525959639739,0.701091501932658,0.9754943656213388,-0.18985088160674035,0.10684533932698201,0.05773502691896257,0.12144653090653211,,,0.3,,,,1.1036789193749428,0.05016722530126572,digital_spread,8.667195701360172e-05,0.00029113244917646793,0.00024250854933778712,0.00028996150184420366,150,50
P1-I2-spr_K-0.585_-0.217,P1,Exp01-C,Exp01,I2,spread_K1-0.5853_K2-0.2174_starg0.60,0.5962602992325552,B3,1.0293442561585364,0.9753369798321188,0.8609573821492865,1.05747151103149,0.02850771836824326,0.38090626879264844,0.01520321658353323,0.6055783720880612,0.10684533932698201,0.05773502691896257,0.12144653090653211,,,0.6,,,,0.3678929954767227,-0.5852842926979065,digital_spread,-0.00014024325877481185,0.00023520475697496297,0.00022007207726834914,0.0002265299286770528,150,50
P1-I2-spr_K-0.719_-0.117,P1,Exp01-C,Exp01,I2,spread_K1-0.7191_K2-0.1171_starg1.00,1.0240265364708787,OUT,0.8825513212823594,1.0347102440082638,0.9623247827931131,1.1298322513320616,0.1330785823842924,0.019329083582287025,0.007158370492571439,0.9111763480707853,0.10684533932698201,0.05773502691896257,0.12144653090653211,,,1.0,,,,0.6020066663622856,-0.7190635204315186,digital_spread,0.0002522064172505149,0.0002462889468857892,0.00029140222774253486,0.00025717742111879715,150,50
P2-I2-spr_K-0.351_-0.217,P2,Exp05ax-kappa4,Exp05_axis,I2,spread_K1-0.3512_K2-0.2174_starg0.05,0.051610614953554575,B1,1.187173862878433,1.0228784905672352,0.8844651684413117,1.150279423667564,0.15766339601228202,0.9455864885005304,0.44383748398799655,0.24176626747763663,0.10684533932698201,0.05773502691896257,0.12144653090653211,,,0.05,,,,0.13377927243709564,-0.3511705696582794,digital_spread,1.911510740740141e-05,0.000370371626546273,0.00029590728873595874,0.00035129339902255195,150,50
P2-I2-spr_K-0.552_-0.084,P2,Exp05ax-kappa4,Exp05_axis,I2,spread_K1-0.5518_K2-0.0836_starg0.15,0.13873855177568004,B1,1.1913918797092655,1.0026071442290654,0.8670168982536777,1.1791597105053924,0.16064561373036285,0.8554396008449634,0.48379474072219797,0.05804434265590608,0.10684533932698201,0.05773502691896257,0.12144653090653211,,,0.15,,,,0.46822743117809296,-0.5518394708633423,digital_spread,-0.0001281106797092472,0.0009233964033038449,0.00074384313802716,0.0008862086744230169,150,50
P2-I2-spr_K-1.221_+0.084,P2,Exp05ax-kappa4,Exp05_axis,I2,spread_K1-1.2207_K2+0.0836_starg0.30,0.29971709717461403,B2,1.0012916262447589,1.1055734147704996,0.9006643009939982,1.2255996765523027,0.0012899600984411022,0.6408562107953861,0.6521774817887276,-0.3534133374619488,0.10684533932698201,0.05773502691896257,0.12144653090653211,,,0.3,,,,1.3043478280305862,-1.220735788345337,digital_spread,-0.00026457711135707975,0.0008827561518885863,0.0007357382346097766,0.0007366885334228712,150,50
P2-I2-spr_K+0.117_+1.120,P2,Exp05ax-kappa4,Exp05_axis,I2,spread_K1+0.1171_K2+1.1204_starg0.60,0.6020276699787491,B3,0.8311437187746529,0.9896997479074676,0.9031854686647963,1.0966819205901583,0.20316135153411288,0.22800221854596214,0.46927438143988487,-0.1418597545685687,0.10684533932698201,0.05773502691896257,0.12144653090653211,,,0.6,,,,1.0033445283770561,0.11705685406923294,digital_spread,-0.0005328931166455046,0.0008851638275435331,0.0008305158613782924,0.000690278041527288,150,50
P2-I2-spr_K+0.084_+1.488,P2,Exp05ax-kappa4,Exp05_axis,I2,spread_K1+0.0836_K2+1.4883_starg1.00,1.0062865887378794,OUT,1.0389733777754189,1.0567305253964152,0.9422421562475676,1.1892286066095326,0.03751143061900786,0.17284768539423362,0.8002433369423552,-0.1843615415641917,0.10684533932698201,0.05773502691896257,0.12144653090653211,,,1.0,,,,1.4046823233366013,0.08361203968524933,digital_spread,0.0007920333859521857,0.0007870853043421579,0.0009216235838141098,0.0009575423679128325,150,50
P3-I2-spr_K-1.355_+0.050,P3,Exp05dg-all5_s4,Exp05_diag,I2,spread_K1-1.3545_K2+0.0502_starg0.05,0.05132187097263106,B1,0.9356195856507729,1.0049436900179467,0.8762076348442953,1.217742086392315,0.06881046029455137,0.9313419183869912,0.6182144302517202,0.2155828041765866,0.10684533932698201,0.05773502691896257,0.12144653090653211,,,0.05,,,,1.4046823009848595,-1.3545150756835938,digital_spread,2.2515137919221217e-05,0.0004387045423817089,0.0003504964653495152,0.0003279313576823739,150,50
P3-I2-spr_K-1.120_+0.017,P3,Exp05dg-all5_s4,Exp05_diag,I2,spread_K1-1.1204_K2+0.0167_starg0.15,0.15509526700017007,B1,0.9971020665561471,0.9784882378835911,0.851339730379288,1.1496125293891408,0.0029063558697274925,0.8073642124588533,0.7836621701296542,0.4361855935147898,0.10684533932698201,0.05773502691896257,0.12144653090653211,,,0.15,,,,1.1371237896382809,-1.120401382446289,digital_spread,-6.477688389716482e-05,0.00041765867618058126,0.0003372434032281023,0.00033626609429116884,150,50
P3-I2-spr_K-0.418_-0.318,P3,Exp05dg-all5_s4,Exp05_diag,I2,spread_K1-0.4181_K2-0.3177_starg0.30,0.30214962385045024,B2,1.050748167120634,1.0192775544033448,0.9083314203299155,1.1539326185942052,0.0482971740599836,0.6552207412166745,0.8422481704750593,0.5653344069053103,0.10684533932698201,0.05773502691896257,0.12144653090653211,,,0.3,,,,0.10033446550369263,-0.41806021332740784,digital_spread,-3.6113787290332765e-05,0.000119522860330309,9.968579183356767e-05,0.0001047446630570903,150,50
P3-I2-spr_K+0.217_+0.585,P3,Exp05dg-all5_s4,Exp05_diag,I2,spread_K1+0.2174_K2+0.5853_starg0.60,0.5957597126836195,B3,0.8498447511144037,1.0076619399645395,0.8788736175272566,1.1570825579521853,0.17668550483920428,0.2505942997434608,0.9068346900283337,-0.10612477510946894,0.10684533932698201,0.05773502691896257,0.12144653090653211,,,0.6,,,,0.3678929954767227,0.21739129722118378,digital_spread,-0.0002882113344840794,0.0004837711049406511,0.00045253738996338855,0.0003845865255433978,150,50
P3-I2-spr_K-0.485_-0.284,P3,Exp05dg-all5_s4,Exp05_diag,I2,spread_K1-0.4849_K2-0.2843_starg1.00,1.0173680593969119,OUT,1.0167838956393487,0.9945689016449433,0.8989303754931993,1.1316022031926039,0.016506846451177285,0.1510198071853128,0.45885800646661035,0.6101898868996227,0.10684533932698201,0.05773502691896257,0.12144653090653211,,,1.0,,,,0.20066890120506287,-0.48494982719421387,digital_spread,-0.00022015424591226445,0.00021639586959587686,0.0002550356244019904,0.00025931611570626954,150,50
