block,config_id,payoff,exp,pair,model,proto_pair,scenario,sigma_Delta,mu_Delta,Delta,b_Delta,s,J,S,J_plus_S,J_over_JplusS,J_fraction,theory_mr,empirical_mr,deviation_pct,sanity_abs_err,sanity_rel_err
Exp01,Exp01-A,ATM,exp01,A,heston,,,4.3e-05,-0.00036254,,,-8.431162790697675,1.6995301561355455e-22,,,,4.687841772316284e-19,0.00036254,0.00035532,1.991504385722953,1.6995301561355455e-22,1.6995301561355455e-22
Exp01,Exp01-A,OTM_K110,exp01,A,heston,,,4.1e-05,-0.00036813,,,-8.978780487804878,1.2209380078685033e-24,,,,3.3165947026009922e-21,0.00036813,0.00036147,1.8091435090864527,1.2209380078685033e-24,1.2209380078685033e-24
Exp01,Exp01-A,OTM_K125,exp01,A,heston,,,3.4e-05,-0.00033278,,,-9.78764705882353,4.331604619675573e-28,,,,1.3016421118082735e-24,0.00033278,0.00032717,1.6857984253861424,4.331604619675573e-28,4.331604619675573e-28
Exp01,Exp01-B,ATM,exp01,B,heston,,,0.000207,-0.00181652,,,-8.775458937198069,3.916876879984611e-23,,,,2.1562530993243183e-20,0.00181652,0.00179077,1.4175456367119588,3.916876879984611e-23,3.916876879984611e-23
Exp01,Exp01-B,OTM_K110,exp01,B,heston,,,0.000197,-0.00184429,,,-9.361878172588833,1.6126852587420994e-25,,,,8.744206489988556e-23,0.00184429,0.00182086,1.270407582321642,1.6126852587420994e-25,1.6126852587420994e-25
Exp01,Exp01-B,OTM_K125,exp01,B,heston,,,0.000164,-0.00166973,,,-10.181280487804877,3.800655075992278e-29,,,,2.276209372768219e-26,0.00166973,0.00164958,1.2067819348038245,3.800655075992278e-29,3.800655075992278e-29
Exp01,Exp01-C,ATM,exp01,C,heston,,,0.000391,-0.00363955,,,-9.308312020460358,5.336443539943073e-25,,,,1.4662371831526076e-22,0.00363955,0.00354864,2.4978362709675683,5.336443539943073e-25,5.336443539943073e-25
Exp01,Exp01-C,OTM_K110,exp01,C,heston,,,0.000376,-0.00369454,,,-9.82590425531915,3.2668522708023176e-27,,,,8.842378945152353e-25,0.00369454,0.00360969,2.296632327705206,3.2668522708023176e-27,3.2668522708023176e-27
Exp01,Exp01-C,OTM_K125,exp01,C,heston,,,0.000318,-0.00335061,,,-10.536509433962264,1.739115666211373e-30,,,,5.190444922600282e-28,0.00335061,0.00327783,2.1721417891070627,1.739115666211373e-30,1.739115666211373e-30
Exp01,Exp01-D,ATM,exp01,D,heston,,,0.000922,-0.01064748,,,-11.548242950108461,5.928464824713274e-35,,,,5.5679511252552464e-33,0.01064748,0.01032022,3.073591122030761,5.928464824713274e-35,5.928464824713274e-35
Exp01,Exp01-D,OTM_K110,exp01,D,heston,,,0.000884,-0.01082875,,,-12.249717194570135,1.200876584131173e-38,,,,1.1089706421619976e-36,0.01082875,0.01051924,2.858224633498796,1.200876584131173e-38,1.200876584131173e-38
Exp01,Exp01-D,OTM_K125,exp01,D,heston,,,0.000768,-0.00990366,,,-12.895390625,2.8125653553471277e-42,,,,2.8399251946726035e-40,0.00990366,0.00964122,2.649929420032582,2.8125653553471277e-42,2.8125653553471277e-42
Exp01,Exp01-E,ATM,exp01,E,heston,,,0.001028,-0.03151727,,,-30.658822957198442,6.744921288402261e-211,,,,2.1400715507409942e-209,0.03151727,0.03144407,0.23225361841302528,6.744921288402261e-211,6.744921288402261e-211
Exp01,Exp01-E,OTM_K110,exp01,E,heston,,,0.00096,-0.03237274,,,-33.721604166666665,7.925169349164442e-254,,,,2.44809965086812e-252,0.03237274,0.03228345,0.2758184818461462,7.925169349164442e-254,7.925169349164442e-254
Exp01,Exp01-E,OTM_K125,exp01,E,heston,,,0.00085,-0.0304044,,,-35.76988235294118,7.705183843897235e-285,,,,2.534233151746864e-283,0.0304044,0.03031607,0.2905171619897118,7.705183843897235e-285,7.705183843897235e-285
Exp02,Exp02-A,ATM,exp02,A,heston,,,4.3e-05,-0.00036254,,,-8.431162790697675,1.6995301561355455e-22,,,,4.687841772316284e-19,0.00036254,0.00035532,1.991504385722953,1.6995301561355455e-22,1.6995301561355455e-22
Exp02,Exp02-A,OTM_K110,exp02,A,heston,,,4.1e-05,-0.00036813,,,-8.978780487804878,1.2209380078685033e-24,,,,3.3165947026009922e-21,0.00036813,0.00036147,1.8091435090864527,1.2209380078685033e-24,1.2209380078685033e-24
Exp02,Exp02-A,OTM_K125,exp02,A,heston,,,3.4e-05,-0.00033278,,,-9.78764705882353,4.331604619675573e-28,,,,1.3016421118082735e-24,0.00033278,0.00032717,1.6857984253861424,4.331604619675573e-28,4.331604619675573e-28
Exp02,Exp02-B,ATM,exp02,B,heston,,,0.000207,-0.00181652,,,-8.775458937198069,3.916876879984611e-23,,,,2.1562530993243183e-20,0.00181652,0.00179077,1.4175456367119588,3.916876879984611e-23,3.916876879984611e-23
Exp02,Exp02-B,OTM_K110,exp02,B,heston,,,0.000197,-0.00184429,,,-9.361878172588833,1.6126852587420994e-25,,,,8.744206489988556e-23,0.00184429,0.00182086,1.270407582321642,1.6126852587420994e-25,1.6126852587420994e-25
Exp02,Exp02-B,OTM_K125,exp02,B,heston,,,0.000164,-0.00166973,,,-10.181280487804877,3.800655075992278e-29,,,,2.276209372768219e-26,0.00166973,0.00164958,1.2067819348038245,3.800655075992278e-29,3.800655075992278e-29
Exp02,Exp02-C,ATM,exp02,C,heston,,,0.000391,-0.00363955,,,-9.308312020460358,5.336443539943073e-25,,,,1.4662371831526076e-22,0.00363955,0.00354864,2.4978362709675683,5.336443539943073e-25,5.336443539943073e-25
Exp02,Exp02-C,OTM_K110,exp02,C,heston,,,0.000376,-0.00369454,,,-9.82590425531915,3.2668522708023176e-27,,,,8.842378945152353e-25,0.00369454,0.00360969,2.296632327705206,3.2668522708023176e-27,3.2668522708023176e-27
Exp02,Exp02-C,OTM_K125,exp02,C,heston,,,0.000318,-0.00335061,,,-10.536509433962264,1.739115666211373e-30,,,,5.190444922600282e-28,0.00335061,0.00327783,2.1721417891070627,1.739115666211373e-30,1.739115666211373e-30
Exp02,Exp02-D,ATM,exp02,D,heston,,,0.000922,-0.01064748,,,-11.548242950108461,5.928464824713274e-35,,,,5.5679511252552464e-33,0.01064748,0.01032022,3.073591122030761,5.928464824713274e-35,5.928464824713274e-35
Exp02,Exp02-D,OTM_K110,exp02,D,heston,,,0.000884,-0.01082875,,,-12.249717194570135,1.200876584131173e-38,,,,1.1089706421619976e-36,0.01082875,0.01051924,2.858224633498796,1.200876584131173e-38,1.200876584131173e-38
Exp02,Exp02-D,OTM_K125,exp02,D,heston,,,0.000768,-0.00990366,,,-12.895390625,2.8125653553471277e-42,,,,2.8399251946726035e-40,0.00990366,0.00964122,2.649929420032582,2.8125653553471277e-42,2.8125653553471277e-42
Exp02,Exp02-E,ATM,exp02,E,heston,,,0.001028,-0.03151727,,,-30.658822957198442,6.744921288402261e-211,,,,2.1400715507409942e-209,0.03151727,0.03144407,0.23225361841302528,6.744921288402261e-211,6.744921288402261e-211
Exp02,Exp02-E,OTM_K110,exp02,E,heston,,,0.00096,-0.03237274,,,-33.721604166666665,7.925169349164442e-254,,,,2.44809965086812e-252,0.03237274,0.03228345,0.2758184818461462,7.925169349164442e-254,7.925169349164442e-254
Exp02,Exp02-E,OTM_K125,exp02,E,heston,,,0.00085,-0.0304044,,,-35.76988235294118,7.705183843897235e-285,,,,2.534233151746864e-283,0.0304044,0.03031607,0.2905171619897118,7.705183843897235e-285,7.705183843897235e-285
Exp02,Exp02-F1,ATM,exp02,F1,heston,,,4e-06,-3.628e-05,,,-9.07,5.1283425785611e-26,,,,1.4135453634402152e-21,3.628e-05,3.54e-05,2.425578831312014,5.1283425785611e-26,5.1283425785611e-26
Exp02,Exp02-F1,OTM_K110,exp02,F1,heston,,,4e-06,-3.684e-05,,,-9.21,1.3848127226719062e-26,,,,3.7589921896631547e-22,3.684e-05,3.602e-05,2.22584147665581,1.3848127226719062e-26,1.3848127226719062e-26
Exp02,Exp02-F1,OTM_K125,exp02,F1,heston,,,3e-06,-3.329e-05,,,-11.096666666666668,3.46526223002859e-35,,,,1.040931880453166e-30,3.329e-05,3.26e-05,2.0726945028537114,3.46526223002859e-35,3.46526223002859e-35
Exp02,Exp02-F2,ATM,exp02,F2,heston,,,9e-06,-7.26e-05,,,-8.066666666666666,7.829624185176317e-22,,,,1.0784606315669858e-17,7.26e-05,7.082e-05,2.451790633608819,7.829624185176317e-22,7.829624185176317e-22
Exp02,Exp02-F2,OTM_K110,exp02,F2,heston,,,8e-06,-7.371e-05,,,-9.21375,2.6734774629436546e-26,,,,3.62702138508161e-22,7.371e-05,7.206e-05,2.238502238502238,2.6734774629436546e-26,2.6734774629436546e-26
Exp02,Exp02-F2,OTM_K125,exp02,F2,heston,,,7e-06,-6.661e-05,,,-9.515714285714285,1.2997503261909055e-27,,,,1.951284080755e-23,6.661e-05,6.521e-05,2.1017865185407714,1.2997503261909055e-27,1.2997503261909055e-27
Exp02,Exp02-F3,ATM,exp02,F3,heston,,,1.3e-05,-0.00010888,,,-8.375384615384617,8.315872746679466e-23,,,,7.637649473438157e-19,0.00010888,0.00010625,2.4155033063923637,8.315872746679466e-23,8.315872746679466e-23
Exp02,Exp02-F3,OTM_K110,exp02,F3,heston,,,1.2e-05,-0.00011056,,,-9.213333333333333,4.0259931119135345e-26,,,,3.641455419603414e-22,0.00011056,0.00010811,2.2159913169319756,4.0259931119135345e-26,4.0259931119135345e-26
Exp02,Exp02-F3,OTM_K125,exp02,F3,heston,,,1e-05,-9.991e-05,,,-9.991,1.6384932484733947e-29,,,,1.6399692207720897e-25,9.991e-05,9.784e-05,2.071864678210389,1.6384932484733947e-29,1.6384932484733947e-29
Exp02,Exp02-F4,ATM,exp02,F4,heston,,,2.1e-05,-0.00018138,,,-8.637142857142857,1.3660721072087278e-23,,,,7.531547619410783e-20,0.00018138,0.00017723,2.288014114014769,1.3660721072087278e-23,1.3660721072087278e-23
Exp02,Exp02-F4,OTM_K110,exp02,F4,heston,,,2e-05,-0.00018418,,,-9.208999999999998,6.989593357402135e-26,,,,3.7949795620600153e-22,0.00018418,0.00018032,2.0957758714301167,6.989593357402135e-26,6.989593357402135e-26
Exp02,Exp02-F4,OTM_K125,exp02,F4,heston,,,1.7e-05,-0.00016646,,,-9.791764705882352,2.0785357641650366e-28,,,,1.248669809062259e-24,0.00016646,0.0001632,1.9584284512795813,2.0785357641650366e-28,2.0785357641650366e-28
Exp02,Exp02-F5,ATM,exp02,F5,heston,,,3e-05,-0.0002539,,,-8.463333333333333,8.969745980934605e-23,,,,3.532786916476804e-19,0.0002539,0.00024835,2.1858999606144125,8.969745980934605e-23,8.969745980934605e-23
Exp02,Exp02-F5,OTM_K110,exp02,F5,heston,,,2.9e-05,-0.00025781,,,-8.89,1.9459071411800043e-24,,,,7.547834223575518e-21,0.00025781,0.00025267,1.9937163027035631,1.9459071411800043e-24,1.9459071411800043e-24
Exp02,Exp02-F5,OTM_K125,exp02,F5,heston,,,2.4e-05,-0.00023302,,,-9.709166666666667,6.674652229092782e-28,,,,2.8644117368006103e-24,0.00023302,0.00022868,1.8625010728692715,6.674652229092782e-28,6.674652229092782e-28
Exp02,Exp02-G1,ATM,exp02,G1,heston,,,2.8e-05,-9.425e-05,,,-3.366071428571429,5.534392130504197e-09,,,,5.8714111293276014e-05,9.426e-05,9.473e-05,0.49862083598557483,4.465607869490625e-09,0.44656078694929374
Exp02,Exp02-G1,OTM_K110,exp02,G1,heston,,,2.7e-05,-9.949e-05,,,-3.684814814814815,1.49083847401029e-09,,,,1.4984807257114181e-05,9.949e-05,0.00010043,0.9448185747311211,1.49083847401029e-09,1.49083847401029e-09
Exp02,Exp02-G1,OTM_K125,exp02,G1,heston,,,2.4e-05,-9.426e-05,,,-3.9274999999999998,4.718197195798316e-10,,,,5.005513681093057e-06,9.426e-05,9.533e-05,1.1351580734139555,4.718197195798316e-10,4.718197195798316e-10
Exp02,Exp02-G2,ATM,exp02,G2,heston,,,4.5e-05,-7.795e-05,,,-1.732222222222222,1.5209759862003075e-06,,,,0.019131773411324625,7.95e-05,7.693e-05,3.232704402515718,2.9024013799689553e-08,0.018725170193348135
Exp02,Exp02-G2,OTM_K110,exp02,G2,heston,,,4.5e-05,-0.00010181,,,-2.2624444444444443,3.6764068041943696e-07,,,,0.0035990277084624275,0.00010215,0.00010192,0.22515907978463146,2.7640680419436825e-08,0.08129611888069652
Exp02,Exp02-G2,OTM_K125,exp02,G2,heston,,,4.1e-05,-0.00012769,,,-3.114390243902439,2.0799981766755414e-08,,,,0.00016286885730761424,0.00012771,0.00012918,1.1510453370918494,7.999817667386653e-10,0.03999908833689977
Exp02,Exp02-G3,ATM,exp02,G3,heston,,,0.000141,-0.0011264,,,-7.9886524822695035,2.3377015408797123e-20,,,,2.0753742372866763e-17,0.0011264,0.00112935,0.2618963068181879,2.3377015408797123e-20,2.3377015408797123e-20
Exp02,Exp02-G3,OTM_K110,exp02,G3,heston,,,0.000134,-0.00115133,,,-8.592014925373135,1.2989015030090046e-22,,,,1.1281748091416054e-19,0.00115133,0.00115633,0.4342803540253293,1.2989015030090046e-22,1.2989015030090046e-22
Exp02,Exp02-G3,OTM_K125,exp02,G3,heston,,,0.000112,-0.00105321,,,-9.403660714285714,6.141815822503438e-26,,,,5.83152061080263e-23,0.00105321,0.00105889,0.5393036526428752,6.141815822503438e-26,6.141815822503438e-26
Exp03,Exp03-AA-A,ATM,exp03,A,heston,AA,,4.3e-05,-0.00036254,,,-8.431162790697675,1.6995301561355455e-22,,,,4.687841772316284e-19,0.00036254,0.00035532,1.991504385722953,1.6995301561355455e-22,1.6995301561355455e-22
Exp03,Exp03-AA-A,OTM_K110,exp03,A,heston,AA,,4.1e-05,-0.00036813,,,-8.978780487804878,1.2209380078685033e-24,,,,3.3165947026009922e-21,0.00036813,0.00036147,1.8091435090864527,1.2209380078685033e-24,1.2209380078685033e-24
Exp03,Exp03-AA-A,OTM_K125,exp03,A,heston,AA,,3.4e-05,-0.00033278,,,-9.78764705882353,4.331604619675573e-28,,,,1.3016421118082735e-24,0.00033278,0.00032717,1.6857984253861424,4.331604619675573e-28,4.331604619675573e-28
Exp03,Exp03-AA-B,ATM,exp03,B,heston,AA,,0.000207,-0.00181652,,,-8.775458937198069,3.916876879984611e-23,,,,2.1562530993243183e-20,0.00181652,0.00179077,1.4175456367119588,3.916876879984611e-23,3.916876879984611e-23
Exp03,Exp03-AA-B,OTM_K110,exp03,B,heston,AA,,0.000197,-0.00184429,,,-9.361878172588833,1.6126852587420994e-25,,,,8.744206489988556e-23,0.00184429,0.00182086,1.270407582321642,1.6126852587420994e-25,1.6126852587420994e-25
Exp03,Exp03-AA-B,OTM_K125,exp03,B,heston,AA,,0.000164,-0.00166973,,,-10.181280487804877,3.800655075992278e-29,,,,2.276209372768219e-26,0.00166973,0.00164958,1.2067819348038245,3.800655075992278e-29,3.800655075992278e-29
Exp03,Exp03-AA-C,ATM,exp03,C,heston,AA,,0.000391,-0.00363955,,,-9.308312020460358,5.336443539943073e-25,,,,1.4662371831526076e-22,0.00363955,0.00354864,2.4978362709675683,5.336443539943073e-25,5.336443539943073e-25
Exp03,Exp03-AA-C,OTM_K110,exp03,C,heston,AA,,0.000376,-0.00369454,,,-9.82590425531915,3.2668522708023176e-27,,,,8.842378945152353e-25,0.00369454,0.00360969,2.296632327705206,3.2668522708023176e-27,3.2668522708023176e-27
Exp03,Exp03-AA-C,OTM_K125,exp03,C,heston,AA,,0.000318,-0.00335061,,,-10.536509433962264,1.739115666211373e-30,,,,5.190444922600282e-28,0.00335061,0.00327783,2.1721417891070627,1.739115666211373e-30,1.739115666211373e-30
Exp03,Exp03-AA-D,ATM,exp03,D,heston,AA,,0.000922,-0.01064748,,,-11.548242950108461,5.928464824713274e-35,,,,5.5679511252552464e-33,0.01064748,0.01032022,3.073591122030761,5.928464824713274e-35,5.928464824713274e-35
Exp03,Exp03-AA-D,OTM_K110,exp03,D,heston,AA,,0.000884,-0.01082875,,,-12.249717194570135,1.200876584131173e-38,,,,1.1089706421619976e-36,0.01082875,0.01051924,2.858224633498796,1.200876584131173e-38,1.200876584131173e-38
Exp03,Exp03-AA-D,OTM_K125,exp03,D,heston,AA,,0.000768,-0.00990366,,,-12.895390625,2.8125653553471277e-42,,,,2.8399251946726035e-40,0.00990366,0.00964122,2.649929420032582,2.8125653553471277e-42,2.8125653553471277e-42
Exp03,Exp03-AA-E,ATM,exp03,E,heston,AA,,0.001028,-0.03151727,,,-30.658822957198442,6.744921288402261e-211,,,,2.1400715507409942e-209,0.03151727,0.03144407,0.23225361841302528,6.744921288402261e-211,6.744921288402261e-211
Exp03,Exp03-AA-E,OTM_K110,exp03,E,heston,AA,,0.00096,-0.03237274,,,-33.721604166666665,7.925169349164442e-254,,,,2.44809965086812e-252,0.03237274,0.03228345,0.2758184818461462,7.925169349164442e-254,7.925169349164442e-254
Exp03,Exp03-AA-E,OTM_K125,exp03,E,heston,AA,,0.00085,-0.0304044,,,-35.76988235294118,7.705183843897235e-285,,,,2.534233151746864e-283,0.0304044,0.03031607,0.2905171619897118,7.705183843897235e-285,7.705183843897235e-285
Exp03,Exp03-AB1-A,ATM,exp03,A,heston,AB1,,0.002313,-0.00028701,,,-0.12408560311284046,0.0015726866411825704,,,,0.8456532083595847,0.00185973,0.0020434,9.876164819624345,3.3358817429739174e-08,2.1210906855472794e-05
Exp03,Exp03-AB1-A,OTM_K110,exp03,A,heston,AB1,,0.002432,-0.00047734,,,-0.19627467105263155,0.0015003725244369082,,,,0.758560773154075,0.00197792,0.00215846,9.127770587283601,2.0747556309205946e-07,0.00013826358014371737
Exp03,Exp03-AB1-A,OTM_K125,exp03,A,heston,AB1,,0.002242,-0.00059726,,,-0.2663960749330954,0.001254699245084897,,,,0.6776334097099774,0.00185159,0.00183927,0.6653740838954536,3.6924508489688534e-07,0.00029437634824718
Exp03,Exp03-AB1-B,ATM,exp03,B,heston,AB1,,0.002383,-0.00162984,,,-0.6839446076374318,0.0006996706961281821,,,,0.30037551565614945,0.00232932,0.00255489,9.683942094688568,1.9069612818196392e-07,0.00027262556210608436
Exp03,Exp03-AB1-B,OTM_K110,exp03,B,heston,AB1,,0.002491,-0.0018599,,,-0.746647932557206,0.0006572666974491469,,,,0.2611351382020958,0.00251696,0.00263055,4.51298391710635,2.0669744914703775e-07,0.0003145792608696889
Exp03,Exp03-AB1-B,OTM_K125,exp03,B,heston,AB1,,0.002285,-0.00185982,,,-0.8139256017505471,0.0005359924699019907,,,,0.22373665070794888,0.00239564,0.00226951,5.264981382845502,1.7246990199068848e-07,0.0003218802993368827
Exp03,Exp03-AB1-C,ATM,exp03,C,heston,AB1,,0.002481,-0.00332357,,,-1.3396090286174929,0.00020754022464224923,,,,0.05877678063156487,0.00353099,0.00387721,9.80518211606376,1.202246422494016e-07,0.0005796193339571965
Exp03,Exp03-AB1-C,OTM_K110,exp03,C,heston,AB1,,0.002574,-0.00360137,,,-1.3991336441336442,0.0001891280627498393,,,,0.04989699231205379,0.00379037,0.00391597,3.3136606716494876,1.2806274983937827e-07,0.0006775806869808377
Exp03,Exp03-AB1-C,OTM_K125,exp03,C,heston,AB1,,0.002346,-0.00345453,,,-1.4725191815856777,0.0001463542325831492,,,,0.04064266386646743,0.003601,0.00340571,5.423215773396272,1.1576741685089985e-07,0.0007903831286331656
Exp03,Exp03-AB1-D,ATM,exp03,D,heston,AB1,,0.003082,-0.01031213,,,-3.3459214795587275,6.582986457066134e-07,,,,6.383322512206816e-05,0.01031279,0.01063054,3.0811254762290297,1.7013542946711787e-09,0.0025778095373755567
Exp03,Exp03-AB1-D,OTM_K110,exp03,D,heston,AB1,,0.003093,-0.01075589,,,-3.4774943420627227,3.955532975834991e-07,,,,3.6774138442111464e-05,0.01075629,0.01084842,0.8565220907952309,4.4467024158601074e-09,0.011116756039668078
Exp03,Exp03-AB1-D,OTM_K125,exp03,D,heston,AB1,,0.002729,-0.01004139,,,-3.679512641993404,1.5403146209296639e-07,,,,1.5339426232725896e-05,0.01004154,0.00981667,2.2393975426080126,4.031462093857206e-09,0.026876413959207656
Exp03,Exp03-AB1-E,ATM,exp03,E,heston,AB1,,0.001834,-0.03186012,,,-17.371930207197384,1.4119551241831728e-71,,,,4.4317319714526276e-70,0.03186012,0.03353606,5.260306615292087,1.4119551241831728e-71,1.4119551241831728e-71
Exp03,Exp03-AB1-E,OTM_K110,exp03,E,heston,AB1,,0.001892,-0.03291454,,,-17.39669133192389,9.444375957912296e-72,,,,2.8693628888364524e-70,0.03291454,0.03427398,4.130211146806251,9.444375957912296e-72,9.444375957912296e-72
Exp03,Exp03-AB1-E,OTM_K125,exp03,E,heston,AB1,,0.001823,-0.03103351,,,-17.023318705430608,5.866277635690597e-69,,,,1.8903042664818118e-67,0.03103351,0.03191499,2.840413475626824,5.866277635690597e-69,5.866277635690597e-69
Exp03,Exp03-AB2-A,ATM,exp03,A,heston,AB2,,0.003885,-0.01303466,,,-3.355124839124839,8.009742109014547e-07,,,,6.144579561453563e-05,0.01303546,0.01262189,3.172653669298975,9.74210901001559e-10,0.001217763626251259
Exp03,Exp03-AB2-A,OTM_K110,exp03,A,heston,AB2,,0.003937,-0.01270081,,,-3.226012192024384,1.324071754170184e-06,,,,0.00010424005357917515,0.01270214,0.01208196,4.882484368775664,5.928245830591072e-09,0.004457327692171141
Exp03,Exp03-AB2-A,OTM_K125,exp03,A,heston,AB2,,0.003838,-0.01227982,,,-3.199536216779573,1.4244026180086688e-06,,,,0.00011598189256050229,0.01228125,0.01140109,7.166697201017824,5.597381991512336e-09,0.003914253140917222
Exp03,Exp03-AB2-B,ATM,exp03,B,heston,AB2,,0.004102,-0.01502957,,,-3.6639614822038036,2.468968734363069e-07,,,,1.64271344191951e-05,0.01502982,0.01468701,2.2808656391094417,3.1031265622084095e-09,0.012412506248907353
Exp03,Exp03-AB2-B,OTM_K110,exp03,B,heston,AB2,,0.004141,-0.01472225,,,-3.555240280125574,3.8825845118335585e-07,,,,2.6371523801665723e-05,0.01472264,0.014172,3.740090092537751,1.7415488177974643e-09,0.004465509789211062
Exp03,Exp03-AB2-B,OTM_K125,exp03,B,heston,AB2,,0.004031,-0.01417384,,,-3.5162093773257257,4.4198021921039535e-07,,,,3.11818462179663e-05,0.01417428,0.01334824,5.827738692900086,1.980219211273703e-09,0.004500498207449219
Exp03,Exp03-AB2-C,ATM,exp03,C,heston,AB2,,0.004327,-0.01757561,,,-4.061846544950312,4.69264734378067e-08,,,,2.669970865248608e-06,0.01757565,0.01722876,1.9736965631427683,6.926473434574807e-09,0.17316183585037914
Exp03,Exp03-AB2-C,OTM_K110,exp03,C,heston,AB2,,0.004358,-0.01730071,,,-3.969873795318954,7.11455174979091e-08,,,,4.1122722500320275e-06,0.01730078,0.01674932,3.1874863445463197,1.145517496590096e-09,0.016364535665264444
Exp03,Exp03-AB2-C,OTM_K125,exp03,C,heston,AB2,,0.004242,-0.01659667,,,-3.9124634606317774,8.904352515666292e-08,,,,5.365114947535719e-06,0.01659676,0.01576711,4.998867248788308,9.56474841067861e-10,0.0106274982343553
Exp03,Exp03-AB2-D,ATM,exp03,D,heston,AB2,,0.005013,-0.02830115,,,-5.645551565928586,1.3820908656481304e-11,,,,4.883514859460235e-10,0.02830115,0.02734662,3.3727604708642667,1.3820908656481304e-11,1.3820908656481304e-11
Exp03,Exp03-AB2-D,OTM_K110,exp03,D,heston,AB2,,0.005073,-0.02815151,,,-5.549282475852553,2.4744675341434127e-11,,,,8.78982169746281e-10,0.02815151,0.02703215,3.9761987900471363,2.4744675341434127e-11,2.4744675341434127e-11
Exp03,Exp03-AB2-D,OTM_K125,exp03,D,heston,AB2,,0.005014,-0.02688252,,,-5.361491822895891,7.256890931294186e-11,,,,2.6994831330151287e-09,0.02688252,0.02554479,4.976207587681502,7.256890931294186e-11,7.256890931294186e-11
Exp03,Exp03-AB2-E,ATM,exp03,E,heston,AB2,,0.010243,-0.07306097,,,-7.1327706726544955,1.3618713074776994e-15,,,,1.8640202935680972e-14,0.07306097,0.07006019,4.107227155620863,1.3618713074776994e-15,1.3618713074776994e-15
Exp03,Exp03-AB2-E,OTM_K110,exp03,E,heston,AB2,,0.010323,-0.07354712,,,-7.124587813620071,1.4581208579828148e-15,,,,1.982566901304653e-14,0.07354712,0.07040089,4.277842558620925,1.4581208579828148e-15,1.4581208579828148e-15
Exp03,Exp03-AB2-E,OTM_K125,exp03,E,heston,AB2,,0.01032,-0.07119246,,,-6.898494186046512,7.562129391058438e-15,,,,1.0622093113594386e-13,0.07119246,0.06786711,4.670930039501375,7.562129391058438e-15,7.562129391058438e-15
Exp03,Exp03-AB3-A,ATM,exp03,A,heston,AB3,,0.001921,-0.00105621,,,-0.5498230088495575,0.0007025387660570332,,,,0.3995147889410361,0.00175848,0.00187267,6.49367635685365,2.6876605703312056e-07,0.000382710434780242
Exp03,Exp03-AB3-A,OTM_K110,exp03,A,heston,AB3,,0.001878,-0.00121611,,,-0.6475559105431311,0.0005859493404297171,,,,0.3251011675967715,0.00180236,0.0017534,2.7164384473690073,3.006595702828921e-07,0.0005128521454718842
Exp03,Exp03-AB3-A,OTM_K125,exp03,A,heston,AB3,,0.001582,-0.00125865,,,-0.7956068268015171,0.0003832893334631598,,,,0.23345108747695253,0.00164184,0.00146544,10.744043268528003,9.933346315974109e-08,0.00025922770207923243
Exp03,Exp03-AB3-B,ATM,exp03,B,heston,AB3,,0.001842,-0.00236384,,,-1.283300760043431,0.00017376884319722597,,,,0.06847385594947708,0.00253774,0.00251829,0.766429973125704,1.311568027742994e-07,0.0007542081815658378
Exp03,Exp03-AB3-B,OTM_K110,exp03,B,heston,AB3,,0.001809,-0.00255386,,,-1.4117523493642896,0.00012926877255816833,,,,0.048175834917160154,0.00268327,0.00247739,7.672727679286851,1.4122744183204844e-07,0.0010913178412182058
Exp03,Exp03-AB3-B,OTM_K125,exp03,B,heston,AB3,,0.001523,-0.00247654,,,-1.6260932370321735,6.655301509020221e-05,,,,0.02616982882844782,0.00254312,0.00218992,13.888451980244731,2.6984909797466393e-08,0.0004053005376609571
Exp03,Exp03-AB3-C,ATM,exp03,C,heston,AB3,,0.001749,-0.00404795,,,-2.314436821040595,1.2276868218702459e-05,,,,0.0030237027687490202,0.00406021,0.00410731,1.1600385201750774,1.6868218702410025e-08,0.0013758742824151679
Exp03,Exp03-AB3-C,OTM_K110,exp03,C,heston,AB3,,0.001729,-0.00427227,,,-2.4709485251590513,7.5803363829067125e-06,,,,0.0017711604284491615,0.00427987,0.00414065,3.252902541432323,1.9663617093255413e-08,0.0025873180385862496
Exp03,Exp03-AB3-C,OTM_K125,exp03,C,heston,AB3,,0.001459,-0.00404185,,,-2.7702878684030154,2.4528638534743502e-06,,,,0.0006064989870866034,0.0040443,0.00378004,6.534134460846119,2.863853474155135e-09,0.0011689197853693499
Exp03,Exp03-AB3-D,ATM,exp03,D,heston,AB3,,0.001791,-0.01092224,,,-6.098403126744835,2.996242227706418e-13,,,,2.743248846121691e-11,0.01092224,0.01065795,2.419741737958514,2.996242227706418e-13,2.996242227706418e-13
Exp03,Exp03-AB3-D,OTM_K110,exp03,D,heston,AB3,,0.001823,-0.01127062,,,-6.182457487657707,1.774316417076347e-13,,,,1.5742846596516846e-11,0.01127062,0.01084548,3.7721083667092037,1.774316417076347e-13,1.774316417076347e-13
Exp03,Exp03-AB3-D,OTM_K125,exp03,D,heston,AB3,,0.001587,-0.01046303,,,-6.592961562696912,9.947682226086365e-15,,,,9.507458380685485e-13,0.01046303,0.00994468,4.954109851543964,9.947682226086365e-15,9.947682226086365e-15
Exp03,Exp03-AB3-E,ATM,exp03,E,heston,AB3,,0.002396,-0.03141517,,,-13.111506677796326,5.111641003985086e-43,,,,1.6271250494538424e-41,0.03141517,0.03100407,1.3086034549550374,5.111641003985086e-43,5.111641003985086e-43
Exp03,Exp03-AB3-E,OTM_K110,exp03,E,heston,AB3,,0.002477,-0.03239001,,,-13.076306015341137,8.423019231617225e-43,,,,2.6004991142692533e-41,0.03239001,0.03182915,1.7315832875630321,8.423019231617225e-43,8.423019231617225e-43
Exp03,Exp03-AB3-E,OTM_K125,exp03,E,heston,AB3,,0.002268,-0.03051351,,,-13.453928571428571,4.868457703908219e-45,,,,1.5955089086467664e-43,0.03051351,0.02985413,2.1609444472300954,4.868457703908219e-45,4.868457703908219e-45
Exp03,Exp03-B1B1-A,ATM,exp03,A,heston,B1B1,,3.1e-05,-0.00032943,,,-10.626774193548387,6.415413608885014e-32,,,,1.947428470049787e-28,0.00032943,0.00029624,10.074977992289714,6.415413608885014e-32,6.415413608885014e-32
Exp03,Exp03-B1B1-A,OTM_K110,exp03,A,heston,B1B1,,2.9e-05,-0.00033962,,,-11.71103448275862,2.7321094444121427e-37,,,,8.044607044379432e-34,0.00033962,0.00030806,9.292738943525125,2.7321094444121427e-37,2.7321094444121427e-37
Exp03,Exp03-B1B1-A,OTM_K125,exp03,A,heston,B1B1,,2.4e-05,-0.00030996,,,-12.915000000000001,6.803805254880116e-44,,,,2.1950591221061153e-40,0.00030996,0.00028471,8.146212414505117,6.803805254880116e-44,6.803805254880116e-44
Exp03,Exp03-B1B1-B,ATM,exp03,B,heston,B1B1,,0.000158,-0.00167227,,,-10.583987341772152,5.1880768534115536e-31,,,,3.102415790160413e-28,0.00167227,0.0015061,9.936792503602888,5.1880768534115536e-31,5.1880768534115536e-31
Exp03,Exp03-B1B1-B,OTM_K110,exp03,B,heston,B1B1,,0.000148,-0.00172218,,,-11.636351351351353,3.376231953344293e-36,,,,1.960440809522984e-33,0.00172218,0.00156457,9.151772753138465,3.376231953344293e-36,3.376231953344293e-36
Exp03,Exp03-B1B1-B,OTM_K125,exp03,B,heston,B1B1,,0.000124,-0.00157253,,,-12.681693548387095,7.215961220969416e-42,,,,4.5887590195223085e-39,0.00157253,0.00144635,8.024012260497415,7.215961220969416e-42,7.215961220969416e-42
Exp03,Exp03-B1B1-C,ATM,exp03,C,heston,B1B1,,0.000327,-0.003366,,,-10.293577981651376,2.3496827460028245e-29,,,,6.980637985748141e-27,0.003366,0.00307586,8.61972667855021,2.3496827460028245e-29,2.3496827460028245e-29
Exp03,Exp03-B1B1-C,OTM_K110,exp03,C,heston,B1B1,,0.000306,-0.00346365,,,-11.319117647058823,2.8099644760336566e-34,,,,8.112726389888287e-32,0.00346365,0.00319118,7.866556955812509,2.8099644760336566e-34,2.8099644760336566e-34
Exp03,Exp03-B1B1-C,OTM_K125,exp03,C,heston,B1B1,,0.000257,-0.00316723,,,-12.32385214007782,1.3875473305275688e-39,,,,4.380949064411391e-37,0.00316723,0.00295101,6.826785550780967,1.3875473305275688e-39,1.3875473305275688e-39
Exp03,Exp03-B1B1-D,ATM,exp03,D,heston,B1B1,,0.001169,-0.01035456,,,-8.857621899059026,1.0528753239027431e-22,,,,1.0168228528327066e-20,0.01035456,0.00982919,5.073803232585461,1.0528753239027431e-22,1.0528753239027431e-22
Exp03,Exp03-B1B1-D,OTM_K110,exp03,D,heston,B1B1,,0.001102,-0.01061818,,,-9.635372050816697,6.350537293983168e-26,,,,5.980815256459363e-24,0.01061818,0.01012363,4.6575778523249785,6.350537293983168e-26,6.350537293983168e-26
Exp03,Exp03-B1B1-D,OTM_K125,exp03,D,heston,B1B1,,0.000944,-0.00975409,,,-10.332722457627119,4.4967434796348817e-29,,,,4.610110712157548e-27,0.00975409,0.00936196,4.02015974837221,4.4967434796348817e-29,4.4967434796348817e-29
Exp03,Exp03-B1B1-E,ATM,exp03,E,heston,B1B1,,0.002109,-0.03190254,,,-15.126856330014224,1.4889885588070543e-55,,,,4.6673041043348095e-54,0.03190254,0.03273471,2.608475688769607,1.4889885588070543e-55,1.4889885588070543e-55
Exp03,Exp03-B1B1-E,OTM_K110,exp03,E,heston,B1B1,,0.002042,-0.03277682,,,-16.051332027424092,7.063605485255757e-62,,,,2.1550612552577576e-60,0.03277682,0.0335492,2.3564824165370535,7.063605485255757e-62,7.063605485255757e-62
Exp03,Exp03-B1B1-E,OTM_K125,exp03,E,heston,B1B1,,0.001812,-0.03074621,,,-16.96810706401766,1.4998653806849358e-68,,,,4.8782122436714505e-67,0.03074621,0.03146028,2.3224651103339156,1.4998653806849358e-68,1.4998653806849358e-68
Exp03,Exp03-B2B2-A,ATM,exp03,A,heston,B2B2,,5.8e-05,-0.00049171,,,-8.477758620689656,1.529669957764149e-22,,,,3.110918951748284e-19,0.00049171,0.00051401,4.535193508368751,1.529669957764149e-22,1.529669957764149e-22
Exp03,Exp03-B2B2-A,OTM_K110,exp03,A,heston,B2B2,,5.5e-05,-0.0004986,,,-9.065454545454545,7.3553060308359355e-25,,,,1.4751917430477208e-21,0.0004986,0.00052021,4.334135579622944,7.3553060308359355e-25,7.3553060308359355e-25
Exp03,Exp03-B2B2-A,OTM_K125,exp03,A,heston,B2B2,,5.1e-05,-0.00046659,,,-9.148823529411764,3.136053090085603e-25,,,,6.721217964563328e-22,0.00046659,0.00048331,3.583445851818512,3.136053090085603e-25,3.136053090085603e-25
Exp03,Exp03-B2B2-B,ATM,exp03,B,heston,B2B2,,0.000327,-0.00248662,,,-7.604342507645261,1.1920677799552732e-18,,,,4.793928223674197e-16,0.00248662,0.00257914,3.7207132573533475,1.1920677799552732e-18,1.1920677799552732e-18
Exp03,Exp03-B2B2-B,OTM_K110,exp03,B,heston,B2B2,,0.000315,-0.00252004,,,-8.000126984126984,4.751691116428811e-20,,,,1.8855617833164597e-17,0.00252004,0.00261026,3.580101903144395,4.751691116428811e-20,4.751691116428811e-20
Exp03,Exp03-B2B2-B,OTM_K125,exp03,B,heston,B2B2,,0.000289,-0.00236061,,,-8.168200692041523,1.076556443622868e-20,,,,4.560501072277369e-18,0.00236061,0.00243046,2.958980941366862,1.076556443622868e-20,1.076556443622868e-20
Exp03,Exp03-B2B2-C,ATM,exp03,C,heston,B2B2,,0.000619,-0.00503266,,,-8.130306946688208,3.1682213490721155e-20,,,,6.295321657080182e-18,0.00503266,0.00512089,1.7531484344263326,3.1682213490721155e-20,3.1682213490721155e-20
Exp03,Exp03-B2B2-C,OTM_K110,exp03,C,heston,B2B2,,0.000601,-0.0050985,,,-8.483361064891847,1.5095869971084578e-21,,,,2.960845340999231e-19,0.0050985,0.00518758,1.7471805432970555,1.5095869971084578e-21,1.5095869971084578e-21
Exp03,Exp03-B2B2-C,OTM_K125,exp03,C,heston,B2B2,,0.000553,-0.00478343,,,-8.64996383363472,3.210779864364513e-22,,,,6.712296123000677e-20,0.00478343,0.00484933,1.377672506966765,3.210779864364513e-22,3.210779864364513e-22
Exp03,Exp03-B2B2-D,ATM,exp03,D,heston,B2B2,,0.00131,-0.0157582,,,-12.029160305343511,2.682797927308918e-37,,,,1.702477394187736e-35,0.0157582,0.01523874,3.296442487086082,2.682797927308918e-37,2.682797927308918e-37
Exp03,Exp03-B2B2-D,OTM_K110,exp03,D,heston,B2B2,,0.001327,-0.01594929,,,-12.019058025621703,3.073668617273047e-37,,,,1.9271507492014042e-35,0.01594929,0.01547041,3.0025160994627376,3.073668617273047e-37,3.073668617273047e-37
Exp03,Exp03-B2B2-D,OTM_K125,exp03,D,heston,B2B2,,0.001348,-0.01506929,,,-11.178998516320474,6.13456610580422e-33,,,,4.070905866038957e-31,0.01506929,0.01462702,2.934909342112346,6.13456610580422e-33,6.13456610580422e-33
Exp03,Exp03-B2B2-E,ATM,exp03,E,heston,B2B2,,0.006954,-0.06051802,,,-8.702620074777107,2.5271394004847037e-21,,,,4.175846137207899e-20,0.06051802,0.05795232,4.239563686981162,2.5271394004847037e-21,2.5271394004847037e-21
Exp03,Exp03-B2B2-E,OTM_K110,exp03,E,heston,B2B2,,0.006982,-0.06134491,,,-8.786151532512173,1.1999242097472554e-21,,,,1.9560289675985428e-20,0.06134491,0.05883915,4.0847072723719124,1.1999242097472554e-21,1.1999242097472554e-21
Exp03,Exp03-B2B2-E,OTM_K125,exp03,E,heston,B2B2,,0.007002,-0.05937923,,,-8.480324193087688,1.8058912457069962e-20,,,,3.0412843778994713e-19,0.05937923,0.05694933,4.0921716229732175,1.8058912457069962e-20,1.8058912457069962e-20
Exp05_axis,Exp05ax-v1,ATM,exp05_axis,,heston,,,4.3e-05,-0.00036254,,,-8.431162790697675,1.6995301561355455e-22,,,,4.687841772316284e-19,0.00036254,0.00035532,1.991504385722953,1.6995301561355455e-22,1.6995301561355455e-22
Exp05_axis,Exp05ax-v1,OTM_K110,exp05_axis,,heston,,,4.1e-05,-0.00036813,,,-8.978780487804878,1.2209380078685033e-24,,,,3.3165947026009922e-21,0.00036813,0.00036147,1.8091435090864527,1.2209380078685033e-24,1.2209380078685033e-24
Exp05_axis,Exp05ax-v1,OTM_K125,exp05_axis,,heston,,,3.4e-05,-0.00033278,,,-9.78764705882353,4.331604619675573e-28,,,,1.3016421118082735e-24,0.00033278,0.00032717,1.6857984253861424,4.331604619675573e-28,4.331604619675573e-28
Exp05_axis,Exp05ax-v2,ATM,exp05_axis,,heston,,,0.000207,-0.00181652,,,-8.775458937198069,3.916876879984611e-23,,,,2.1562530993243183e-20,0.00181652,0.00179077,1.4175456367119588,3.916876879984611e-23,3.916876879984611e-23
Exp05_axis,Exp05ax-v2,OTM_K110,exp05_axis,,heston,,,0.000197,-0.00184429,,,-9.361878172588833,1.6126852587420994e-25,,,,8.744206489988556e-23,0.00184429,0.00182086,1.270407582321642,1.6126852587420994e-25,1.6126852587420994e-25
Exp05_axis,Exp05ax-v2,OTM_K125,exp05_axis,,heston,,,0.000164,-0.00166973,,,-10.181280487804877,3.800655075992278e-29,,,,2.276209372768219e-26,0.00166973,0.00164958,1.2067819348038245,3.800655075992278e-29,3.800655075992278e-29
Exp05_axis,Exp05ax-v3,ATM,exp05_axis,,heston,,,0.000391,-0.00363955,,,-9.308312020460358,5.336443539943073e-25,,,,1.4662371831526076e-22,0.00363955,0.00354864,2.4978362709675683,5.336443539943073e-25,5.336443539943073e-25
Exp05_axis,Exp05ax-v3,OTM_K110,exp05_axis,,heston,,,0.000376,-0.00369454,,,-9.82590425531915,3.2668522708023176e-27,,,,8.842378945152353e-25,0.00369454,0.00360969,2.296632327705206,3.2668522708023176e-27,3.2668522708023176e-27
Exp05_axis,Exp05ax-v3,OTM_K125,exp05_axis,,heston,,,0.000318,-0.00335061,,,-10.536509433962264,1.739115666211373e-30,,,,5.190444922600282e-28,0.00335061,0.00327783,2.1721417891070627,1.739115666211373e-30,1.739115666211373e-30
Exp05_axis,Exp05ax-v4,ATM,exp05_axis,,heston,,,0.000922,-0.01064748,,,-11.548242950108461,5.928464824713274e-35,,,,5.5679511252552464e-33,0.01064748,0.01032022,3.073591122030761,5.928464824713274e-35,5.928464824713274e-35
Exp05_axis,Exp05ax-v4,OTM_K110,exp05_axis,,heston,,,0.000884,-0.01082875,,,-12.249717194570135,1.200876584131173e-38,,,,1.1089706421619976e-36,0.01082875,0.01051924,2.858224633498796,1.200876584131173e-38,1.200876584131173e-38
Exp05_axis,Exp05ax-v4,OTM_K125,exp05_axis,,heston,,,0.000768,-0.00990366,,,-12.895390625,2.8125653553471277e-42,,,,2.8399251946726035e-40,0.00990366,0.00964122,2.649929420032582,2.8125653553471277e-42,2.8125653553471277e-42
Exp05_axis,Exp05ax-v5,ATM,exp05_axis,,heston,,,0.001028,-0.03151727,,,-30.658822957198442,6.744921288402261e-211,,,,2.1400715507409942e-209,0.03151727,0.03144407,0.23225361841302528,6.744921288402261e-211,6.744921288402261e-211
Exp05_axis,Exp05ax-v5,OTM_K110,exp05_axis,,heston,,,0.00096,-0.03237274,,,-33.721604166666665,7.925169349164442e-254,,,,2.44809965086812e-252,0.03237274,0.03228345,0.2758184818461462,7.925169349164442e-254,7.925169349164442e-254
Exp05_axis,Exp05ax-v5,OTM_K125,exp05_axis,,heston,,,0.00085,-0.0304044,,,-35.76988235294118,7.705183843897235e-285,,,,2.534233151746864e-283,0.0304044,0.03031607,0.2905171619897118,7.705183843897235e-285,7.705183843897235e-285
Exp05_axis,Exp05ax-kappa1,ATM,exp05_axis,,heston,,,5.6e-05,-0.00018853,,,-3.366607142857143,1.1045932371308298e-08,,,,5.8586678536694054e-05,0.00018854,0.00018858,0.021215657154960432,1.0459323713134755e-09,0.1045932371314017
Exp05_axis,Exp05ax-kappa1,OTM_K110,exp05_axis,,heston,,,5.5e-05,-0.00019903,,,-3.6187272727272726,3.985988779745604e-09,,,,2.0027075213513562e-05,0.00019903,0.00019997,0.472290609455861,3.985988779745604e-09,3.985988779745604e-09
Exp05_axis,Exp05ax-kappa1,OTM_K125,exp05_axis,,heston,,,4.9e-05,-0.00018862,,,-3.849387755102041,1.3510251735702642e-09,,,,7.1626825022281e-06,0.00018862,0.00018993,0.6945180786767091,1.3510251735702642e-09,1.3510251735702642e-09
Exp05_axis,Exp05ax-kappa2,ATM,exp05_axis,,heston,,,0.000263,-0.00093332,,,-3.5487452471482888,2.531187275370059e-08,,,,2.7119669952750973e-05,0.00093334,0.00093545,0.22606981378705537,5.311872753710947e-09,0.2655936376856849
Exp05_axis,Exp05ax-kappa2,OTM_K110,exp05_axis,,heston,,,0.000259,-0.00098472,,,-3.8020077220077217,8.743679955427544e-09,,,,8.879266352632237e-06,0.00098473,0.00099066,0.602195525677085,1.2563200447299083e-09,0.12563200447101272
Exp05_axis,Exp05ax-kappa2,OTM_K125,exp05_axis,,heston,,,0.000227,-0.00093396,,,-4.114361233480176,1.9423201670730426e-09,,,,2.0796609780644167e-06,0.00093396,0.00094117,0.7719816694505166,1.9423201670730426e-09,1.9423201670730426e-09
Exp05_axis,Exp05ax-kappa3,ATM,exp05_axis,,heston,,,0.000448,-0.00187778,,,-4.191473214285714,2.6941705619769303e-09,,,,1.4347560493862095e-06,0.00187779,0.00183305,2.3825880423263612,7.3058294381805225e-09,0.7305829438065491
Exp05_axis,Exp05ax-kappa3,OTM_K110,exp05_axis,,heston,,,0.000442,-0.00197955,,,-4.478619909502262,6.812348313182454e-10,,,,3.441362083899095e-07,0.00197955,0.00193998,1.9989391528377642,6.812348313182454e-10,6.812348313182454e-10
Exp05_axis,Exp05ax-kappa3,OTM_K125,exp05_axis,,heston,,,0.000389,-0.00187843,,,-4.828868894601542,1.0269473348804277e-10,,,,5.467022289135813e-08,0.00187844,0.00184361,1.8541981644343175,9.89730526666941e-09,0.9897305266513574
Exp05_axis,Exp05ax-kappa4,ATM,exp05_axis,,heston,,,0.000862,-0.00523638,,,-6.074686774941995,1.6781508947601895e-13,,,,3.2047920409905116e-11,0.00523638,0.00499435,4.622086250424906,1.6781508947601895e-13,1.6781508947601895e-13
Exp05_axis,Exp05ax-kappa4,OTM_K110,exp05_axis,,heston,,,0.000846,-0.00552938,,,-6.535910165484634,7.83892451325727e-15,,,,1.417685981657486e-12,0.00552938,0.0052962,4.217109332330216,7.83892451325727e-15,7.83892451325727e-15
Exp05_axis,Exp05ax-kappa4,OTM_K125,exp05_axis,,heston,,,0.000758,-0.00527782,,,-6.962823218997362,3.4945137893547775e-16,,,,6.621131052886945e-14,0.00527782,0.00506659,4.002220613814034,3.4945137893547775e-16,3.4945137893547775e-16
Exp05_axis,Exp05ax-kappa5,ATM,exp05_axis,,heston,,,0.001548,-0.01220663,,,-7.885419896640827,5.970298678489261e-19,,,,4.891029447512755e-17,0.01220663,0.01173492,3.8643753435632977,5.970298678489261e-19,5.970298678489261e-19
Exp05_axis,Exp05ax-kappa5,OTM_K110,exp05_axis,,heston,,,0.001493,-0.01305765,,,-8.745914266577362,3.6835158816100774e-22,,,,2.820963865328047e-20,0.01305765,0.01261225,3.411027252223797,3.6835158816100774e-22,3.6835158816100774e-22
Exp05_axis,Exp05ax-kappa5,OTM_K125,exp05_axis,,heston,,,0.001325,-0.01269403,,,-9.580400000000001,1.3093123328228795e-25,,,,1.0314394505313754e-23,0.01269403,0.0123298,2.86930155356494,1.3093123328228795e-25,1.3093123328228795e-25
Exp05_axis,Exp05ax-omega1,ATM,exp05_axis,,heston,,,5.5e-05,-0.00045002,,,-8.182181818181817,1.821535386079971e-21,,,,4.047676516776968e-18,0.00045002,0.00044762,0.5333096306830765,1.821535386079971e-21,1.821535386079971e-21
Exp05_axis,Exp05ax-omega1,OTM_K110,exp05_axis,,heston,,,5.3e-05,-0.00046013,,,-8.681698113207547,2.320942491774814e-23,,,,5.044101649044431e-20,0.00046013,0.00045859,0.33468802295003597,2.320942491774814e-23,2.320942491774814e-23
Exp05_axis,Exp05ax-omega1,OTM_K125,exp05_axis,,heston,,,4.4e-05,-0.00042078,,,-9.563181818181818,5.144823247201039e-27,,,,1.2226872111794855e-23,0.00042078,0.00041997,0.19249964351918392,5.144823247201039e-27,5.144823247201039e-27
Exp05_axis,Exp05ax-omega2,ATM,exp05_axis,,heston,,,0.000267,-0.00225788,,,-8.456479400749064,8.472837350211128e-22,,,,3.752563178827541e-19,0.00225788,0.00224185,0.7099580137119643,8.472837350211128e-22,8.472837350211128e-22
Exp05_axis,Exp05ax-omega2,OTM_K110,exp05_axis,,heston,,,0.000256,-0.00230676,,,-9.01078125,5.677511263829796e-24,,,,2.461249225680086e-21,0.00230676,0.00229579,0.4755587924188176,5.677511263829796e-24,5.677511263829796e-24
Exp05_axis,Exp05ax-omega2,OTM_K125,exp05_axis,,heston,,,0.000215,-0.00211151,,,-9.820976744186046,1.962570304261629e-27,,,,9.294629455989453e-25,0.00211151,0.00210511,0.3031006246714485,1.962570304261629e-27,1.962570304261629e-27
Exp05_axis,Exp05ax-omega3,ATM,exp05_axis,,heston,,,0.000558,-0.00449751,,,-8.060053763440859,5.128291632026341e-20,,,,1.1402513017261422e-17,0.00449751,0.00445048,1.04568972609288,5.128291632026341e-20,5.128291632026341e-20
Exp05_axis,Exp05ax-omega3,OTM_K110,exp05_axis,,heston,,,0.000536,-0.00459492,,,-8.572611940298506,6.163770685132972e-22,,,,1.3414315559646246e-19,0.00459492,0.00455844,0.7939202423545844,6.163770685132972e-22,6.163770685132972e-22
Exp05_axis,Exp05ax-omega3,OTM_K125,exp05_axis,,heston,,,0.000455,-0.00421449,,,-9.262615384615385,9.582982943434453e-25,,,,2.2738179337083378e-22,0.00421449,0.00419007,0.5794295395172511,9.582982943434453e-25,9.582982943434453e-25
Exp05_axis,Exp05ax-omega4,ATM,exp05_axis,,heston,,,0.00139,-0.01276307,,,-9.182064748201439,6.258426946101829e-24,,,,4.903543540936334e-22,0.01276307,0.01286473,0.7965168254973065,6.258426946101829e-24,6.258426946101829e-24
Exp05_axis,Exp05ax-omega4,OTM_K110,exp05_axis,,heston,,,0.001341,-0.01309171,,,-9.762647278150634,2.1922311815680662e-26,,,,1.674518593497768e-24,0.01309171,0.01320947,0.8995005236138054,2.1922311815680662e-26,2.1922311815680662e-26
Exp05_axis,Exp05ax-omega4,OTM_K125,exp05_axis,,heston,,,0.001175,-0.01214192,,,-10.333548936170212,5.54865117561806e-29,,,,4.5698301221042964e-27,0.01214192,0.01227478,1.0942256249423465,5.54865117561806e-29,5.54865117561806e-29
Exp05_axis,Exp05ax-omega5,ATM,exp05_axis,,heston,,,0.001133,-0.03695259,,,-32.61481906443072,8.76720989332817e-238,,,,2.3725562655630285e-236,0.03695259,0.0371178,0.4470863882612752,8.76720989332817e-238,8.76720989332817e-238
Exp05_axis,Exp05ax-omega5,OTM_K110,exp05_axis,,heston,,,0.001145,-0.03832159,,,-33.46863755458516,4.7086152560248836e-250,,,,1.228710827506083e-248,0.03832159,0.03846817,0.3824997866737734,4.7086152560248836e-250,4.7086152560248836e-250
Exp05_axis,Exp05ax-omega5,OTM_K125,exp05_axis,,heston,,,0.001084,-0.03657202,,,-33.7380258302583,5.13794269307107e-254,,,,1.404883485536503e-252,0.03657202,0.0367085,0.37318146495599613,5.13794269307107e-254,5.13794269307107e-254
Exp05_axis,Exp05ax-xi1,ATM,exp05_axis,,heston,,,3.3e-05,6.831e-05,,,2.07,4.63614278603676e-07,,,,0.006742499688826004,6.876e-05,6.447e-05,6.239092495636999,1.3614278603678616e-08,0.03025395245261932
Exp05_axis,Exp05ax-xi1,OTM_K110,exp05_axis,,heston,,,3.1e-05,9.297e-05,,,2.999032258064516,2.3774690330019425e-08,,,,0.0002556418315055852,9.3e-05,8.683e-05,6.634408602150543,6.225309669978594e-09,0.2075103223326335
Exp05_axis,Exp05ax-xi1,OTM_K125,exp05_axis,,heston,,,2.7e-05,0.00010878,,,4.028888888888889,3.393393850252296e-10,,,,3.1195016089835415e-06,0.00010878,0.00010203,6.205184776613349,3.393393850252296e-10,3.393393850252296e-10
Exp05_axis,Exp05ax-xi2,ATM,exp05_axis,,heston,,,0.000159,0.00034387,,,2.1627044025157236,1.7270272949838468e-06,,,,0.004997185460022705,0.0003456,0.00032818,5.0405092592592515,2.9727050161247526e-09,0.0017183265989160702
Exp05_axis,Exp05ax-xi2,OTM_K110,exp05_axis,,heston,,,0.000151,0.00046562,,,3.083576158940397,8.564388409016208e-08,,,,0.00018389960295068193,0.00046571,0.00044077,5.355264005496984,4.356115909845532e-09,0.048401287887168486
Exp05_axis,Exp05ax-xi2,OTM_K125,exp05_axis,,heston,,,0.000127,0.00054145,,,4.263385826771653,5.469946826346602e-10,,,,1.0102404333450184e-06,0.00054145,0.00051573,4.750207775417847,5.469946826346602e-10,5.469946826346602e-10
Exp05_axis,Exp05ax-xi3,ATM,exp05_axis,,heston,,,0.000315,0.0006978,,,2.2152380952380955,2.9479080536517e-06,,,,0.004206849978097012,0.00070074,0.00067691,3.4006906984045515,7.90805365170445e-09,0.002689814167246416
Exp05_axis,Exp05ax-xi3,OTM_K110,exp05_axis,,heston,,,0.000299,0.00093901,,,3.1405016722408026,1.3791669420255788e-07,,,,0.00014685424345950324,0.00093914,0.00089813,4.366761079285297,7.916694202570979e-09,0.060897647712090594
Exp05_axis,Exp05ax-xi3,OTM_K125,exp05_axis,,heston,,,0.000252,0.00108429,,,4.3027380952380945,9.023434707922431e-10,,,,8.321975401343212e-07,0.00108429,0.00104113,3.980484925619532,9.023434707922431e-10,9.023434707922431e-10
Exp05_axis,Exp05ax-xi4,ATM,exp05_axis,,heston,,,0.000767,0.00217264,,,2.8326466753585398,1.045823389878755e-06,,,,0.0004811303365163019,0.00217368,0.00213904,1.593610835081516,5.823389878859833e-09,0.005599413345058096
Exp05_axis,Exp05ax-xi4,OTM_K110,exp05_axis,,heston,,,0.000732,0.00286645,,,3.915915300546448,1.5136161710320565e-08,,,,5.280418671857918e-06,0.00286647,0.00281156,1.9155965351111304,4.863838289560659e-09,0.24319191447947722
Exp05_axis,Exp05ax-xi4,OTM_K125,exp05_axis,,heston,,,0.00063,0.00323605,,,5.136587301587301,3.210283710445514e-11,,,,9.920377344124825e-09,0.00323605,0.0031626,2.2697424329043203,3.210283710445514e-11,3.210283710445514e-11
Exp05_axis,Exp05ax-xi5,ATM,exp05_axis,,heston,,,0.001402,0.0091125,,,6.499643366619116,1.662761601062799e-14,,,,1.824704088957804e-12,0.0091125,0.00900464,1.183648834019213,1.662761601062799e-14,1.662761601062799e-14
Exp05_axis,Exp05ax-xi5,OTM_K110,exp05_axis,,heston,,,0.001368,0.01122907,,,8.208384502923977,3.632761686915668e-20,,,,3.2351402982755185e-18,0.01122907,0.01113613,0.8276731732904108,3.632761686915668e-20,3.632761686915668e-20
Exp05_axis,Exp05ax-xi5,OTM_K125,exp05_axis,,heston,,,0.001162,0.01151835,,,9.912521514629947,4.221724543845896e-27,,,,3.66521641020276e-25,0.01151835,0.01144588,0.6291699766025505,4.221724543845896e-27,4.221724543845896e-27
Exp05_axis,Exp05ax-rho1,ATM,exp05_axis,,heston,,,4.5e-05,-7.795e-05,,,-1.732222222222222,1.5209759862003075e-06,,,,0.019131773411324625,7.95e-05,7.693e-05,3.232704402515718,2.9024013799689553e-08,0.018725170193348135
Exp05_axis,Exp05ax-rho1,OTM_K110,exp05_axis,,heston,,,4.5e-05,-0.00010181,,,-2.2624444444444443,3.6764068041943696e-07,,,,0.0035990277084624275,0.00010215,0.00010192,0.22515907978463146,2.7640680419436825e-08,0.08129611888069652
Exp05_axis,Exp05ax-rho1,OTM_K125,exp05_axis,,heston,,,4.1e-05,-0.00012769,,,-3.114390243902439,2.0799981766755414e-08,,,,0.00016286885730761424,0.00012771,0.00012918,1.1510453370918494,7.999817667386653e-10,0.03999908833689977
Exp05_axis,Exp05ax-rho2,ATM,exp05_axis,,heston,,,0.000223,-0.00038876,,,-1.7433183856502241,7.3337508492230855e-06,,,,0.018512560518043886,0.00039615,0.00038803,2.049728638142123,5.6249150776936925e-08,0.007611522432603079
Exp05_axis,Exp05ax-rho2,OTM_K110,exp05_axis,,heston,,,0.000221,-0.00050764,,,-2.297013574660633,1.6326322207403737e-06,,,,0.0032057024892308385,0.00050929,0.00051235,0.6008364585992076,1.7367779259693465e-08,0.010525926824056217
Exp05_axis,Exp05ax-rho2,OTM_K125,exp05_axis,,heston,,,0.000205,-0.00063633,,,-3.1040487804878047,1.079768400124263e-07,,,,0.00016965753254419316,0.00063644,0.00064553,1.4282571805668942,2.0231599876793787e-09,0.01839236352434032
Exp05_axis,Exp05ax-rho3,ATM,exp05_axis,,heston,,,0.000418,-0.00075062,,,-1.7957416267942583,1.2062900040144504e-05,,,,0.01581750001985826,0.00076263,0.00074314,2.55562985982718,5.290004014448867e-08,0.00440466612360438
Exp05_axis,Exp05ax-rho3,OTM_K110,exp05_axis,,heston,,,0.000413,-0.00098945,,,-2.395762711864407,2.275944807595791e-06,,,,0.0022949469684949288,0.00099172,0.00099001,0.1724277013673281,5.944807595827783e-09,0.002618857971730344
Exp05_axis,Exp05ax-rho3,OTM_K125,exp05_axis,,heston,,,0.00038,-0.00124834,,,-3.2851052631578943,1.0234463176249613e-07,,,,8.197801397143326e-05,0.00124844,0.0012587,0.8218256383967226,2.344631762439486e-09,0.02344631762438158
Exp05_axis,Exp05ax-rho4,ATM,exp05_axis,,heston,,,0.000951,-0.00183607,,,-1.9306729758149317,1.9407631719107078e-05,,,,0.010459910489270453,0.00185543,0.00178831,3.617490285270797,4.763171910712738e-08,0.002460316069583032
Exp05_axis,Exp05ax-rho4,OTM_K110,exp05_axis,,heston,,,0.000937,-0.0025828,,,-2.7564567769477057,1.6494242929636034e-06,,,,0.000638210951252144,0.00258445,0.00256136,0.8934202634990007,5.757070361385686e-10,0.0003489133552355507
Exp05_axis,Exp05ax-rho4,OTM_K125,exp05_axis,,heston,,,0.000861,-0.00339726,,,-3.9457142857142857,1.5630209709871597e-08,,,,4.60081468646048e-06,0.00339727,0.00340563,0.24607994065823924,5.630209709930985e-09,0.5630209709964422
Exp05_axis,Exp05ax-rho5,ATM,exp05_axis,,heston,,,0.001456,-0.00408201,,,-2.8035782967032965,2.189806964833065e-06,,,,0.0005361654583108234,0.0040842,0.00420017,2.839478967729292,1.9303516693944888e-10,8.814391184449703e-05
Exp05_axis,Exp05ax-rho5,OTM_K110,exp05_axis,,heston,,,0.001398,-0.00663911,,,-4.749005722460659,5.574542877283126e-10,,,,8.396521336870643e-08,0.00663911,0.0067405,1.5271625263024724,5.574542877283126e-10,5.574542877283126e-10
Exp05_axis,Exp05ax-rho5,OTM_K125,exp05_axis,,heston,,,0.001242,-0.00941198,,,-7.578083735909823,5.563008428802981e-18,,,,5.910561251514538e-16,0.00941198,0.00950319,0.9690840822016211,5.563008428802981e-18,5.563008428802981e-18
Exp05_diag,Exp05dg-vkappa_s1,ATM,exp05_diag,,heston,,,7.9e-05,-0.00054953,,,-6.956075949367089,3.824143540838357e-17,,,,6.958934982327365e-14,0.00054953,0.00054452,0.9116881698906232,3.824143540838357e-17,3.824143540838357e-17
Exp05_diag,Exp05dg-vkappa_s1,OTM_K110,exp05_diag,,heston,,,7.7e-05,-0.00056551,,,-7.344285714285713,2.094963559293426e-18,,,,3.704556169286884e-15,0.00056551,0.0005619,0.6383618326819884,2.094963559293426e-18,2.094963559293426e-18
Exp05_diag,Exp05dg-vkappa_s1,OTM_K125,exp05_diag,,heston,,,6.5e-05,-0.00052,,,-8.0,9.815341135525814e-21,,,,1.8875656029857336e-17,0.00052,0.00051749,0.48269230769230065,9.815341135525814e-21,9.815341135525814e-21
Exp05_diag,Exp05dg-vkappa_s2,ATM,exp05_diag,,heston,,,0.000157,-0.00109583,,,-6.979808917197452,6.400144810449989e-17,,,,5.840454094567579e-14,0.00109583,0.00108612,0.8860863455097734,6.400144810449989e-17,6.400144810449989e-17
Exp05_diag,Exp05dg-vkappa_s2,OTM_K110,exp05_diag,,heston,,,0.000152,-0.00112745,,,-7.417434210526315,2.365201735316494e-18,,,,2.0978329285702195e-15,0.00112745,0.00112025,0.6386092509645613,2.365201735316494e-18,2.365201735316494e-18
Exp05_diag,Exp05dg-vkappa_s2,OTM_K125,exp05_diag,,heston,,,0.000129,-0.00103729,,,-8.041007751937984,1.3883135630181763e-20,,,,1.33840446067944e-17,0.00103729,0.00103184,0.525407552372037,1.3883135630181763e-20,1.3883135630181763e-20
Exp05_diag,Exp05dg-vkappa_s4,ATM,exp05_diag,,heston,,,0.000292,-0.00218012,,,-7.466164383561643,3.1224969015771575e-18,,,,1.432259188291084e-15,0.00218012,0.00215528,1.1393868227437043,3.1224969015771575e-18,3.1224969015771575e-18
Exp05_diag,Exp05dg-vkappa_s4,OTM_K110,exp05_diag,,heston,,,0.000283,-0.00224196,,,-7.922120141342756,8.094262273371428e-20,,,,3.6103508864437494e-17,0.00224196,0.00222195,0.8925226141412002,8.094262273371428e-20,8.094262273371428e-20
Exp05_diag,Exp05dg-vkappa_s4,OTM_K125,exp05_diag,,heston,,,0.000242,-0.00206439,,,-8.530537190082645,4.0259800767682475e-22,,,,1.9502032449141138e-19,0.00206439,0.00204844,0.7726253275786243,4.0259800767682475e-22,4.0259800767682475e-22
Exp05_diag,Exp05dg-vkappa_s8,ATM,exp05_diag,,heston,,,0.000507,-0.00431672,,,-8.514240631163707,9.72701595949063e-22,,,,2.2533349301068013e-19,0.00431672,0.00417773,3.2198057784614154,9.72701595949063e-22,9.72701595949063e-22
Exp05_diag,Exp05dg-vkappa_s8,OTM_K110,exp05_diag,,heston,,,0.000494,-0.004438,,,-8.983805668016196,1.4046448879030984e-23,,,,3.165040306225999e-21,0.004438,0.00430936,2.8986029743127584,1.4046448879030984e-23,1.4046448879030984e-23
Exp05_diag,Exp05dg-vkappa_s8,OTM_K125,exp05_diag,,heston,,,0.000427,-0.00409482,,,-9.589742388758781,3.850742052287887e-26,,,,9.403934854982361e-24,0.00409482,0.00398437,2.6973102602800614,3.850742052287887e-26,3.850742052287887e-26
Exp05_diag,Exp05dg-vkappa_s16,ATM,exp05_diag,,heston,,,0.000883,-0.00828652,,,-9.384507361268403,5.819643002945451e-25,,,,7.023024143965683e-23,0.00828652,0.00799231,3.5504650927047687,5.819643002945451e-25,5.819643002945451e-25
Exp05_diag,Exp05dg-vkappa_s16,OTM_K110,exp05_diag,,heston,,,0.000858,-0.00852803,,,-9.939428904428905,2.374057623728533e-27,,,,2.7838288839609296e-25,0.00852803,0.00825135,3.2443600690898244,2.374057623728533e-27,2.374057623728533e-27
Exp05_diag,Exp05dg-vkappa_s16,OTM_K125,exp05_diag,,heston,,,0.000754,-0.00790875,,,-10.489058355437667,6.850743704947299e-30,,,,8.662233228951856e-28,0.00790875,0.00766925,3.0282914493440893,6.850743704947299e-30,6.850743704947299e-30
Exp05_diag,Exp05dg-vomega_s1,ATM,exp05_diag,,heston,,,9.5e-05,-0.00081299,,,-8.55778947368421,1.24448320568616e-22,,,,1.5307484786850514e-19,0.00081299,0.00080701,0.7355564029077777,1.24448320568616e-22,1.24448320568616e-22
Exp05_diag,Exp05dg-vomega_s1,OTM_K110,exp05_diag,,heston,,,9e-05,-0.00082862,,,-9.206888888888887,3.2084796540275003e-25,,,,3.872076046954576e-22,0.00082862,0.00082397,0.5611740001448151,3.2084796540275003e-25,3.2084796540275003e-25
Exp05_diag,Exp05dg-vomega_s1,OTM_K125,exp05_diag,,heston,,,7.4e-05,-0.00075412,,,-10.190810810810811,1.553445420035544e-29,,,,2.0599445977238952e-26,0.00075412,0.00075073,0.44953057868775126,1.553445420035544e-29,1.553445420035544e-29
Exp05_diag,Exp05dg-vomega_s2,ATM,exp05_diag,,heston,,,0.000185,-0.00162839,,,-8.802108108108108,2.7534923249747635e-23,,,,1.6909292767548092e-20,0.00162839,0.00161809,0.6325266060341783,2.7534923249747635e-23,2.7534923249747635e-23
Exp05_diag,Exp05dg-vomega_s2,OTM_K110,exp05_diag,,heston,,,0.000176,-0.00165922,,,-9.427386363636364,7.68165374712046e-26,,,,4.6296776480035553e-23,0.00165922,0.00165156,0.4616627089837455,7.68165374712046e-26,7.68165374712046e-26
Exp05_diag,Exp05dg-vomega_s2,OTM_K125,exp05_diag,,heston,,,0.000145,-0.00151092,,,-10.420137931034482,2.7430709750795824e-30,,,,1.8154971640322334e-27,0.00151092,0.00150545,0.36203108040134824,2.7430709750795824e-30,2.7430709750795824e-30
Exp05_diag,Exp05dg-vomega_s4,ATM,exp05_diag,,heston,,,0.000354,-0.00326052,,,-9.21050847457627,1.2197028929058166e-24,,,,3.740823221160479e-22,0.00326052,0.00320631,1.6626182326745398,1.2197028929058166e-24,1.2197028929058166e-24
Exp05_diag,Exp05dg-vomega_s4,OTM_K110,exp05_diag,,heston,,,0.000337,-0.00332116,,,-9.855074183976262,2.1847848790140814e-27,,,,6.578378876699952e-25,0.00332116,0.00327398,1.4205879873297245,2.1847848790140814e-27,2.1847848790140814e-27
Exp05_diag,Exp05dg-vomega_s4,OTM_K125,exp05_diag,,heston,,,0.000282,-0.00302828,,,-10.738581560283686,1.731906278915538e-31,,,,5.719108797454456e-29,0.00302828,0.00299063,1.243280013737158,1.731906278915538e-31,1.731906278915538e-31
Exp05_diag,Exp05dg-vomega_s8,ATM,exp05_diag,,heston,,,0.00068,-0.00647508,,,-9.522176470588235,1.1857263372510194e-25,,,,1.831214961438344e-23,0.00647508,0.00631025,2.5456056141391348,1.1857263372510194e-25,1.1857263372510194e-25
Exp05_diag,Exp05dg-vomega_s8,OTM_K110,exp05_diag,,heston,,,0.000648,-0.00659853,,,-10.182916666666666,1.476449506139345e-28,,,,2.2375430681369108e-26,0.00659853,0.00644672,2.300663935755387,1.476449506139345e-28,1.476449506139345e-28
Exp05_diag,Exp05dg-vomega_s8,OTM_K125,exp05_diag,,heston,,,0.000551,-0.00603644,,,-10.955426497277678,3.0971967609891577e-32,,,,5.1308333404939964e-30,0.00603644,0.00591233,2.0560131468216225,3.0971967609891577e-32,3.0971967609891577e-32
Exp05_diag,Exp05dg-vomega_s16,ATM,exp05_diag,,heston,,,0.001178,-0.01242012,,,-10.543395585738539,5.983738741366036e-30,,,,4.817778524978854e-28,0.01242012,0.01230076,0.9610213105831433,5.983738741366036e-30,5.983738741366036e-30
Exp05_diag,Exp05dg-vomega_s16,OTM_K110,exp05_diag,,heston,,,0.001127,-0.01269183,,,-11.261606033717834,2.000912472730193e-33,,,,1.576535828741949e-31,0.01269183,0.01258865,0.8129639303394387,2.000912472730193e-33,2.000912472730193e-33
Exp05_diag,Exp05dg-vomega_s16,OTM_K125,exp05_diag,,heston,,,0.000975,-0.01170445,,,-12.004564102564103,2.69418816484923e-37,,,,2.3018494374782496e-35,0.01170445,0.01163176,0.6210458415389031,2.69418816484923e-37,2.69418816484923e-37
Exp05_diag,Exp05dg-vxi_s1,ATM,exp05_diag,,heston,,,3.5e-05,-0.00029402,,,-8.400571428571428,1.8020797721557278e-22,,,,6.129106088550874e-19,0.00029402,0.00029273,0.43874566356029154,1.8020797721557278e-22,1.8020797721557278e-22
Exp05_diag,Exp05dg-vxi_s1,OTM_K110,exp05_diag,,heston,,,3.4e-05,-0.00027504,,,-8.089411764705883,2.4481506383467542e-21,,,,8.90107125635091e-18,0.00027504,0.00027484,0.07271669575334982,2.4481506383467542e-21,2.4481506383467542e-21
Exp05_diag,Exp05dg-vxi_s1,OTM_K125,exp05_diag,,heston,,,2.9e-05,-0.00022384,,,-7.718620689655173,4.2810188732148443e-20,,,,1.9125352364255023e-16,0.00022384,0.00022486,0.455682630450327,4.2810188732148443e-20,4.2810188732148443e-20
Exp05_diag,Exp05dg-vxi_s2,ATM,exp05_diag,,heston,,,7e-05,-0.00058676,,,-8.382285714285715,4.2195168664235047e-22,,,,7.191214238229438e-19,0.00058676,0.00058468,0.35448905855887114,4.2195168664235047e-22,4.2195168664235047e-22
Exp05_diag,Exp05dg-vxi_s2,OTM_K110,exp05_diag,,heston,,,6.8e-05,-0.00054924,,,-8.077058823529411,5.4263191160029194e-21,,,,9.879686687063797e-18,0.00054924,0.00054909,0.027310465370322667,5.4263191160029194e-21,5.4263191160029194e-21
Exp05_diag,Exp05dg-vxi_s2,OTM_K125,exp05_diag,,heston,,,5.8e-05,-0.00044754,,,-7.716206896551724,8.728239462045477e-20,,,,1.9502702466920223e-16,0.00044754,0.00044941,0.4178397461679362,8.728239462045477e-20,8.728239462045477e-20
Exp05_diag,Exp05dg-vxi_s4,ATM,exp05_diag,,heston,,,0.000135,-0.00116712,,,-8.645333333333333,8.166906490590855e-23,,,,6.997486540022325e-20,0.00116712,0.00116635,0.06597436424703451,8.166906490590855e-23,8.166906490590855e-23
Exp05_diag,Exp05dg-vxi_s4,OTM_K110,exp05_diag,,heston,,,0.00013,-0.00109315,,,-8.408846153846154,6.231944596226687e-22,,,,5.700905270298392e-19,0.00109315,0.00109605,0.2652883867721778,6.231944596226687e-22,6.231944596226687e-22
Exp05_diag,Exp05dg-vxi_s4,OTM_K125,exp05_diag,,heston,,,0.000112,-0.00089208,,,-7.965,2.255239932984894e-20,,,,2.528069156336757e-17,0.00089208,0.00089775,0.6355932203389925,2.255239932984894e-20,2.255239932984894e-20
Exp05_diag,Exp05dg-vxi_s8,ATM,exp05_diag,,heston,,,0.000258,-0.00230942,,,-8.95124031007752,9.893098157719186e-24,,,,4.2838020618679956e-21,0.00230942,0.00231705,0.33038598435972677,9.893098157719186e-24,9.893098157719186e-24
Exp05_diag,Exp05dg-vxi_s8,OTM_K110,exp05_diag,,heston,,,0.000247,-0.00216542,,,-8.766882591093118,5.0484145802341295e-23,,,,2.3313789381432377e-20,0.00216542,0.00217927,0.6395987845314144,5.0484145802341295e-23,5.0484145802341295e-23
Exp05_diag,Exp05dg-vxi_s8,OTM_K125,exp05_diag,,heston,,,0.000211,-0.0017715,,,-8.395734597156398,1.1326885124633328e-21,,,,6.393951523925107e-19,0.0017715,0.00178868,0.9697996048546376,1.1326885124633328e-21,1.1326885124633328e-21
Exp05_diag,Exp05dg-vxi_s16,ATM,exp05_diag,,heston,,,0.0004,-0.00456242,,,-11.40605,1.3475810654368899e-34,,,,2.9536541253038736e-32,0.00456242,0.00450628,1.2304873290928997,1.3475810654368899e-34,1.3475810654368899e-34
Exp05_diag,Exp05dg-vxi_s16,OTM_K110,exp05_diag,,heston,,,0.000377,-0.00428864,,,-11.375702917771882,1.803957732636853e-34,,,,4.206363165564965e-32,0.00428864,0.00424608,0.9923891956424291,1.803957732636853e-34,1.803957732636853e-34
Exp05_diag,Exp05dg-vxi_s16,OTM_K125,exp05_diag,,heston,,,0.000318,-0.00352655,,,-11.089779874213837,3.9696061879659364e-33,,,,1.1256344551944355e-30,0.00352655,0.0035004,0.7415179141086914,3.9696061879659364e-33,3.9696061879659364e-33
Exp05_diag,Exp05dg-kappaxi_s1,ATM,exp05_diag,,heston,,,5.4e-05,-0.00011971,,,-2.216851851851852,5.030299595405935e-07,,,,0.00418528962093846,0.00012019,0.00012652,5.266661119893512,2.3029959540598104e-08,0.04797908237624651
Exp05_diag,Exp05dg-kappaxi_s1,OTM_K110,exp05_diag,,heston,,,5.4e-05,-0.00010566,,,-1.9566666666666668,1.0291019263125433e-06,,,,0.009645720557808074,0.00010669,0.00011375,6.6173024650857615,8.980736874518996e-10,0.0008719162014096153
Exp05_diag,Exp05dg-kappaxi_s1,OTM_K125,exp05_diag,,heston,,,4.8e-05,-7.953e-05,,,-1.656875,1.9487321905308815e-06,,,,0.023902026131864117,8.153e-05,8.824e-05,8.23009934993253,5.126780946911295e-08,0.025633904734556547
Exp05_diag,Exp05dg-kappaxi_s2,ATM,exp05_diag,,heston,,,0.000105,-0.00023799,,,-2.2665714285714285,8.476262915855125e-07,,,,0.0035493752003078285,0.00023881,0.00024883,4.195804195804209,2.7626291585503407e-08,0.03369059949451598
Exp05_diag,Exp05dg-kappaxi_s2,OTM_K110,exp05_diag,,heston,,,0.000105,-0.0002102,,,-2.0019047619047616,1.773968038642768e-06,,,,0.00837014267548725,0.00021194,0.00022339,5.402472397848435,3.396803864274735e-08,0.019521861288935027
Exp05_diag,Exp05dg-kappaxi_s2,OTM_K125,exp05_diag,,heston,,,9.3e-05,-0.00015851,,,-1.7044086021505376,3.3651549604576965e-06,,,,0.0207815411625869,0.00016193,0.00017297,6.817760760822589,5.484503954229452e-08,0.016036561269676803
Exp05_diag,Exp05dg-kappaxi_s4,ATM,exp05_diag,,heston,,,0.000205,-0.00046678,,,-2.276975609756098,1.6056186940199864e-06,,,,0.0034278793638343004,0.0004684,0.00049002,4.615713065755767,1.4381305979987973e-08,0.008877349370363087
Exp05_diag,Exp05dg-kappaxi_s4,OTM_K110,exp05_diag,,heston,,,0.000205,-0.00041213,,,-2.0103902439024393,3.385459152165892e-06,,,,0.008147327875642894,0.00041553,0.00044091,6.107862248213114,1.4540847834082315e-08,0.004276719951200714
Exp05_diag,Exp05dg-kappaxi_s4,OTM_K125,exp05_diag,,heston,,,0.000182,-0.00031111,,,-1.7093956043956045,6.505844941498579e-06,,,,0.020481818856247887,0.00031764,0.0003414,7.4801662259161406,2.4155058501401092e-08,0.0036990901227260593
Exp05_diag,Exp05dg-kappaxi_s8,ATM,exp05_diag,,heston,,,0.000386,-0.00093116,,,-2.4123316062176166,2.0234439195087404e-06,,,,0.0021683086182971746,0.00093319,0.00093796,0.5111499265958885,6.556080491238447e-09,0.003229596301102717
Exp05_diag,Exp05dg-kappaxi_s8,OTM_K110,exp05_diag,,heston,,,0.000382,-0.00082499,,,-2.159659685863874,4.184895142718167e-06,,,,0.005046845965097101,0.00082921,0.00084427,1.8161864907562553,3.5104857281924785e-08,0.008318686559697636
Exp05_diag,Exp05dg-kappaxi_s8,OTM_K125,exp05_diag,,heston,,,0.000336,-0.00062681,,,-1.8655059523809525,8.120985982349814e-06,,,,0.012789558534024937,0.00063497,0.00065471,3.1088082901554293,3.901401765018873e-08,0.004781129613993715
Exp05_diag,Exp05dg-kappaxi_s16,ATM,exp05_diag,,heston,,,0.000634,-0.00182766,,,-2.882744479495268,7.288090784464707e-07,,,,0.0003986070140650904,0.00182839,0.00177213,3.077024048479815,1.1909215535308216e-09,0.0016313993883983824
Exp05_diag,Exp05dg-kappaxi_s16,OTM_K110,exp05_diag,,heston,,,0.000621,-0.00162919,,,-2.6234943639291464,1.6866883825281308e-06,,,,0.00103421979699802,0.00163088,0.00158763,2.651942509565386,3.3116174718072353e-09,0.001959536965566483
Exp05_diag,Exp05dg-kappaxi_s16,OTM_K125,exp05_diag,,heston,,,0.000543,-0.00125193,,,-2.305580110497238,3.9119697709001066e-06,,,,0.003114997627821879,0.00125585,0.00122497,2.458892383644551,8.030229099815246e-09,0.0020485278315855626
Exp05_diag,Exp05dg-vrho_s1,ATM,exp05_diag,,heston,,,7.8e-05,-0.00044085,,,-5.651923076923077,2.0701392306128725e-13,,,,4.695790474340189e-10,0.00044085,0.00043462,1.413179085856875,2.0701392306128725e-13,2.0701392306128725e-13
Exp05_diag,Exp05dg-vrho_s1,OTM_K110,exp05_diag,,heston,,,7.6e-05,-0.00047017,,,-6.186447368421052,7.20806687726884e-15,,,,1.5330767333664077e-11,0.00047017,0.00046575,0.9400855009889963,7.20806687726884e-15,7.20806687726884e-15
Exp05_diag,Exp05dg-vrho_s1,OTM_K125,exp05_diag,,heston,,,6.6e-05,-0.00046061,,,-6.9789393939393936,2.7075223411952195e-17,,,,5.878123230488307e-14,0.00046061,0.00045825,0.512364038991775,2.7075223411952195e-17,2.7075223411952195e-17
Exp05_diag,Exp05dg-vrho_s2,ATM,exp05_diag,,heston,,,0.000159,-0.00088462,,,-5.563647798742139,7.126611082522758e-13,,,,8.056127017841286e-10,0.00088462,0.00087533,1.0501684339038198,7.126611082522758e-13,7.126611082522758e-13
Exp05_diag,Exp05dg-vrho_s2,OTM_K110,exp05_diag,,heston,,,0.000153,-0.00094286,,,-6.162483660130719,1.6947322179413036e-14,,,,1.7974378146716412e-11,0.00094286,0.00093693,0.6289374880682153,1.6947322179413036e-14,1.6947322179413036e-14
Exp05_diag,Exp05dg-vrho_s2,OTM_K125,exp05_diag,,heston,,,0.000134,-0.00092352,,,-6.891940298507463,1.0291414585814996e-16,,,,1.1143683499886299e-13,0.00092352,0.00092081,0.29344248094248515,1.0291414585814996e-16,1.0291414585814996e-16
Exp05_diag,Exp05dg-vrho_s4,ATM,exp05_diag,,heston,,,0.000294,-0.00177318,,,-6.031224489795918,7.546177237289922e-14,,,,4.255731080482479e-11,0.00177318,0.00173628,2.081007004365043,7.546177237289922e-14,7.546177237289922e-14
Exp05_diag,Exp05dg-vrho_s4,OTM_K110,exp05_diag,,heston,,,0.000284,-0.00188821,,,-6.6486267605633795,1.2120941467357085e-15,,,,6.419276175508595e-13,0.00188821,0.00185873,1.5612670200878087,1.2120941467357085e-15,1.2120941467357085e-15
Exp05_diag,Exp05dg-vrho_s4,OTM_K125,exp05_diag,,heston,,,0.000247,-0.00184929,,,-7.487004048582996,2.248246342273026e-18,,,,1.2157348724499813e-15,0.00184929,0.00182824,1.1382746892050433,2.248246342273026e-18,2.248246342273026e-18
Exp05_diag,Exp05dg-vrho_s8,ATM,exp05_diag,,heston,,,0.00054,-0.00350418,,,-6.489222222222222,6.873478923081396e-15,,,,1.961508519277376e-12,0.00350418,0.00340014,2.96902556375529,6.873478923081396e-15,6.873478923081396e-15
Exp05_diag,Exp05dg-vrho_s8,OTM_K110,exp05_diag,,heston,,,0.000521,-0.00373506,,,-7.169021113243763,5.294107460662836e-17,,,,1.4174089467539573e-14,0.00373506,0.00364579,2.390055313703132,5.294107460662836e-17,5.294107460662836e-17
Exp05_diag,Exp05dg-vrho_s8,OTM_K125,exp05_diag,,heston,,,0.000457,-0.00366608,,,-8.022056892778993,5.752793459638729e-20,,,,1.5691947419692776e-17,0.00366608,0.00359835,1.8474774145681438,5.752793459638729e-20,5.752793459638729e-20
Exp05_diag,Exp05dg-vrho_s16,ATM,exp05_diag,,heston,,,0.000909,-0.00675039,,,-7.4261716171617165,1.322673812419147e-17,,,,1.9594035491566367e-15,0.00675039,0.00661382,2.0231423665891923,1.322673812419147e-17,1.322673812419147e-17
Exp05_diag,Exp05dg-vrho_s16,OTM_K110,exp05_diag,,heston,,,0.000879,-0.00722432,,,-8.218794084186575,2.137721794108791e-20,,,,2.9590629901621063e-18,0.00722432,0.00711248,1.5481041814316088,2.137721794108791e-20,2.137721794108791e-20
Exp05_diag,Exp05dg-vrho_s16,OTM_K125,exp05_diag,,heston,,,0.000781,-0.00713342,,,-9.13370038412292,5.532130423218534e-24,,,,7.755228800797561e-22,0.00713342,0.00706098,1.0155016808206963,5.532130423218534e-24,5.532130423218534e-24
Exp05_diag,Exp05dg-all5_s1,ATM,exp05_diag,,heston,,,0.00014,-0.00101419,,,-7.244214285714287,8.112317076869903e-18,,,,7.998813907522162e-15,0.00101419,0.00101727,0.30369062996085106,8.112317076869903e-18,8.112317076869903e-18
Exp05_diag,Exp05dg-all5_s1,OTM_K110,exp05_diag,,heston,,,0.000135,-0.00103971,,,-7.701555555555554,2.282758439486591e-19,,,,2.1955722648494207e-16,0.00103971,0.0010464,0.643448653951606,2.282758439486591e-19,2.282758439486591e-19
Exp05_diag,Exp05dg-all5_s1,OTM_K125,exp05_diag,,heston,,,0.000116,-0.00096499,,,-8.318879310344828,1.2047853203860666e-21,,,,1.2484951350646811e-18,0.00096499,0.00097356,0.8880921045814061,1.2047853203860666e-21,1.2047853203860666e-21
Exp05_diag,Exp05dg-all5_s2,ATM,exp05_diag,,heston,,,0.000275,-0.00203352,,,-7.394618181818181,5.0966890885257466e-18,,,,2.5063383141182514e-15,0.00203352,0.0020318,0.08458239899289399,5.0966890885257466e-18,5.0966890885257466e-18
Exp05_diag,Exp05dg-all5_s2,OTM_K110,exp05_diag,,heston,,,0.000267,-0.0020845,,,-7.807116104868914,1.9402209293684993e-19,,,,9.307848066051807e-17,0.0020845,0.00208984,0.2561765411369654,1.9402209293684993e-19,1.9402209293684993e-19
Exp05_diag,Exp05dg-all5_s2,OTM_K125,exp05_diag,,heston,,,0.000232,-0.00193675,,,-8.348060344827587,1.876750265484338e-21,,,,9.690204029866208e-19,0.00193675,0.00194597,0.47605524719245285,1.876750265484338e-21,1.876750265484338e-21
Exp05_diag,Exp05dg-all5_s4,ATM,exp05_diag,,heston,,,0.000519,-0.00406479,,,-7.831965317919075,3.0866085023319426e-19,,,,7.593525132496248e-17,0.00406479,0.00398403,1.98681850722916,3.0866085023319426e-19,3.0866085023319426e-19
Exp05_diag,Exp05dg-all5_s4,OTM_K110,exp05_diag,,heston,,,0.000505,-0.00416872,,,-8.254891089108911,9.04635301769669e-21,,,,2.170055320985024e-18,0.00416872,0.00410371,1.5594714924485165,9.04635301769669e-21,9.04635301769669e-21
Exp05_diag,Exp05dg-all5_s4,OTM_K125,exp05_diag,,heston,,,0.000441,-0.00388181,,,-8.802290249433106,6.552953976220659e-23,,,,1.6881181655518067e-20,0.00388181,0.0038351,1.2033046439676287,6.552953976220659e-23,6.552953976220659e-23
Exp05_diag,Exp05dg-all5_s8,ATM,exp05_diag,,heston,,,0.000887,-0.00798966,,,-9.007508455467871,2.0274569413446065e-23,,,,2.537601026006872e-21,0.00798966,0.00779217,2.4718198271265646,2.0274569413446065e-23,2.0274569413446065e-23
Exp05_diag,Exp05dg-all5_s8,OTM_K110,exp05_diag,,heston,,,0.000853,-0.00821807,,,-9.634314185228604,4.967031257848039e-26,,,,6.044036200528883e-24,0.00821807,0.00804496,2.106455651996142,4.967031257848039e-26,4.967031257848039e-26
Exp05_diag,Exp05dg-all5_s8,OTM_K125,exp05_diag,,heston,,,0.000744,-0.00769846,,,-10.34739247311828,3.0368380376934796e-29,,,,3.944734450388103e-27,0.00769846,0.00756544,1.7278780431410956,3.0368380376934796e-29,3.0368380376934796e-29
Exp05_diag,Exp05dg-all5_s16,ATM,exp05_diag,,heston,,,0.001547,-0.01504841,,,-9.727478991596639,3.587816817604962e-26,,,,2.3841833240886992e-24,0.01504841,0.01501762,0.2046063338252968,3.587816817604962e-26,3.587816817604962e-26
Exp05_diag,Exp05dg-all5_s16,OTM_K110,exp05_diag,,heston,,,0.001468,-0.01559284,,,-10.62182561307902,3.204915443131491e-30,,,,2.055376341405088e-28,0.01559284,0.01557025,0.14487418584426814,3.204915443131491e-30,3.204915443131491e-30
Exp05_diag,Exp05dg-all5_s16,OTM_K125,exp05_diag,,heston,,,0.001273,-0.01479719,,,-11.623872741555381,3.364646009648408e-35,,,,2.2738411885286382e-33,0.01479719,0.01479414,0.020612021606802866,3.364646009648408e-35,3.364646009648408e-35
Exp06,Exp06-G1,ATM,exp06,G1,heston,,,2.8e-05,-9.425e-05,,,-3.366071428571429,5.534392130504197e-09,,,,5.8714111293276014e-05,9.426e-05,9.473e-05,0.49862083598557483,4.465607869490625e-09,0.44656078694929374
Exp06,Exp06-G1,OTM_K110,exp06,G1,heston,,,2.7e-05,-9.949e-05,,,-3.684814814814815,1.49083847401029e-09,,,,1.4984807257114181e-05,9.949e-05,0.00010043,0.9448185747311211,1.49083847401029e-09,1.49083847401029e-09
Exp06,Exp06-G1,OTM_K125,exp06,G1,heston,,,2.4e-05,-9.426e-05,,,-3.9274999999999998,4.718197195798316e-10,,,,5.005513681093057e-06,9.426e-05,9.533e-05,1.1351580734139555,4.718197195798316e-10,4.718197195798316e-10
Exp06,Exp06-G2,ATM,exp06,G2,heston,,,4.5e-05,-7.795e-05,,,-1.732222222222222,1.5209759862003075e-06,,,,0.019131773411324625,7.95e-05,7.693e-05,3.232704402515718,2.9024013799689553e-08,0.018725170193348135
Exp06,Exp06-G2,OTM_K110,exp06,G2,heston,,,4.5e-05,-0.00010181,,,-2.2624444444444443,3.6764068041943696e-07,,,,0.0035990277084624275,0.00010215,0.00010192,0.22515907978463146,2.7640680419436825e-08,0.08129611888069652
Exp06,Exp06-G2,OTM_K125,exp06,G2,heston,,,4.1e-05,-0.00012769,,,-3.114390243902439,2.0799981766755414e-08,,,,0.00016286885730761424,0.00012771,0.00012918,1.1510453370918494,7.999817667386653e-10,0.03999908833689977
Exp06,Exp06-G3,ATM,exp06,G3,heston,,,0.000141,-0.0011264,,,-7.9886524822695035,2.3377015408797123e-20,,,,2.0753742372866763e-17,0.0011264,0.00112935,0.2618963068181879,2.3377015408797123e-20,2.3377015408797123e-20
Exp06,Exp06-G3,OTM_K110,exp06,G3,heston,,,0.000134,-0.00115133,,,-8.592014925373135,1.2989015030090046e-22,,,,1.1281748091416054e-19,0.00115133,0.00115633,0.4342803540253293,1.2989015030090046e-22,1.2989015030090046e-22
Exp06,Exp06-G3,OTM_K125,exp06,G3,heston,,,0.000112,-0.00105321,,,-9.403660714285714,6.141815822503438e-26,,,,5.83152061080263e-23,0.00105321,0.00105889,0.5393036526428752,6.141815822503438e-26,6.141815822503438e-26
Exp06,Exp06-H1,ATM,exp06,H1,heston,,,1.1e-05,-3.761e-05,,,-3.4190909090909094,1.769837103386301e-09,,,,4.704511173275654e-05,3.762e-05,3.779e-05,0.4518872939925478,8.230162896615297e-09,0.8230162896613982
Exp06,Exp06-H1,OTM_K110,exp06,H1,heston,,,1.1e-05,-3.972e-05,,,-3.610909090909091,8.230467037562609e-10,,,,2.0721216106653094e-05,3.972e-05,4.006e-05,0.8559919436052388,8.230467037562609e-10,8.230467037562609e-10
Exp06,Exp06-H1,OTM_K125,exp06,H1,heston,,,1e-05,-3.764e-05,,,-3.764,3.9653955708172713e-10,,,,1.053505730822867e-05,3.764e-05,3.802e-05,1.0095642933049875,3.9653955708172713e-10,3.9653955708172713e-10
Exp06,Exp06-H2,ATM,exp06,H2,heston,,,0.000109,-0.00037523,,,-3.442477064220183,1.600289063442411e-08,,,,4.264594439553394e-05,0.00037525,0.00037465,0.15989340439706012,3.997109365565534e-09,0.1998554682783802
Exp06,Exp06-H2,OTM_K110,exp06,H2,heston,,,0.000108,-0.00039616,,,-3.6681481481481484,6.389076288965511e-09,,,,1.612751486511892e-05,0.00039616,0.00039727,0.2801898222940302,6.389076288965511e-09,6.389076288965511e-09
Exp06,Exp06-H2,OTM_K125,exp06,H2,heston,,,9.5e-05,-0.00037566,,,-3.954315789473684,1.6607276726475922e-09,,,,4.420826472468701e-06,0.00037566,0.00037748,0.4844806473939256,1.6607276726475922e-09,1.6607276726475922e-09
Exp06,Exp06-H3,ATM,exp06,H3,heston,,,3.3e-05,6.831e-05,,,2.07,4.63614278603676e-07,,,,0.006742499688826004,6.876e-05,6.447e-05,6.239092495636999,1.3614278603678616e-08,0.03025395245261932
Exp06,Exp06-H3,OTM_K110,exp06,H3,heston,,,3.1e-05,9.297e-05,,,2.999032258064516,2.3774690330019425e-08,,,,0.0002556418315055852,9.3e-05,8.683e-05,6.634408602150543,6.225309669978594e-09,0.2075103223326335
Exp06,Exp06-H3,OTM_K125,exp06,H3,heston,,,2.7e-05,0.00010878,,,4.028888888888889,3.393393850252296e-10,,,,3.1195016089835415e-06,0.00010878,0.00010203,6.205184776613349,3.393393850252296e-10,3.393393850252296e-10
Exp06,Exp06-H4,ATM,exp06,H4,heston,,,1.8e-05,-3.139e-05,,,-1.743888888888889,5.91127814497721e-07,,,,0.018449682100428248,3.204e-05,3.068e-05,4.2446941323345815,5.8872185502274426e-08,0.09057259308042283
Exp06,Exp06-H4,OTM_K110,exp06,H4,heston,,,1.8e-05,-4.092e-05,,,-2.2733333333333334,1.424822862584015e-07,,,,0.003469254596016594,4.107e-05,4.068e-05,0.9495982468955444,7.517713741595364e-09,0.05011809161063681
Exp06,Exp06-H4,OTM_K125,exp06,H4,heston,,,1.7e-05,-5.125e-05,,,-3.014705882352941,1.2334354046611055e-08,,,,0.0002406233719588579,5.126e-05,5.162e-05,0.702301989855636,2.334354046609457e-09,0.2334354046609084
Exp06,Exp06-H5,ATM,exp06,H5,heston,,,2.7e-05,-0.00022516,,,-8.33925925925926,2.3553428984577662e-22,,,,1.0460751902903563e-18,0.00022516,0.00022314,0.8971398116894624,2.3553428984577662e-22,2.3553428984577662e-22
Exp06,Exp06-H5,OTM_K110,exp06,H5,heston,,,2.6e-05,-0.00023023,,,-8.855,2.3981058398082836e-24,,,,1.041613099860263e-20,0.00023023,0.00022866,0.6819267688832897,2.3981058398082836e-24,2.3981058398082836e-24
Exp06,Exp06-H5,OTM_K125,exp06,H5,heston,,,2.2e-05,-0.0002105,,,-9.568181818181818,2.4497890611682802e-27,,,,1.1637952784647413e-23,0.0002105,0.00020939,0.5273159144893125,2.4497890611682802e-27,2.4497890611682802e-27
Exp09,Exp09-W1_luna,ATM,exp09,,heston,,,0.000483,0.00257622,,,5.333788819875777,8.18402785420362e-12,,,,3.1767581395236508e-09,0.00257622,0.00257373,0.09665323613666787,8.18402785420362e-12,8.18402785420362e-12
Exp09,Exp09-W1_luna,OTM_K110,exp09,,heston,,,0.00048,0.00262551,,,5.469812500000001,3.724947990860447e-12,,,,1.4187521627647379e-09,0.00262551,0.00262273,0.1058841901192542,3.724947990860447e-12,3.724947990860447e-12
Exp09,Exp09-W1_luna,OTM_K125,exp09,,heston,,,0.000471,0.00261221,,,5.546093418259023,2.340886887515971e-12,,,,8.96132733400443e-10,0.00261221,0.00260901,0.12250163654529134,2.340886887515971e-12,2.340886887515971e-12
Exp09,Exp09-W2_ftx,ATM,exp09,,heston,,,0.000206,0.002052,,,9.96116504854369,4.571912234155702e-28,,,,2.2280274045593087e-25,0.002052,0.00205295,0.04629629629628873,4.571912234155702e-28,4.571912234155702e-28
Exp09,Exp09-W2_ftx,OTM_K110,exp09,,heston,,,0.000201,0.00210456,,,10.47044776119403,2.2272431769917808e-30,,,,1.0582939792601688e-27,0.00210456,0.00210743,0.13637054776294288,2.2272431769917808e-30,2.2272431769917808e-30
Exp09,Exp09-W2_ftx,OTM_K125,exp09,,heston,,,0.000191,0.00204582,,,10.71109947643979,1.5830111092030258e-31,,,,7.737782938885268e-29,0.00204582,0.00204954,0.18183417896002751,1.5830111092030258e-31,1.5830111092030258e-31
Exp09,Exp09-W3_etf,ATM,exp09,,heston,,,0.000215,-0.00204558,,,-9.51432558139535,4.046334564374383e-26,,,,1.978086686599587e-23,0.00204558,0.00204875,0.1549682730570323,4.046334564374383e-26,4.046334564374383e-26
Exp09,Exp09-W3_etf,OTM_K110,exp09,,heston,,,0.000212,-0.00209862,,,-9.899150943396226,8.816158099113668e-28,,,,4.2009311352763575e-25,0.00209862,0.00210326,0.2210976737093917,8.816158099113668e-28,8.816158099113668e-28
Exp09,Exp09-W3_etf,OTM_K125,exp09,,heston,,,0.000201,-0.00202922,,,-10.095621890547264,1.1285207541560316e-28,,,,5.56135241204025e-26,0.00202922,0.00203438,0.25428489764540707,1.1285207541560316e-28,1.1285207541560316e-28
Exp09,Exp09-W4_stab,ATM,exp09,,heston,,,0.000356,-0.00276691,,,-7.772219101123596,3.4242449369255587e-19,,,,1.2375700463425116e-16,0.00276691,0.00288205,4.161320751307418,3.4242449369255587e-19,3.4242449369255587e-19
Exp09,Exp09-W4_stab,OTM_K110,exp09,,heston,,,0.000338,-0.00278259,,,-8.232514792899408,7.319363668651656e-21,,,,2.6304139915156943e-18,0.00278259,0.00289157,3.9164950639511975,7.319363668651656e-21,7.319363668651656e-21
Exp09,Exp09-W4_stab,OTM_K125,exp09,,heston,,,0.000284,-0.00243924,,,-8.58887323943662,2.8301961601536892e-22,,,,1.1602778571004448e-19,0.00243924,0.00252537,3.531017858021346,2.8301961601536892e-22,2.8301961601536892e-22
KouAB_stageA,KouA-A,ATM,kou_stageA,A,kou,,,4.1e-05,-0.00031318,,,-7.638536585365853,1.141930944821216e-19,,,,3.6462447947545057e-16,0.00031318,0.00030319,3.1898588671051775,1.141930944821216e-19,1.141930944821216e-19
KouAB_stageA,KouA-A,OTM_K110,kou_stageA,A,kou,,,4e-05,-0.00031756,,,-7.938999999999999,9.966534013193781e-21,,,,3.1384727337176536e-17,0.00031756,0.00031019,2.3208212621236846,9.966534013193781e-21,9.966534013193781e-21
KouAB_stageA,KouA-A,OTM_K125,kou_stageA,A,kou,,,3.7e-05,-0.00029957,,,-8.096486486486487,2.5116983801414133e-21,,,,8.384345495681855e-18,0.00029957,0.00029539,1.3953333110792165,2.5116983801414133e-21,2.5116983801414133e-21
KouAB_stageA,KouA-B,ATM,kou_stageA,B,kou,,,0.000217,-0.00161048,,,-7.421566820276499,3.2712049123655393e-18,,,,2.0311987186214914e-15,0.00161048,0.00153585,4.634022154885498,3.2712049123655393e-18,3.2712049123655393e-18
KouAB_stageA,KouA-B,OTM_K110,kou_stageA,B,kou,,,0.000212,-0.00163157,,,-7.696084905660377,3.744058383864103e-19,,,,2.294758045235021e-16,0.00163157,0.00157201,3.6504716316186236,3.744058383864103e-19,3.744058383864103e-19
KouAB_stageA,KouA-B,OTM_K125,kou_stageA,B,kou,,,0.000196,-0.00154007,,,-7.8575,9.481401197408066e-20,,,,6.156474184555291e-17,0.00154007,0.00149819,2.7193569123481365,9.481401197408066e-20,9.481401197408066e-20
KouAB_stageA,KouA-C,ATM,kou_stageA,C,kou,,,0.000401,-0.00330122,,,-8.232468827930175,8.687003419426691e-21,,,,2.6314524386216888e-18,0.00330122,0.00303714,7.999466863765525,8.687003419426691e-21,8.687003419426691e-21
KouAB_stageA,KouA-C,OTM_K110,kou_stageA,C,kou,,,0.000398,-0.00334138,,,-8.395427135678391,2.1422134346941167e-21,,,,6.411163754778315e-19,0.00334138,0.00311072,6.903135830106133,2.1422134346941167e-21,2.1422134346941167e-21
KouAB_stageA,KouA-C,OTM_K125,kou_stageA,C,kou,,,0.000372,-0.00315625,,,-8.48454301075269,9.248159214461961e-22,,,,2.930109850126562e-19,0.00315625,0.00296759,5.9773465346534715,9.248159214461961e-22,9.248159214461961e-22
KouAB_stageA,KouA-D,ATM,kou_stageA,D,kou,,,0.001313,-0.01042761,,,-7.941820258948972,3.1968926401587334e-19,,,,3.0657961317681935e-17,0.01042761,0.00911637,12.574693529965163,3.1968926401587334e-19,3.1968926401587334e-19
KouAB_stageA,KouA-D,OTM_K110,kou_stageA,D,kou,,,0.00136,-0.01056094,,,-7.765397058823528,1.3816549139947423e-18,,,,1.3082688794697654e-16,0.01056094,0.00933626,11.596316237001625,1.3816549139947423e-18,1.3816549139947423e-18
KouAB_stageA,KouA-D,OTM_K125,kou_stageA,D,kou,,,0.001327,-0.01002126,,,-7.551816126601357,7.2984986331509e-18,,,,7.283014943381271e-16,0.01002126,0.00895767,10.613336047562893,7.2984986331509e-18,7.2984986331509e-18
KouAB_stageB,KouB-A,ATM,kou_stageB,A,kou,,,5.7e-05,-0.00032967,,,-5.7836842105263155,6.825015453731665e-14,,,,2.070256757888696e-10,0.00032967,0.00031581,4.20420420420421,6.825015453731665e-14,6.825015453731665e-14
KouAB_stageB,KouB-A,OTM_K110,kou_stageB,A,kou,,,5.4e-05,-0.00033442,,,-6.192962962962963,4.909427128400961e-15,,,,1.4680423205552783e-11,0.00033442,0.00032108,3.988995873452539,4.909427128400961e-15,4.909427128400961e-15
KouAB_stageB,KouB-A,OTM_K125,kou_stageB,A,kou,,,5e-05,-0.0003157,,,-6.313999999999999,2.056742397266119e-15,,,,6.5148634693256855e-12,0.0003157,0.00030345,3.880266075388028,2.056742397266119e-15,2.056742397266119e-15
KouAB_stageB,KouB-B,ATM,kou_stageB,B,kou,,,0.000289,-0.0016532,,,-5.720415224913496,5.081693542383569e-13,,,,3.0738528565107484e-10,0.0016532,0.00159303,3.6396080329058833,5.081693542383569e-13,5.081693542383569e-13
KouAB_stageB,KouB-B,OTM_K110,kou_stageB,B,kou,,,0.000277,-0.00167748,,,-6.055884476534296,6.079072866482305e-14,,,,3.623931651335518e-11,0.00167748,0.0016195,3.4563750387486047,6.079072866482305e-14,6.079072866482305e-14
KouAB_stageB,KouB-B,OTM_K125,kou_stageB,B,kou,,,0.000254,-0.0015853,,,-6.241338582677166,1.6847778312229996e-14,,,,1.0627501616242979e-11,0.0015853,0.00153184,3.3722323850375324,1.6847778312229996e-14,1.6847778312229996e-14
KouAB_stageB,KouB-C,ATM,kou_stageB,C,kou,,,0.00054,-0.0033184,,,-6.145185185185185,6.688238408451895e-14,,,,2.0155009668671332e-11,0.0033184,0.00318857,3.912427675988428,6.688238408451895e-14,6.688238408451895e-14
KouAB_stageB,KouB-C,OTM_K110,kou_stageB,C,kou,,,0.000521,-0.00336719,,,-6.462936660268714,7.922405327307776e-15,,,,2.3528239651780198e-12,0.00336719,0.0032437,3.667449713262394,7.922405327307776e-15,7.922405327307776e-15
KouAB_stageB,KouB-C,OTM_K125,kou_stageB,C,kou,,,0.000482,-0.00318502,,,-6.60792531120332,2.7255014524317797e-15,,,,8.55725066854142e-13,0.00318502,0.00307333,3.506728372192336,2.7255014524317797e-15,2.7255014524317797e-15
KouAB_stageB,KouB-D,ATM,kou_stageB,D,kou,,,0.001524,-0.00991983,,,-6.509074803149606,1.6952849506299914e-14,,,,1.7089858905142442e-12,0.00991983,0.00977775,1.432282609681812,1.6952849506299914e-14,1.6952849506299914e-14
KouAB_stageB,KouB-D,OTM_K110,kou_stageB,D,kou,,,0.001483,-0.01008659,,,-6.801476736345246,2.169387067865645e-15,,,,2.150763605802997e-13,0.01008659,0.00995281,1.3263154346513595,2.169387067865645e-15,2.169387067865645e-15
KouAB_stageB,KouB-D,OTM_K125,kou_stageB,D,kou,,,0.001374,-0.00959326,,,-6.9819941775836964,5.513082705425479e-16,,,,5.746829237845612e-14,0.00959326,0.00947585,1.223880099152952,5.513082705425479e-16,5.513082705425479e-16
KouBTC,KouBTC-Luna_pre,ATM,kou_btc,,kou,,Luna_pre,0.000784,-0.00386043,,,-4.924017857142857,1.256444150632867e-10,,,,3.2546740923494714e-08,0.00386043,0.00406065,5.186468864867377,1.256444150632867e-10,1.256444150632867e-10
KouBTC,KouBTC-Luna_pre,OTM_K110,kou_btc,,kou,,Luna_pre,0.000782,-0.00398588,,,-5.097033248081841,4.9477047702094194e-11,,,,1.2413080098270444e-08,0.00398588,0.00418456,4.984595622547605,4.9477047702094194e-11,4.9477047702094194e-11
KouBTC,KouBTC-Luna_pre,OTM_K125,kou_btc,,kou,,Luna_pre,0.000777,-0.00411433,,,-5.295148005148005,1.6383075658680707e-11,,,,3.9819546946114445e-09,0.00411433,0.00430947,4.742935058685127,1.6383075658680707e-11,1.6383075658680707e-11
KouBTC,KouBTC-Luna_post,ATM,kou_btc,,kou,,Luna_post,0.002546,-0.01378255,,,-5.4134131971720345,2.7370216474054818e-11,,,,1.9858601255975723e-09,0.01378255,0.01329223,3.5575419642954187,2.7370216474054818e-11,2.7370216474054818e-11
KouBTC,KouBTC-Luna_post,OTM_K110,kou_btc,,kou,,Luna_post,0.002559,-0.01392602,,,-5.441977334896444,2.3332890174654397e-11,,,,1.6754887738675083e-09,0.01392602,0.01343248,3.5440132931017,2.3332890174654397e-11,2.3332890174654397e-11
KouBTC,KouBTC-Luna_post,OTM_K125,kou_btc,,kou,,Luna_post,0.002573,-0.01408726,,,-5.475033035367275,1.9370953906900055e-11,,,,1.3750689564116835e-09,0.01408726,0.01358981,3.531204790711606,1.9370953906900055e-11,1.9370953906900055e-11
KouBTC,KouBTC-FTX_pre,ATM,kou_btc,,kou,,FTX_pre,0.000395,-0.00293601,,,-7.43293670886076,5.456385601465867e-18,,,,1.8584356325304976e-15,0.00293601,0.00295606,0.6828995814046834,5.456385601465867e-18,5.456385601465867e-18
KouBTC,KouBTC-FTX_pre,OTM_K110,kou_btc,,kou,,FTX_pre,0.000397,-0.0030436,,,-7.6664987405541565,8.865185723132703e-19,,,,2.91273022839161e-16,0.0030436,0.0030655,0.7195426468655564,8.865185723132703e-19,8.865185723132703e-19
KouBTC,KouBTC-FTX_pre,OTM_K125,kou_btc,,kou,,FTX_pre,0.000391,-0.00310397,,,-7.9385421994884915,9.77883778111935e-20,,,,3.150429218426515e-17,0.00310397,0.00312789,0.770626004761632,9.77883778111935e-20,9.77883778111935e-20
KouBTC,KouBTC-FTX_post,ATM,kou_btc,,kou,,FTX_post,0.000779,-0.00451417,,,-5.794826700898588,8.713743476631635e-13,,,,1.9303091103417985e-10,0.00451417,0.00445297,1.3557309538630546,8.713743476631635e-13,8.713743476631635e-13
KouBTC,KouBTC-FTX_post,OTM_K110,kou_btc,,kou,,FTX_post,0.000778,-0.00466089,,,-5.9908611825192795,2.57722842205377e-13,,,,5.529477035617167e-11,0.00466089,0.0045948,1.4179695294246453,2.57722842205377e-13,2.57722842205377e-13
KouBTC,KouBTC-FTX_post,OTM_K125,kou_btc,,kou,,FTX_post,0.000772,-0.00480799,,,-6.227966321243523,5.5882265653132306e-14,,,,1.1622791572597345e-11,0.00480799,0.00473621,1.4929315576779345,5.5882265653132306e-14,5.5882265653132306e-14
KouBTC,KouBTC-ETF_pre,ATM,kou_btc,,kou,,ETF_pre,0.000329,-0.00319532,,,-9.712218844984804,8.877208895233599e-27,,,,2.7781908839282445e-24,0.00319532,0.00325369,1.8267340986192204,8.877208895233599e-27,8.877208895233599e-27
KouBTC,KouBTC-ETF_pre,OTM_K110,kou_btc,,kou,,ETF_pre,0.00033,-0.00330538,,,-10.01630303030303,4.1772789082104215e-28,,,,1.2637817461866476e-25,0.00330538,0.00336385,1.7689342828963506,4.1772789082104215e-28,4.1772789082104215e-28
KouBTC,KouBTC-ETF_pre,OTM_K125,kou_btc,,kou,,ETF_pre,0.000325,-0.00335836,,,-10.333415384615385,1.5368914553159544e-29,,,,4.576315389999746e-27,0.00335836,0.00341573,1.7082742767303039,1.5368914553159544e-29,1.5368914553159544e-29
KouBTC,KouBTC-ETF_post,ATM,kou_btc,,kou,,ETF_post,0.000615,-0.00379939,,,-6.177869918699187,6.166435139967031e-14,,,,1.6230066247389792e-11,0.00379939,0.00374187,1.5139272356878397,6.166435139967031e-14,6.166435139967031e-14
KouBTC,KouBTC-ETF_post,OTM_K110,kou_btc,,kou,,ETF_post,0.000615,-0.00394187,,,-6.409544715447155,1.3393445947741412e-14,,,,3.397739130854496e-12,0.00394187,0.00388547,1.4307929992617763,1.3393445947741412e-14,1.3393445947741412e-14
KouBTC,KouBTC-ETF_post,OTM_K125,kou_btc,,kou,,ETF_post,0.000612,-0.00408277,,,-6.671192810457517,2.2332139545773847e-15,,,,5.46985001500791e-13,0.00408277,0.00402764,1.3503087364705957,2.2332139545773847e-15,2.2332139545773847e-15
