protocol_pair,pair,payoff,rho,sigma_1,sigma_2,sigma_delta,mu,s
AA,A,ATM,0.9992658060136826,0.001222169502260734,0.0012365500550748918,4.925379700704876e-05,-0.0003645782669385311,-7.402033733284684
AB1,A,ATM,-0.07060061304530496,0.001222169502260734,0.0014982476334339046,0.001999249759923002,-0.00044904698928199815,-0.22460774950864193
AB2,A,ATM,-0.18427350276857768,0.001222169502260734,0.002632838746474453,0.0031002321814875204,-0.012801909943421702,-4.129339092686673
AB3,A,ATM,0.14794198788798912,0.001222169502260734,0.0017394643520072413,0.0019724119192370717,-0.0010630736748377667,-0.5389714311039873
B1B1,A,ATM,0.999739592127581,0.001490340048524942,0.0014982476334339046,3.50065503705843e-05,-0.00032278994719189824,-9.220844207006921
B2B2,A,ATM,0.9998883794056156,0.0026024621510686574,0.002632838746474453,4.9521264439837184e-05,-0.000493634243806218,-9.968126811582701
AA,A,DIGITAL,0.9996687306522409,0.0016371061036264689,0.001630894220963341,4.251506334842722e-05,-0.00013247330983479078,-3.1159146759143055
AB1,A,DIGITAL,-0.02004334721891423,0.0016371061036264689,0.0017330881105633107,0.0024077887640284704,0.00050583382447561,0.2100823095582935
AB2,A,DIGITAL,0.1739793984269693,0.0016371061036264689,0.0008955091460249157,0.001723928738852968,-0.0035100360711415313,-2.0360679603711267
AB3,A,DIGITAL,0.0550393647269919,0.0016371061036264689,0.0023426102153454704,0.0027831234103271032,0.00026166836420693507,0.09401967704198246
B1B1,A,DIGITAL,0.9998614258164865,0.0017379784245336977,0.0017330881105633107,2.9303675224133236e-05,-8.360644181570898e-05,-2.8531043009531563
B2B2,A,DIGITAL,0.9993282784223599,0.0009028363700210267,0.0008955091460249157,3.376180712327677e-05,-0.00011808375517524672,-3.497554344294413
AA,A,OTM_K110,0.9992353087467513,0.0011548055398723314,0.001170250683643036,4.80143551026829e-05,-0.00037060528993605735,-7.718635169492239
AB1,A,OTM_K110,-0.13559013986835464,0.0011548055398723314,0.0014303188609604727,0.0019563504883725563,-0.0005883663892745916,-0.30074692278889165
AB2,A,OTM_K110,-0.2139506323177936,0.0011548055398723314,0.0026774696293181445,0.0031345608398906048,-0.012426950534184772,-3.964494922554596
AB3,A,OTM_K110,0.1793460873143087,0.0011548055398723314,0.0016868062589382002,0.0018655248028598445,-0.0011824170748392648,-0.6338254377677652
B1B1,A,OTM_K110,0.9997221167920941,0.0014222291947915753,0.0014303188609604727,3.458331480125023e-05,-0.00033330048123995926,-9.637609441299421
B2B2,A,OTM_K110,0.9998961970601999,0.0026474808585949137,0.0026774696293181445,4.869241155309205e-05,-0.0005003869533538874,-10.276487390818334
AA,A,OTM_K125,0.9992531928492588,0.0009745908628475857,0.0009897889525574636,4.0887417859798605e-05,-0.00033507508536179814,-8.195065937173089
AB1,A,OTM_K125,-0.20283341979565106,0.0009745908628475857,0.0012262809011994108,0.0017141801622967117,-0.0006256134559710844,-0.36496365418957366
AB2,A,OTM_K125,-0.22130543757762572,0.0009745908628475857,0.0027033360683998667,0.0030698495891390023,-0.011954139048854506,-3.894047151739207
AB3,A,OTM_K125,0.19579699694907218,0.0009745908628475857,0.0014563959417891936,0.0015859041019800231,-0.0011983634283145236,-0.7556342321193005
B1B1,A,OTM_K125,0.9997306828682019,0.0012177491865351564,0.0012262809011994108,2.961644957073576e-05,-0.000304899985591571,-10.294953987085778
B2B2,A,OTM_K125,0.9999237457021054,0.0026727424050393103,0.0027033360683998667,4.5143059148494314e-05,-0.00046740025281906405,-10.353756737698925
AA,B,ATM,0.9834024180889218,0.001222169502260734,0.0013017835561431501,0.00024321165382544034,-0.0018497357765833722,-7.605457006229554
AB1,B,ATM,-0.07110084867609506,0.001222169502260734,0.00153713670786794,0.0020306731829375624,-0.0017652581135431944,-0.869297003759896
AB2,B,ATM,-0.1901324700850783,0.001222169502260734,0.0027637350069173714,0.003227440221821874,-0.014800351361433678,-4.585786364488868
AB3,B,ATM,0.15334918577587855,0.001222169502260734,0.0017700556895941953,0.001990806964744498,-0.0023720686634381705,-1.1915111336485624
B1B1,B,ATM,0.9936979097157888,0.001490340048524942,0.00153713670786794,0.00017625065955782744,-0.0016390010714530945,-9.29926205986958
B2B2,B,ATM,0.9971748385065383,0.0026024621510686574,0.0027637350069173714,0.0002581646201859777,-0.002492075661818194,-9.653048740849703
AA,B,DIGITAL,0.99160238200059,0.0016371061036264689,0.0016068325167257278,0.00021236121934545371,-0.0006650825341542599,-3.131845523416176
AB1,B,DIGITAL,-0.018544993792540043,0.0016371061036264689,0.001716808434438168,0.0023941162511347384,0.00016236404577890662,0.067817945641508
AB2,B,DIGITAL,0.16939258262600967,0.0016371061036264689,0.0008883004538227496,0.0017252589493716524,-0.003978859384854649,-2.3062389482481858
AB3,B,DIGITAL,0.06564946854967374,0.0016371061036264689,0.002326510654939967,0.0027554825492153183,-0.00014132559299467884,-0.051288872446288686
B1B1,B,DIGITAL,0.9963907589303508,0.0017379784245336977,0.001716808434438168,0.0001482784622763817,-0.00042707622051241234,-2.880230978632414
B2B2,B,DIGITAL,0.9828915241205045,0.0009028363700210267,0.0008883004538227496,0.00016629174524619434,-0.0005869070688883649,-3.5293818584888323
AA,B,OTM_K110,0.9829296327843201,0.0011548055398723314,0.001239688209243515,0.000236814067157642,-0.001879427582025528,-7.936300425829153
AB1,B,OTM_K110,-0.13430101736287156,0.0011548055398723314,0.001470587571046599,0.001988053086994262,-0.0019456843535105295,-0.9786883289179215
AB2,B,OTM_K110,-0.21855328942240618,0.0011548055398723314,0.00280555972898812,0.003258974118646896,-0.014451597630977628,-4.434400858935889
AB3,B,OTM_K110,0.1831485536977408,0.0011548055398723314,0.0017167783001010345,0.0018853920107634729,-0.002522406975428257,-1.3378687090154957
B1B1,B,OTM_K110,0.9933646287829997,0.0014222291947915753,0.001470587571046599,0.00017347754108643123,-0.0016906184454758971,-9.74546004565274
B2B2,B,OTM_K110,0.997331004546453,0.0026474808585949137,0.00280555972898812,0.00025423953493963536,-0.0025250340501467433,-9.931712826434596
AA,B,OTM_K125,0.9835199599757558,0.0009745908628475857,0.0010567800250658676,0.0002017463081881667,-0.0017012638350327805,-8.432688807599042
AB1,B,OTM_K125,-0.20265069176544878,0.0009745908628475857,0.0012675074371871126,0.001748448376498996,-0.0018679615110158906,-1.06835382509617
AB2,B,OTM_K125,-0.22504591333526772,0.0009745908628475857,0.0028312992686368786,0.0031950035305089108,-0.013848280534148216,-4.334355315076104
AB3,B,OTM_K125,0.1992948356785871,0.0009745908628475857,0.0014846980246956867,0.0016054304813812187,-0.002418767660856247,-1.5066162558314455
B1B1,B,OTM_K125,0.993654612778707,0.0012177491865351564,0.0012675074371871126,0.00014854013570569946,-0.0015472480406363773,-10.41636345143725
B2B2,B,OTM_K125,0.9980020985312493,0.0026727424050393103,0.0028312992686368786,0.00023532499418534413,-0.002361541738112774,-10.035235510312186
AA,C,ATM,0.9357239925733281,0.001222169502260734,0.0013667003297156053,0.0004854015485929327,-0.0037382428844769944,-7.701341075885109
AB1,C,ATM,-0.0988624240184019,0.001222169502260734,0.0015791109838224216,0.002090188302235885,-0.0034341474374135483,-1.6429847175682801
AB2,C,ATM,-0.19798611523867146,0.001222169502260734,0.00288931306574528,0.003352625452819281,-0.017331504325071995,-5.1695319292221065
AB3,C,ATM,0.15969240637159676,0.001222169502260734,0.0018148406471375095,0.0020196375054830243,-0.0040592645605405375,-2.009897592771089
B1B1,C,ATM,0.9752225154464216,0.001490340048524942,0.0015791109838224216,0.00035285061254217094,-0.0033078903953234484,-9.37476166327501
B2B2,C,ATM,0.988772916608984,0.0026024621510686574,0.00288931306574528,0.0005011224300713918,-0.005023228625456511,-10.023954874142996
AA,C,DIGITAL,0.9678429783365563,0.0016371061036264689,0.001559942452589424,0.0004125516622543683,-0.0013342797756195068,-3.23421257916742
AB1,C,DIGITAL,-0.034835360893087905,0.0016371061036264689,0.0016871153642181523,0.0023914230627038523,-0.0002644320329030503,-0.11057517886612306
AB2,C,DIGITAL,0.1785881301446677,0.0016371061036264689,0.0009075867135923569,0.0017242772180628726,-0.004534975687662757,-2.630073424479588
AB3,C,DIGITAL,0.07989314178496722,0.0016371061036264689,0.002320323583187786,0.002730760188626941,-0.000670463840166724,-0.24552278261528387
B1B1,C,DIGITAL,0.9837816536051952,0.0017379784245336977,0.0016871153642181523,0.0003125651159889077,-0.0008538722991943692,-2.731822124464687
B2B2,C,DIGITAL,0.9294141456089476,0.0009028363700210267,0.0009075867135923569,0.00034014553912265665,-0.0011430233716964722,-3.3603950081035676
AA,C,OTM_K110,0.9342392255898403,0.0011548055398723314,0.0013104844759301586,0.0004725195122892821,-0.0037949427962303134,-8.03129330648044
AB1,C,OTM_K110,-0.1604051565843527,0.0011548055398723314,0.0015155008465177686,0.0020473816435482416,-0.0036641356845696776,-1.7896691103567282
AB2,C,OTM_K110,-0.2250255685501989,0.0011548055398723314,0.0029289816898997443,0.0033815328577128318,-0.017015819499890006,-5.0319840781908
AB3,C,OTM_K110,0.1864440618316567,0.0011548055398723314,0.0017597056709808942,0.0019163473767811446,-0.004245395958423617,-2.21535824342794
B1B1,C,OTM_K110,0.9746238837165825,0.0014222291947915753,0.0015155008465177686,0.00034364288536340435,-0.0034090697765350453,-9.92038514904778
B2B2,C,OTM_K110,0.9893623674165924,0.0026474808585949137,0.0029289816898997443,0.000494186323867428,-0.005089255919059121,-10.298253256446614
AA,C,OTM_K125,0.936823114914552,0.0009745908628475857,0.0011284207560693898,0.0004032629571773978,-0.00343939736485481,-8.52891966306193
AB1,C,OTM_K125,-0.22623454381701366,0.0009745908628475857,0.0013161484639444365,0.0018062278548044608,-0.003444612398743635,-1.9070752283999866
AB2,C,OTM_K125,-0.23124481837979216,0.0009745908628475857,0.0029578136289651496,0.0033213985500428274,-0.016256321594119078,-4.8944206331123565
AB3,C,OTM_K125,0.20059011608480243,0.0009745908628475857,0.0015245048182870385,0.0016364233415220083,-0.003988943124810851,-2.4375985257585033
B1B1,C,OTM_K125,0.9763893775757904,0.0012177491865351564,0.0013161484639444365,0.0002921741524887718,-0.0031238989283641216,-10.691907212716815
B2B2,C,OTM_K125,0.9919265546837617,0.0026727424050393103,0.0029578136289651496,0.0004570715757635787,-0.004769582798083635,-10.4350894936217
AA,D,ATM,0.6303599790924413,0.001222169502260734,0.001444932502004494,0.001164111998631364,-0.011047089099884055,-9.48971328606871
AB1,D,ATM,-0.17637065758979087,0.001222169502260734,0.0018132471979574619,0.002358658963919343,-0.01037539541721344,-4.398853575666075
AB2,D,ATM,-0.17157842320589353,0.001222169502260734,0.0036350996284303214,0.004028919611332594,-0.027869203686714195,-6.917289590073568
AB3,D,ATM,0.039063551075461105,0.001222169502260734,0.001999511856416078,0.002302351720151175,-0.010868292053540562,-4.720517703014958
B1B1,D,ATM,0.8161634042008495,0.001490340048524942,0.0018132471979574619,0.0010477845600677226,-0.01024913837512334,-9.781723042817978
B2B2,D,ATM,0.9603427833603487,0.0026024621510686574,0.0036350996284303214,0.001347839490044318,-0.01556092798709871,-11.545089828601961
AA,D,DIGITAL,0.7656586669378215,0.0016371061036264689,0.0014099562543531884,0.001064628045837129,-0.0036203453938166152,-3.400573005729806
AB1,D,DIGITAL,-0.07371882952355335,0.0016371061036264689,0.0016798576398218,0.0024305363928026676,-0.002032669385274244,-0.8363048548844642
AB2,D,DIGITAL,0.2628861529674762,0.0016371061036264689,0.0010091681476811995,0.0016822307380132296,-0.006443923711776711,-3.830582550992499
AB3,D,DIGITAL,0.08772451947602641,0.0016371061036264689,0.0022980888021803558,0.0027020828068802702,-0.002647472421328234,-0.979789521841084
B1B1,D,DIGITAL,0.8283464544801552,0.0017379784245336977,0.0016798576398218,0.0010028371841281141,-0.002622109651565563,-2.6146912909350037
B2B2,D,DIGITAL,0.7018803248666577,0.0009028363700210267,0.0010091681476811995,0.0007446799928401449,-0.0030519713958104266,-4.098366311911339
AA,D,OTM_K110,0.6385413624026444,0.0011548055398723314,0.0013952562490681826,0.0011057200130559985,-0.011219950765371314,-10.147189734190952
AB1,D,OTM_K110,-0.23546409878244998,0.0011548055398723314,0.001742550058366714,0.0023060156971314565,-0.010773983349402744,-4.672120559632324
AB2,D,OTM_K110,-0.2044996999836353,0.0011548055398723314,0.0036689897838763376,0.00406546183669258,-0.02768676107128462,-6.810237602379988
AB3,D,OTM_K110,0.03959682875228562,0.0011548055398723314,0.0019490845983549108,0.0022258159038528735,-0.011184504379828764,-5.024900918565842
B1B1,D,OTM_K110,0.8224438814167677,0.0014222291947915753,0.001742550058366714,0.000991303227930848,-0.010518917441368111,-10.611200634667858
B2B2,D,OTM_K110,0.9615981780939103,0.0026474808585949137,0.0036689897838763376,0.0013377289860180008,-0.015760197490453737,-11.781308213532022
AA,D,OTM_K125,0.6607952175515419,0.0009745908628475857,0.0012341713477465655,0.0009398836493108145,-0.010237536951899523,-10.892344982707561
AB1,D,OTM_K125,-0.2886934702236222,0.0009745908628475857,0.0015247131810611086,0.0020328694479661747,-0.009996029610435164,-4.9172019484261
AB2,D,OTM_K125,-0.2183076636928229,0.0009745908628475857,0.003696773084358761,0.004023557419476088,-0.026374351854125663,-6.554983340478809
AB3,D,OTM_K125,0.039796627998744345,0.0009745908628475857,0.0017043750145946052,0.0019293811714144312,-0.0103582768390576,-5.368704221086566
B1B1,D,OTM_K125,0.8394139416680685,0.0012177491865351564,0.0015247131810611086,0.0008309951984334682,-0.009675316140055651,-11.64304698546376
B2B2,D,OTM_K125,0.9693450269894862,0.0026727424050393103,0.003696773084358761,0.0012862399130687,-0.014887613058090221,-11.57452268960577
AA,E,ATM,0.6645761654515044,0.001222169502260734,0.0012812507191002943,0.0010266326903350855,-0.031767845153808594,-30.94373036518036
AB1,E,ATM,0.05376091236695793,0.001222169502260734,0.0015101968539437437,0.0018910150765886966,-0.032192186514536564,-17.023759838345537
AB2,E,ATM,-0.061871832553196754,0.001222169502260734,0.007472546229261011,0.007646094522792284,-0.0718205784757932,-9.393106279513399
AB3,E,ATM,0.15175828522873275,0.001222169502260734,0.0022195155492048544,0.0023657178967568405,-0.03132674296696983,-13.241960510133358
B1B1,E,ATM,0.3531419213671307,0.001490340048524942,0.0015101968539437437,0.0017065081638199687,-0.032065929472446464,-18.790375664343625
B2B2,E,ATM,0.9058737874023478,0.0026024621510686574,0.007472546229261011,0.0052324628396302995,-0.05951230277617772,-11.37366945550684
AA,E,DIGITAL,0.6599671663379675,0.0016371061036264689,0.0012548709510185932,0.001242256536858936,-0.005620999137560534,-4.524829590974271
AB1,E,DIGITAL,-0.04126118956313054,0.0016371061036264689,0.0015748438217793178,0.0023179748781643286,-0.004963179429372133,-2.141170500218112
AB2,E,DIGITAL,0.35309460716132846,0.0016371061036264689,0.0011206916548641868,0.0016249391001377782,-0.00874697069327035,-5.382952931915231
AB3,E,DIGITAL,0.31455563709346995,0.0016371061036264689,0.0018688023892105884,0.002061023591389216,-0.004932239651679993,-2.393101986938178
B1B1,E,DIGITAL,0.6311202125982294,0.0017379784245336977,0.0015748438217793178,0.0014303474218943365,-0.005552619695663452,-3.882007693144665
B2B2,E,DIGITAL,0.6344147670797694,0.0009028363700210267,0.0011206916548641868,0.000887276771554506,-0.005355018377304066,-6.035341563063903
AA,E,OTM_K110,0.6856610408354779,0.0011548055398723314,0.0012575699475926175,0.0009610188550034539,-0.032622922708590824,-33.94618382224517
AB1,E,OTM_K110,0.0313539925167988,0.0011548055398723314,0.0014256108472030047,0.0018062961439452372,-0.03318330869078637,-18.37091265572253
AB2,E,OTM_K110,-0.09563350016567947,0.0011548055398723314,0.007495851580615,0.007692660261787467,-0.07227808212240536,-9.395720032176595
AB3,E,OTM_K110,0.10702177927407727,0.0011548055398723314,0.002242628327236039,0.002410109483668814,-0.032271636277437205,-13.390112148893492
B1B1,E,OTM_K110,0.3465847479796723,0.0014222291947915753,0.0014256108472030047,0.0016277805656450674,-0.032928242782751735,-20.22891996483735
B2B2,E,OTM_K110,0.9044167408480766,0.0026474808585949137,0.007495851580615,0.005224980558620473,-0.06035151854157447,-11.550572842228679
AA,E,OTM_K125,0.6933618346566552,0.0009745908628475857,0.0011513039151671307,0.0008481476162921026,-0.030597198133667305,-36.07532173164726
AB1,E,OTM_K125,0.020437814872219413,0.0009745908628475857,0.0012630343726869311,0.0015794833512745305,-0.031206691885987917,-19.75753138569415
AB2,E,OTM_K125,-0.10950162028089379,0.0009745908628475857,0.007525802514110296,0.007693752482476271,-0.06988824891547361,-9.083766221314642
AB3,E,OTM_K125,0.0585863233340489,0.0009745908628475857,0.0020870775888436207,0.0022510854206077985,-0.030375442033012706,-13.493686980928189
B1B1,E,OTM_K125,0.3100626084868288,0.0012177491865351564,0.0012630343726869311,0.001457525192664275,-0.030885978415608403,-21.190699530311754
B2B2,E,OTM_K125,0.9101985090744108,0.0026727424050393103,0.007525802514110296,0.005211988321192359,-0.05840151011943817,-11.205226589240997
